date,categorie,attribution,titre,lieu,note,pays_vises,coordonnees,source
1900-07-13,arme,reconnu,Prise de Tianjin,"Tianjin, Chine",Marines et 9e régiment d'infanterie participent à l'assaut de la ville chinoise de Tianjin avec l'alliance des huit nations. La ville est ensuite pillée.,Chine,"39.13,117.2",https://en.wikipedia.org/w/index.php?search=Battle%20of%20Tientsin
1900-08-14,arme,reconnu,Prise de Pékin et pillages,"Pékin, Chine",Environ 2 500 soldats américains participent à la prise de Pékin contre les Boxers. Les troupes alliées pillent la ville dans les semaines qui suivent.,Chine,"39.9,116.4",https://fr.wikipedia.org/w/index.php?search=R%C3%A9volte%20des%20Boxers
1900-12,arme,reconnu,Proclamation de MacArthur et ordre général 100,"Manille, Philippines","Le général Arthur MacArthur annonce l'application stricte de l'ordre général n° 100 : les civils qui aident la guérilla perdent toute protection. Déportations, destructions de biens et exécutions deviennent possibles.",Philippines,"14.6,120.98",https://en.wikipedia.org/w/index.php?search=Philippine%E2%80%93American%20War%20General%20Order%20100%20MacArthur%20proclamation%201900
1901,crime,documenté,Reconcentration de la population de Marinduque,"Marinduque, Philippines","Pour briser la guérilla de l'île, l'armée regroupe la population dans des zones contrôlées et détruit villages et récoltes. Les historiens militaires y voient le premier usage de la reconcentration aux Philippines.",Philippines,"13.4,121.97",https://en.wikipedia.org/w/index.php?search=Marinduque%20campaign%20Philippine%E2%80%93American%20War
1901-01,mort,reconnu,Mabini et des opposants déportés à Guam,"Manille, Philippines","L'armée américaine déporte à Guam Apolinario Mabini, Artemio Ricarte et des dizaines d'opposants qui refusent de prêter allégeance aux États-Unis. Mabini n'est libéré qu'en 1903.",Philippines; Guam,"14.6,120.98; 13.44,144.79",https://fr.wikipedia.org/w/index.php?search=Apolinario%20Mabini
1901-03-02,coup,reconnu,Amendement Platt,"La Havane, Cuba","Washington impose dans la Constitution cubaine un droit d'intervention américain et la cession de bases navales, condition du retrait des troupes.",Cuba,"23.11,-82.37",https://fr.wikipedia.org/w/index.php?search=Amendement%20Platt
1901-03-23,arme,reconnu,Capture d'Aguinaldo par une ruse,"Palanan, Philippines","Le général Frederick Funston capture le président Emilio Aguinaldo en se faisant passer, avec des éclaireurs macabebes, pour une colonne escortant des prisonniers américains.",Philippines,"17.06,122.43",https://en.wikipedia.org/w/index.php?search=Capture%20of%20Emilio%20Aguinaldo
1901-09-07,sabot,reconnu,Protocole de paix Boxer,"Pékin, Chine","Les États-Unis cosignent le protocole qui impose à la Chine une lourde indemnité et le stationnement de troupes étrangères, dont le 15e régiment d'infanterie à Tianjin à partir de 1912.",Chine,"39.9,116.4",https://fr.wikipedia.org/w/index.php?search=Protocole%20de%20paix%20Boxer
1901-10,crime,reconnu,Représailles de Samar après Balangiga,"Samar, Philippines","Après l'attaque de Balangiga, le général Jacob Smith ordonne de faire de Samar un « désert hurlant » et de tuer toute personne de plus de dix ans. Il est traduit en cour martiale en 1902 et mis à la retraite.",Philippines,"11.8,125.1",https://en.wikipedia.org/w/index.php?search=Balangiga%20massacre
1901-11,info,reconnu,Loi sur la sédition aux Philippines,"Manille, Philippines","La Commission philippine, nommée par Washington, adopte la loi n° 292 : prôner l'indépendance, même pacifiquement, devient passible de lourdes peines de prison.",Philippines,"14.6,120.98",https://en.wikipedia.org/w/index.php?search=Sedition%20Act%201901%20Philippines
1901-12,crime,reconnu,Camps de reconcentration de Batangas,"Batangas, Philippines","Le général J. Franklin Bell regroupe la population civile dans des zones fermées et détruit récoltes et bétail au-dehors. Des milliers de civils meurent de faim et de maladies, dans des proportions débattues.",Philippines,"13.76,121.06",https://en.wikipedia.org/w/index.php?search=Batangas%20campaign
1902,crime,reconnu,Torture à la « cure d'eau » aux Philippines,Philippines,"La commission Lodge du Sénat entend des soldats qui décrivent la « cure d'eau », une torture par ingestion forcée d'eau. Le major Edwin Glenn est condamné à une peine légère.",Philippines,"14.6,120.98",https://en.wikipedia.org/w/index.php?search=Water%20cure%20%28torture%29
1902-01,crime,reconnu,Exécution de guides philippins par Waller,"Basey, Samar, Philippines","Le major des Marines Littleton Waller fait fusiller onze porteurs philippins après une marche désastreuse à travers Samar. Jugé en cour martiale, il est acquitté.",Philippines,"11.28,125.07",https://en.wikipedia.org/w/index.php?search=Littleton%20Waller
1902-05-02,arme,reconnu,Bataille de Bayang contre les Moros,"Lanao, Philippines","Une colonne américaine prend d'assaut les forts de Pandapatan. Plusieurs centaines de Moros sont tués, contre une dizaine de soldats américains.",Philippines,"7.85,124.1",https://en.wikipedia.org/w/index.php?search=Battle%20of%20Bayang
1902-11,crime,reconnu,Loi sur le brigandage aux Philippines,"Manille, Philippines","La loi n° 518 assimile la résistance armée à du brigandage passible de la mort. Elle permet de juger les derniers chefs indépendantistes comme des bandits, dont Macario Sakay, pendu en 1907.",Philippines,"14.6,120.98",https://en.wikipedia.org/w/index.php?search=Brigandage%20Act%20Philippines%201902
1903,crime,reconnu,Loi de reconcentration de 1903,"Manille, Philippines","La Commission philippine autorise les gouverneurs de province à regrouper de force la population des zones où opèrent des « bandits », légalisant les camps utilisés pendant la guerre.",Philippines,"14.6,120.98",https://en.wikipedia.org/w/index.php?search=Reconcentration%20Act%201903%20Philippines
1903-02,arme,reconnu,Bail de Guantánamo,"Guantánamo, Cuba","Cuba doit louer aux États-Unis la baie de Guantánamo, sans date d'expiration. La base y est toujours.",Cuba,"19.9,-75.15",https://fr.wikipedia.org/w/index.php?search=Base%20navale%20de%20la%20baie%20de%20Guant%C3%A1namo
1903-03,arme,reconnu,Débarquement à Saint-Domingue,"Saint-Domingue, République dominicaine",Des marins américains débarquent pour protéger le consulat pendant une insurrection. L'épisode figure dans la liste officielle des interventions armées établie par le Congrès.,République dominicaine,"18.49,-69.93",https://en.wikipedia.org/w/index.php?search=Instances%20of%20use%20of%20United%20States%20Armed%20Forces%20abroad
1903-03,arme,reconnu,Débarquement à Puerto Cortés,"Puerto Cortés, Honduras","Des marins débarquent pour protéger le consulat et le quai des vapeurs pendant une révolution, selon la liste officielle du Congrès.",Honduras,"15.85,-87.94",https://en.wikipedia.org/w/index.php?search=Instances%20of%20use%20of%20United%20States%20Armed%20Forces%20abroad
1903-04,arme,reconnu,Expédition de Pershing autour du lac Lanao,"Lac Lanao, Mindanao, Philippines","Le capitaine John Pershing mène des colonnes contre les forts maranao, dont Bacolod en avril et Taraca en mai 1903. Des centaines de Moros sont tués.",Philippines,"7.9,124.25",https://en.wikipedia.org/w/index.php?search=Lake%20Lanao%20campaign%20Pershing%20Bacolod%201903
1903-11-03,coup,reconnu,Sécession de Panama,Panama,La canonnière USS Nashville empêche les troupes colombiennes d'écraser la sécession. Washington reconnaît Panama trois jours plus tard et obtient le canal par traité.,Panama; Colombie,"8.98,-79.52; 4.71,-74.07",https://en.wikipedia.org/w/index.php?search=Separation%20of%20Panama%20from%20Colombia
1904-01,arme,reconnu,Débarquements à Puerto Plata et Sosúa,"Puerto Plata, République dominicaine","Pendant la guerre civile dominicaine, l'US Navy débarque des marins à Puerto Plata, Sosúa et Saint-Domingue pour protéger les intérêts américains, selon la liste officielle du Congrès.",République dominicaine,"19.79,-70.69; 18.49,-69.93",https://en.wikipedia.org/w/index.php?search=Instances%20of%20use%20of%20United%20States%20Armed%20Forces%20abroad
1904-03,arme,reconnu,Abrogation du traité Bates avec Sulu,"Jolo, Philippines","Washington abroge unilatéralement le traité de 1899 qui garantissait l'autonomie du sultanat de Sulu, et place les Moros sous administration militaire directe.",Philippines,"6.05,121.0",https://en.wikipedia.org/w/index.php?search=Kiram%E2%80%93Bates%20Treaty
1904-05,arme,reconnu,Affaire Perdicaris à Tanger,"Tanger, Maroc","Après l'enlèvement d'Ion Perdicaris par Raissouli, Theodore Roosevelt envoie une escadre devant Tanger pour faire pression sur le sultan. Le télégramme « Perdicaris vivant ou Raissouli mort » est rendu public en juin.",Maroc,"35.77,-5.83",https://en.wikipedia.org/w/index.php?search=Perdicaris%20incident
1904-11,coup,documenté,Dissolution de l'armée panaméenne,Panama,"Après des rumeurs de coup du général Esteban Huertas, Washington pousse le gouvernement panaméen à dissoudre son armée.",Panama,"8.98,-79.52",https://en.wikipedia.org/w/index.php?search=Esteban%20Huertas
1905-02,sabot,reconnu,Douanes dominicaines sous tutelle,Saint-Domingue,"Au nom du « corollaire Roosevelt », Washington prend le contrôle des douanes dominicaines pour rembourser les créanciers étrangers.",République dominicaine,"18.49,-69.93",https://fr.wikipedia.org/w/index.php?search=Corollaire%20Roosevelt
1905-07-29,info,reconnu,Mémorandum Taft-Katsura,"Tokyo, Japon",William Taft et le Premier ministre japonais notent l'acceptation mutuelle de la domination japonaise sur la Corée et américaine sur les Philippines. Sa portée reste débattue.,Corée,"37.57,126.98",https://fr.wikipedia.org/w/index.php?search=Accord%20Taft-Katsura
1905-10-22,mort,reconnu,Datu Ali tué par une colonne américaine,"Vallée de Cotabato, Philippines","Une colonne commandée par le capitaine Frank McCoy surprend et tue Datu Ali, chef de la résistance maguindanao de la vallée de Cotabato.",Philippines,"7.1,124.6",https://en.wikipedia.org/w/index.php?search=Datu%20Ali%20Cotabato%201905%20McCoy
1906,crime,reconnu,Essais de vaccin sur des détenus de Bilibid,"Manille, Philippines",Le médecin américain Richard Strong inocule un vaccin anticholérique contaminé par la peste à des détenus de la prison de Bilibid. Treize meurent ; une enquête officielle suit.,Philippines,"14.6,120.98",https://en.wikipedia.org/w/index.php?search=Richard%20Pearson%20Strong
1906-03,crime,reconnu,Massacre du cratère de Bud Dajo,"Jolo, Philippines","Les troupes du général Leonard Wood attaquent des Moros réfugiés dans un cratère. Entre 600 et 1 000 personnes sont tuées, femmes et enfants compris ; il n'y a que quelques survivants.",Philippines,"5.97,121.08",https://fr.wikipedia.org/w/index.php?search=Massacre%20de%20Bud%20Dajo
1906-06,arme,documenté,Rangers américains à Cananea,"Cananea, Mexique","Des Rangers de l'Arizona passent la frontière pour aider à réprimer la grève des mineurs de la Cananea Consolidated Copper, propriété américaine. Plusieurs mineurs sont tués.",Mexique,"30.99,-110.3",https://fr.wikipedia.org/w/index.php?search=Gr%C3%A8ve%20de%20Cananea
1906-09-29,arme,reconnu,Deuxième occupation de Cuba,"La Havane, Cuba","Après une révolte, Washington invoque l'amendement Platt et installe un gouverneur provisoire américain, Charles Magoon, jusqu'en 1909.",Cuba,"23.11,-82.37",https://en.wikipedia.org/w/index.php?search=Second%20Occupation%20of%20Cuba
1907,info,reconnu,Loi sur le drapeau aux Philippines,"Manille, Philippines",La Commission philippine interdit d'arborer le drapeau philippin et les emblèmes du Katipunan. L'interdiction reste en vigueur jusqu'en 1919.,Philippines,"14.6,120.98",https://en.wikipedia.org/w/index.php?search=Flag%20Law%20Philippines%201907
1907-03,arme,reconnu,Débarquements au Honduras,"Puerto Cortés, Honduras","Pendant la guerre entre le Honduras et le Nicaragua, les Marines débarquent dans plusieurs ports honduriens, dont Puerto Cortés.",Honduras,"15.84,-87.94",https://en.wikipedia.org/w/index.php?search=Honduran%E2%80%93Nicaraguan%20War%20of%201907
1907-09-13,mort,reconnu,Pendaison de Macario Sakay,"Manille, Philippines","Le chef indépendantiste Macario Sakay, qui s'était rendu sur promesse d'amnistie, est jugé comme « bandit » et pendu par les autorités coloniales américaines.",Philippines,"14.6,120.98",https://en.wikipedia.org/w/index.php?search=Macario%20Sakay
1908-12,coup,reconnu,Navires américains pour Juan Vicente Gómez,"La Guaira, Venezuela","Après la prise du pouvoir par Gómez, alors que Cipriano Castro est en Europe, Washington envoie des navires de guerre au large du Venezuela et renoue avec le nouveau régime.",Venezuela,"10.6,-66.93",https://fr.wikipedia.org/w/index.php?search=Juan%20Vicente%20G%C3%B3mez
1909-12-01,coup,reconnu,Note Knox et chute de Zelaya,"Managua, Nicaragua",Le secrétaire d'État Knox rompt avec le président Zelaya et soutient la rébellion conservatrice. Zelaya démissionne deux semaines plus tard.,Nicaragua,"12.13,-86.25",https://en.wikipedia.org/w/index.php?search=Knox%20Note
1910-05,arme,reconnu,Les Marines protègent les rebelles à Bluefields,"Bluefields, Nicaragua","Les Marines interdisent aux troupes gouvernementales d'attaquer Bluefields, tenue par les rebelles d'Estrada, qui prennent ensuite le pouvoir.",Nicaragua,"12.01,-83.77",https://en.wikipedia.org/w/index.php?search=Juan%20Jos%C3%A9%20Estrada
1911-01,coup,documenté,"Retour de Bonilla, financé par Zemurray","La Ceiba, Honduras",L'homme d'affaires américain Sam Zemurray finance l'invasion de Manuel Bonilla. La Navy impose ensuite des pourparlers qui ouvrent la voie à sa présidence.,Honduras,"15.78,-86.79",https://en.wikipedia.org/w/index.php?search=Manuel%20Bonilla
1911-09,arme,reconnu,Ordre de désarmement des Moros,"Jolo, Philippines","Le gouverneur John Pershing ordonne le désarmement général de la province moro. Les refus conduisent au siège de Bud Dajo en décembre 1911, puis à la bataille de Bud Bagsak en 1913.",Philippines,"6.05,121.0",https://en.wikipedia.org/w/index.php?search=Moro%20Rebellion%20disarmament%201911%20Pershing
1912,sabot,reconnu,Douanes libériennes sous tutelle,"Monrovia, Liberia","Un prêt international place les douanes du Liberia sous l'autorité d'un receveur général américain, assisté de receveurs européens. Washington contrôle ainsi la principale recette de l'État.",Liberia,"6.3,-10.8",https://en.wikipedia.org/w/index.php?search=Liberia%E2%80%93United%20States%20relations
1912,crime,documenté,Expériences sur le béribéri à Bilibid,"Manille, Philippines","Le médecin Richard Strong, du Bureau des sciences colonial, provoque le béribéri chez des détenus de la prison de Bilibid par un régime carencé. Ces essais furent cités au procès des médecins de Nuremberg.",Philippines,"14.6,120.98",https://en.wikipedia.org/w/index.php?search=Richard%20Pearson%20Strong%20beriberi%20Bilibid%20prisoners
1912,arme,reconnu,Les Marines protègent le chemin de fer,"Puerto Cortés, Honduras","Une petite force débarque à Puerto Cortés pour empêcher le gouvernement hondurien de saisir un chemin de fer à capitaux américains, avant d'être retirée.",Honduras,"15.85,-87.94",https://en.wikipedia.org/w/index.php?search=Instances%20of%20use%20of%20United%20States%20Armed%20Forces%20abroad
1912,arme,reconnu,Le 15e régiment d'infanterie à Tianjin,"Tianjin, Chine",L'armée américaine installe le 15e régiment d'infanterie à Tianjin en vertu du protocole Boxer. Il y reste jusqu'en 1938.,Chine,"39.13,117.2",https://en.wikipedia.org/w/index.php?search=15th%20Infantry%20Regiment%20China%20Tientsin
1912-06,arme,reconnu,Débarquement pendant la « guerre de 1912 »,"Oriente, Cuba",Les Marines débarquent pour protéger les propriétés américaines pendant la révolte du Parti indépendant de couleur. L'armée cubaine tue des milliers d'Afro-Cubains.,Cuba,"20.02,-75.82",https://en.wikipedia.org/w/index.php?search=Negro%20Rebellion
1912-08-04,arme,reconnu,Occupation du Nicaragua,"Managua, Nicaragua","Les Marines débarquent pour soutenir le gouvernement Díaz. Ils restent, avec une brève pause, jusqu'en 1933.",Nicaragua,"12.13,-86.25",https://en.wikipedia.org/w/index.php?search=United%20States%20occupation%20of%20Nicaragua
1912-10-03,arme,reconnu,Bataille de Coyotepe,"Masaya, Nicaragua","Marines et marins prennent la colline de Coyotepe aux troupes de Benjamín Zeledón, tué le lendemain.",Nicaragua,"11.97,-86.1",https://en.wikipedia.org/w/index.php?search=Battle%20of%20Coyotepe%20Hill
1913-02,coup,documenté,Pacte de l'ambassade,"Mexico, Mexique","L'ambassadeur Henry Lane Wilson réunit Huerta et Félix Díaz, qui renversent Madero. Celui-ci est assassiné quelques jours plus tard. Wilson est rappelé.",Mexique,"19.43,-99.13",https://fr.wikipedia.org/w/index.php?search=D%C3%A9cade%20tragique
1913-06,crime,reconnu,Bataille de Bud Bagsak,"Jolo, Philippines","Le général John Pershing attaque des Moros retranchés sur le mont Bagsak. Plusieurs centaines de défenseurs sont tués, dont des femmes et des enfants.",Philippines,"6.0,121.2",https://en.wikipedia.org/w/index.php?search=Battle%20of%20Bud%20Bagsak
1914-01,arme,reconnu,Débarquements en Haïti en 1914,"Port-au-Prince, Haïti","En janvier, février et octobre 1914, des détachements américains débarquent en Haïti pendant les révolutions successives, selon la liste officielle du Congrès.",Haïti,"18.54,-72.34",https://en.wikipedia.org/w/index.php?search=Instances%20of%20use%20of%20United%20States%20Armed%20Forces%20abroad
1914-04-09,info,reconnu,Ultimatum de Tampico,"Tampico, Mexique","Après la brève arrestation de marins américains, Washington exige un salut de 21 coups de canon au drapeau américain. Le refus de Huerta sert de prétexte à l'occupation de Veracruz.",Mexique,"22.25,-97.86",https://fr.wikipedia.org/w/index.php?search=Incident%20de%20Tampico
1914-04-21,arme,reconnu,Occupation de Veracruz,"Veracruz, Mexique","Après l'incident de Tampico, les Marines prennent le port et l'occupent sept mois pour affaiblir Huerta. Plus de 150 Mexicains sont tués.",Mexique,"19.2,-96.13",https://en.wikipedia.org/w/index.php?search=United%20States%20occupation%20of%20Veracruz
1914-06,arme,reconnu,La Navy s'interpose à Puerto Plata,"Puerto Plata, République dominicaine",Des navires américains s'interposent dans la guerre civile et empêchent les forces gouvernementales de bombarder Puerto Plata. Washington impose ensuite le « plan Wilson » d'élections sous surveillance.,République dominicaine,"19.79,-70.69",https://fr.wikipedia.org/w/index.php?search=Plan%20Wilson%20R%C3%A9publique%20dominicaine
1914-12-17,sabot,reconnu,Saisie de l'or de la banque d'Haïti,"Port-au-Prince, Haïti","Des Marines emportent environ 500 000 dollars en or de la Banque nationale d'Haïti vers New York, pour le compte de la National City Bank.",Haïti,"18.54,-72.34",https://en.wikipedia.org/w/index.php?search=United%20States%20occupation%20of%20Haiti
1915,arme,documenté,Répression de la révolte kru,"Côte kru, Liberia","Le croiseur USS Chester apporte armes et munitions au gouvernement libérien face au soulèvement kru. La Force frontalière, encadrée par des officiers afro-américains, écrase la révolte.",Liberia,"4.9,-8.0",https://en.wikipedia.org/w/index.php?search=Liberian%20Frontier%20Force%20Kru%201915
1915-07-28,arme,reconnu,Occupation d'Haïti,"Port-au-Prince, Haïti","Les Marines débarquent et occupent le pays jusqu'en 1934. Washington contrôle les douanes, les finances et la gendarmerie.",Haïti,"18.54,-72.34",https://fr.wikipedia.org/w/index.php?search=Occupation%20d%27Ha%C3%AFti%20par%20les%20%C3%89tats-Unis%20%281915-1934%29
1915-08-12,coup,reconnu,Élection de Dartiguenave sous les Marines,"Port-au-Prince, Haïti","L'amiral Caperton fait élire par le Congrès haïtien, gardé par les Marines, Philippe Sudre Dartiguenave, candidat prêt à accepter un traité avec Washington, contre Rosalvo Bobo.",Haïti,"18.54,-72.34",https://fr.wikipedia.org/w/index.php?search=Philippe%20Sudre%20Dartiguenave
1915-09-03,arme,reconnu,Loi martiale proclamée en Haïti,"Port-au-Prince, Haïti","L'amiral William Caperton place Haïti sous loi martiale. Elle reste en vigueur, sous diverses formes, pendant la plus grande partie de l'occupation, avec tribunaux militaires et censure.",Haïti,"18.54,-72.34",https://en.wikipedia.org/w/index.php?search=Occupation%20of%20Haiti%20by%20the%20United%20States
1915-09-16,coup,reconnu,Convention haïtiano-américaine,"Port-au-Prince, Haïti","Signé sous occupation, le traité confie aux États-Unis les douanes, les finances et la création d'une gendarmerie. Le Sénat haïtien le ratifie en novembre 1915 sous pression.",Haïti,"18.54,-72.34",https://en.wikipedia.org/w/index.php?search=Haitian%E2%80%93American%20Convention
1915-11-17,arme,reconnu,Prise de Fort-Rivière,"Grande-Rivière-du-Nord, Haïti","Les Marines du major Smedley Butler prennent d'assaut le dernier bastion des Cacos. Plusieurs dizaines de défenseurs sont tués, sans prisonniers.",Haïti,"19.58,-72.17",https://en.wikipedia.org/w/index.php?search=Battle%20of%20Fort%20Rivi%C3%A8re
1916,crime,reconnu,Travail forcé de la corvée en Haïti,Haïti,"L'occupation rétablit la corvée, travail forcé sur les routes. Les abus alimentent la révolte caco ; elle est officiellement abolie en 1918.",Haïti,"18.54,-72.34",https://en.wikipedia.org/w/index.php?search=Corv%C3%A9e
1916,arme,reconnu,Création de la gendarmerie d'Haïti,"Port-au-Prince, Haïti","Prévue par la convention de 1915, la gendarmerie est commandée par des officiers des Marines. Elle administre la corvée et combat les Cacos, avant de devenir la Garde d'Haïti.",Haïti,"18.54,-72.34",https://fr.wikipedia.org/w/index.php?search=Garde%20d%27Ha%C3%AFti
1916-03-15,arme,reconnu,Expédition punitive contre Villa,"Chihuahua, Mexique","Le général Pershing entre au Mexique avec environ 10 000 hommes pour traquer Pancho Villa, sans le capturer, jusqu'en 1917.",Mexique,"28.6,-106.1",https://en.wikipedia.org/w/index.php?search=Pancho%20Villa%20Expedition
1916-05,arme,reconnu,Occupation de la République dominicaine,Saint-Domingue,Les Marines débarquent puis un gouvernement militaire américain dirige le pays jusqu'en 1924.,République dominicaine,"18.49,-69.93",https://en.wikipedia.org/w/index.php?search=United%20States%20occupation%20of%20the%20Dominican%20Republic%20%281916%E2%80%931924%29
1916-06,arme,reconnu,Marche de Pendleton sur Santiago,"Santiago, République dominicaine",Les Marines du colonel Joseph Pendleton avancent de Monte Cristi vers Santiago et écrasent la résistance à Las Trencheras puis à Guayacanes.,République dominicaine,"19.45,-70.7",https://en.wikipedia.org/w/index.php?search=United%20States%20occupation%20of%20the%20Dominican%20Republic%20%281916%E2%80%931924%29
1916-06-21,arme,reconnu,Bataille de Carrizal,"Carrizal, Mexique","Une troupe de cavalerie américaine attaque l'armée fédérale mexicaine qui lui barre la route. Une douzaine d'Américains et plusieurs dizaines de Mexicains, dont le général Félix Gómez, sont tués.",Mexique,"30.57,-106.64",https://en.wikipedia.org/w/index.php?search=Battle%20of%20Carrizal
1916-11-29,coup,reconnu,Proclamation du gouvernement militaire,"Saint-Domingue, République dominicaine",Le capitaine Harry Knapp proclame un gouvernement militaire américain après le refus du président Henríquez y Carvajal de céder les finances et l'armée. Les Marines gouvernent jusqu'en 1924.,République dominicaine,"18.49,-69.93",https://en.wikipedia.org/w/index.php?search=United%20States%20occupation%20of%20the%20Dominican%20Republic%20%281916%E2%80%931924%29
1917,arme,reconnu,« Intervention sucrière » à Cuba,"Oriente, Cuba",Les Marines débarquent pendant la révolte libérale de la Chambelona et restent jusqu'au début des années 1920 pour protéger les plantations sucrières.,Cuba,"20.02,-75.82",https://en.wikipedia.org/w/index.php?search=Sugar%20Intervention
1917,crime,reconnu,Répression des gavilleros,"El Seibo, République dominicaine",Les Marines combattent la guérilla paysanne de l'Est. Tortures et exécutions sommaires sont examinées par une commission du Sénat américain en 1921-1922.,République dominicaine,"18.77,-69.04",https://en.wikipedia.org/w/index.php?search=Gavilleros
1917,coup,reconnu,Non-reconnaissance du régime Tinoco,"San José, Costa Rica","Wilson refuse de reconnaître le régime issu du coup d'État de Federico Tinoco. Isolé, celui-ci tombe en 1919.",Costa Rica,"9.93,-84.09",https://en.wikipedia.org/w/index.php?search=Federico%20Tinoco%20Granados
1917-04,arme,reconnu,Création de la Garde nationale dominicaine,"Saint-Domingue, République dominicaine",Le gouvernement militaire crée une Garde nationale encadrée par les Marines pour remplacer l'armée dissoute. Elle sera l'instrument du pouvoir de Trujillo.,République dominicaine,"18.49,-69.93",https://fr.wikipedia.org/w/index.php?search=Guardia%20Nacional%20Dominicana
1917-06,coup,reconnu,Dissolution de l'Assemblée haïtienne,"Port-au-Prince, Haïti",Le Parlement refuse une Constitution autorisant la propriété étrangère. Smedley Butler le dissout à la tête de la gendarmerie.,Haïti,"18.54,-72.34",https://en.wikipedia.org/w/index.php?search=Smedley%20Butler
1918,arme,reconnu,Occupation de la province de Chiriquí,"David, Panama",Des troupes américaines occupent la province de Chiriquí pour y « maintenir l'ordre » et y restent jusqu'en 1920.,Panama,"8.43,-82.43",https://en.wikipedia.org/w/index.php?search=United%20States%20military%20intervention%20in%20Panama
1918,crime,reconnu,Exactions du capitaine Merckle,"Hato Mayor, République dominicaine",Le capitaine des Marines Charles Merckle est accusé de tortures et de meurtres de prisonniers dans l'Est. Il se suicide avant son procès. L'affaire est examinée par l'enquête sénatoriale de 1921.,République dominicaine,"18.76,-69.26",https://en.wikipedia.org/w/index.php?search=United%20States%20occupation%20of%20the%20Dominican%20Republic%20%281916%E2%80%931924%29
1918-06,info,reconnu,Constitution haïtienne imposée par plébiscite,Haïti,"Une Constitution écrite sous contrôle américain, qui ouvre la terre aux étrangers, est adoptée par un plébiscite organisé sous occupation.",Haïti,"18.54,-72.34",https://fr.wikipedia.org/w/index.php?search=Constitution%20ha%C3%AFtienne%20de%201918
1918-08-16,arme,reconnu,Corps expéditionnaire en Sibérie,"Vladivostok, Russie",Environ 8 000 soldats américains du général Graves débarquent en Sibérie pendant la guerre civile et y restent jusqu'en 1920.,Russie,"43.1,131.9",https://en.wikipedia.org/w/index.php?search=American%20Expeditionary%20Force%2C%20Siberia
1918-08-27,arme,reconnu,Bataille d'Ambos Nogales,"Nogales, Mexique","Un incident frontalier dégénère en combat. Les troupes américaines entrent à Nogales (Sonora) ; des soldats et civils mexicains sont tués, dont le maire.",Mexique,"31.31,-110.94",https://en.wikipedia.org/w/index.php?search=Battle%20of%20Ambos%20Nogales
1918-09,espion,documenté,Réseau d'espionnage de Kalamatiano,"Moscou, Russie","Xenophon Kalamatiano, qui dirige un réseau de renseignement pour le consulat américain, est arrêté par la Tchéka lors de l'affaire Lockhart.",Russie,"55.75,37.62",https://en.wikipedia.org/w/index.php?search=Xenophon%20Kalamatiano
1918-09,info,reconnu,Documents Sisson : faux publiés par Washington,"Petrograd, Russie",Le Comité de l'information publique diffuse des documents présentant Lénine et Trotski comme des agents allemands. George Kennan démontre en 1956 qu'il s'agit de faux.,Russie soviétique,"59.94,30.32",https://en.wikipedia.org/w/index.php?search=Sisson%20Documents
1918-09-04,arme,reconnu,Expédition « Ours polaire »,"Arkhangelsk, Russie",Environ 5 000 soldats américains débarquent dans le nord de la Russie et combattent l'Armée rouge aux côtés des Alliés jusqu'en 1919.,Russie,"64.5,40.5",https://en.wikipedia.org/w/index.php?search=Polar%20Bear%20Expedition
1919,crime,reconnu,Répression de la seconde guerre des Cacos,"Hinche, Haïti",Les Marines écrasent l'insurrection de Charlemagne Péralte. Des milliers d'Haïtiens sont tués. Des enquêtes de la Navy et du Sénat relèvent des exécutions sommaires.,Haïti,"19.15,-72.0",https://en.wikipedia.org/w/index.php?search=Second%20Caco%20War
1919,arme,reconnu,Trujillo formé par les Marines,"Saint-Domingue, République dominicaine","Rafael Trujillo entre dans la Garde nationale et devient officier sous l'occupation. Formé et promu par les Marines, il s'appuie sur cette force pour prendre le pouvoir en 1930.",République dominicaine,"18.49,-69.93",https://fr.wikipedia.org/w/index.php?search=Rafael%20Trujillo
1919,arme,documenté,Armes américaines pour l'armée de Koltchak,"Omsk, Russie","Washington livre fusils et munitions aux Blancs de l'amiral Koltchak par le Transsibérien, que gardent les troupes américaines.",Russie soviétique,"54.98,73.37",https://fr.wikipedia.org/w/index.php?search=Intervention%20am%C3%A9ricaine%20en%20Sib%C3%A9rie
1919-06-15,arme,reconnu,Troupes américaines à Ciudad Juárez,"Ciudad Juárez, Mexique",Des soldats américains franchissent la frontière pour chasser les troupes de Pancho Villa qui attaquaient la ville.,Mexique,"31.72,-106.44",https://en.wikipedia.org/w/index.php?search=Battle%20of%20Ciudad%20Ju%C3%A1rez%20%281919%29
1919-08,coup,documenté,Hoover et la chute de Béla Kun,"Budapest, Hongrie","L'American Relief Administration d'Herbert Hoover conditionne l'aide alimentaire au départ du régime communiste, puis de l'archiduc Joseph. Son délégué T. T. C. Gregory a revendiqué ce rôle.",Hongrie,"47.5,19.04",https://fr.wikipedia.org/w/index.php?search=R%C3%A9publique%20des%20conseils%20de%20Hongrie
1919-09,arme,reconnu,Débarquement pendant la crise de 1919,"Tegucigalpa, Honduras","Du 8 au 12 septembre 1919, des Marines débarquent pour maintenir l'ordre dans une zone neutre pendant une tentative de révolution.",Honduras,"14.07,-87.21",https://en.wikipedia.org/w/index.php?search=Instances%20of%20use%20of%20United%20States%20Armed%20Forces%20abroad
1919-11,mort,reconnu,Exécution de Charlemagne Péralte,Haïti,"Des Marines déguisés infiltrent le camp du chef caco et le tuent. Son cadavre, attaché à une porte, est photographié et exposé.",Haïti,"19.15,-72.0",https://fr.wikipedia.org/w/index.php?search=Charlemagne%20P%C3%A9ralte
1919-11,info,documenté,Photo du corps de Péralte diffusée,"Cap-Haïtien, Haïti","Après sa mort, les Marines photographient le corps de Charlemagne Péralte attaché à une porte et diffusent l'image pour décourager la résistance. Elle devient au contraire une icône nationaliste.",Haïti,"19.76,-72.2",https://fr.wikipedia.org/w/index.php?search=Charlemagne%20P%C3%A9ralte
1920,sabot,documenté,La National City Bank prend la banque d'Haïti,"Port-au-Prince, Haïti","La National City Bank de New York rachète la Banque nationale de la République d'Haïti, qui gère le Trésor. L'enquête du New York Times « The Ransom » (2022) détaille son rôle dans l'occupation.",Haïti,"18.54,-72.34",https://fr.wikipedia.org/w/index.php?search=Banque%20nationale%20de%20la%20R%C3%A9publique%20d%27Ha%C3%AFti
1920,info,reconnu,Le poète Fabio Fiallo condamné,"Saint-Domingue, République dominicaine","Un tribunal militaire américain condamne l'écrivain Fabio Fiallo pour des textes hostiles à l'occupation, dans le cadre de la censure de la presse imposée par le gouvernement militaire.",République dominicaine,"18.49,-69.93",https://fr.wikipedia.org/w/index.php?search=Fabio%20Fiallo
1920,sabot,documenté,Loi d'enregistrement des terres,République dominicaine,Le gouvernement militaire impose une loi d'enregistrement foncier qui facilite l'extension des grandes sucreries américaines dans l'Est aux dépens des paysans sans titres.,République dominicaine,"18.49,-69.93",https://en.wikipedia.org/w/index.php?search=United%20States%20occupation%20of%20the%20Dominican%20Republic%20%281916%E2%80%931924%29
1920-05,mort,reconnu,Mort de Benoît Batraville,"Plateau central, Haïti",Le chef caco qui a pris la relève de Péralte est tué par une patrouille de Marines. Sa mort met fin à l'insurrection armée contre l'occupation.,Haïti,"19.15,-72.0",https://en.wikipedia.org/w/index.php?search=Beno%C3%AEt%20Batraville
1920-10,crime,reconnu,Lettre Barnett sur les « tueries aveugles »,Haïti,"La presse publie une lettre de 1919 du général George Barnett, commandant des Marines, évoquant des « tueries pratiquement aveugles d'indigènes ». La Navy ouvre une enquête qui conclut à des cas isolés.",Haïti,"18.54,-72.34",https://en.wikipedia.org/w/index.php?search=United%20States%20occupation%20of%20Haiti
1921,crime,reconnu,Enquête sénatoriale McCormick,Haïti,"Une commission du Sénat enquête sur l'occupation d'Haïti et de Saint-Domingue. Elle recueille des témoignages de tortures et d'exécutions, mais recommande le maintien de l'occupation.",Haïti; République dominicaine,"18.54,-72.34; 18.49,-69.93",https://en.wikipedia.org/w/index.php?search=Occupation%20of%20Haiti%20by%20the%20United%20States
1921,arme,reconnu,Patrouille du Yangtsé,"Hankou, Chine","L'US Navy organise formellement la « Yangtze Patrol », des canonnières qui remontent le fleuve pour protéger les intérêts américains, jusqu'en 1941.",Chine,"30.59,114.28",https://en.wikipedia.org/w/index.php?search=Yangtze%20Patrol
1921-01,coup,reconnu,Mission Crowder à Cuba,"La Havane, Cuba","Le général Enoch Crowder arrive à bord d'un cuirassé et dicte au gouvernement cubain réformes et ministres, sous la menace d'une intervention.",Cuba,"23.11,-82.37",https://en.wikipedia.org/w/index.php?search=Enoch%20Crowder
1921-08,arme,reconnu,Pression armée pendant la guerre de Coto,Panama,"Après la guerre de Coto contre le Costa Rica, Washington envoie un cuirassé et des Marines et oblige Panama à céder le territoire disputé.",Panama; Costa Rica,"8.98,-79.52; 9.93,-84.09",https://en.wikipedia.org/w/index.php?search=Coto%20War
1922-02,coup,reconnu,Un haut-commissaire américain en Haïti,"Port-au-Prince, Haïti","Le général des Marines John H. Russell est nommé haut-commissaire. Il gouverne de fait avec le président Louis Borno, élu en 1922 par un Conseil d'État nommé, sans parlement.",Haïti,"18.54,-72.34",https://en.wikipedia.org/w/index.php?search=John%20H.%20Russell%20Jr.
1923-08-13,sabot,reconnu,Accords de Bucareli,"Mexico, Mexique","En échange de sa reconnaissance diplomatique, Washington obtient d'Obregón que la réforme agraire et pétrolière ne s'applique pas rétroactivement aux intérêts américains.",Mexique,"19.43,-99.13",https://fr.wikipedia.org/w/index.php?search=Tratados%20de%20Bucareli
1924-03,arme,reconnu,Les Marines à Tegucigalpa,"Tegucigalpa, Honduras","Pendant la guerre civile, environ 200 Marines entrent dans la capitale. L'envoyé Sumner Welles négocie ensuite le pacte d'Amapala.",Honduras,"14.07,-87.21",https://en.wikipedia.org/w/index.php?search=Honduran%20Civil%20War%20of%201924
1924-09,arme,reconnu,Second débarquement de 1924,Honduras,"Du 10 au 15 septembre 1924, les Marines débarquent de nouveau au Honduras pendant la guerre civile, après l'intervention de mars à Tegucigalpa.",Honduras,"14.07,-87.21",https://en.wikipedia.org/w/index.php?search=Instances%20of%20use%20of%20United%20States%20Armed%20Forces%20abroad
1925-04,arme,reconnu,Débarquement à La Ceiba,"La Ceiba, Honduras","Du 19 au 21 avril 1925, des Marines débarquent à La Ceiba, fief bananier, pendant des troubles politiques.",Honduras,"15.76,-86.78",https://en.wikipedia.org/w/index.php?search=Instances%20of%20use%20of%20United%20States%20Armed%20Forces%20abroad
1925-10,arme,reconnu,Répression de la grève des loyers,Panama,Environ 600 soldats américains de la zone du canal interviennent à Panama pour réprimer le mouvement des locataires. Il y a des morts.,Panama,"8.98,-79.52",https://en.wikipedia.org/w/index.php?search=1925%20Panama%20rent%20strike
1926,sabot,reconnu,Concession Firestone au Liberia,"Harbel, Liberia","Le Liberia concède à Firestone jusqu'à un million d'acres pour 99 ans, à six cents l'acre. L'accord impose aussi un prêt de 5 millions de dollars d'une société liée à Firestone, qui renforce la tutelle financière américaine.",Liberia,"6.28,-10.35",https://en.wikipedia.org/w/index.php?search=Firestone%20Natural%20Rubber%20Company%20Liberia
1926-05,arme,reconnu,Débarquement des Marines à Bluefields,"Bluefields, Nicaragua","Pendant la guerre constitutionnaliste, les Marines débarquent sur la côte caraïbe du Nicaragua, officiellement pour protéger les étrangers.",Nicaragua,"12.01,-83.76",https://en.wikipedia.org/w/index.php?search=Nicaraguan%20Civil%20War%20%281926%E2%80%931927%29
1926-12,arme,reconnu,Zone neutre à Puerto Cabezas,"Puerto Cabezas, Nicaragua","Les Marines débarquent à Puerto Cabezas, où siège le gouvernement libéral de Juan Bautista Sacasa, et y imposent une zone neutre qui entrave les libéraux face à Adolfo Díaz, soutenu par Washington.",Nicaragua,"14.03,-83.38",https://en.wikipedia.org/w/index.php?search=Nicaraguan%20Civil%20War%20%281926%E2%80%931927%29
1927,arme,reconnu,Les Marines s'installent à Shanghai,"Shanghai, Chine",Le 4e régiment de Marines débarque à Shanghai pour protéger la concession internationale. Il y reste jusqu'en 1941.,Chine,"31.23,121.47",https://en.wikipedia.org/w/index.php?search=4th%20Marine%20Regiment%20%28United%20States%29
1927,arme,reconnu,Garde nationale encadrée par les Marines,"Managua, Nicaragua","Les Marines créent et commandent la Garde nationale nicaraguayenne, engagée contre Sandino. Anastasio Somoza en prend la tête en 1933, au départ des Américains.",Nicaragua,"12.13,-86.25",https://fr.wikipedia.org/w/index.php?search=Garde%20nationale%20%28Nicaragua%29
1927-03-24,arme,reconnu,Bombardement de Nankin,"Nankin, Chine","Les destroyers USS Noa et Preston, avec des navires britanniques, bombardent Nankin pour couvrir l'évacuation d'étrangers. Des civils chinois sont tués.",Chine,"32.06,118.8",https://en.wikipedia.org/w/index.php?search=Nanking%20incident%20of%201927
1927-05-04,info,reconnu,Pacte d'Espino Negro,"Tipitapa, Nicaragua","L'envoyé Henry Stimson impose la paix aux libéraux : désarmement, maintien de Díaz, élections sous supervision américaine. Sandino refuse.",Nicaragua,"12.2,-86.1",https://en.wikipedia.org/w/index.php?search=Pact%20of%20Espino%20Negro
1927-07,arme,reconnu,Guerre des Marines contre Sandino,"Nueva Segovia, Nicaragua","Après le refus de Sandino de désarmer, les Marines mènent jusqu'en 1933 une guerre de contre-guérilla dans le nord du pays, avec appui aérien.",Nicaragua,"13.63,-86.47",https://en.wikipedia.org/w/index.php?search=United%20States%20occupation%20of%20Nicaragua
1927-07-16,arme,reconnu,Bombardement aérien d'Ocotal,"Ocotal, Nicaragua","Des avions des Marines bombardent en piqué les sandinistes qui assiègent Ocotal. Les pertes nicaraguayennes, civils compris, se comptent par dizaines ou centaines selon les sources.",Nicaragua,"13.63,-86.48",https://en.wikipedia.org/w/index.php?search=Battle%20of%20Ocotal
1928-01,arme,reconnu,Siège de Quilalí,"Quilalí, Nicaragua",Des Marines encerclés par les sandinistes à Quilalí sont ravitaillés et évacués par avion. Le pilote Christian Schilt reçoit la Medal of Honor.,Nicaragua,"13.57,-86.03",https://en.wikipedia.org/w/index.php?search=Battle%20of%20Quilal%C3%AD
1928-11-04,info,reconnu,Élections sous contrôle des Marines,Nicaragua,"L'élection présidentielle est organisée et supervisée par une mission américaine dirigée par le général Frank McCoy, avec les Marines aux bureaux de vote.",Nicaragua,"12.13,-86.25",https://en.wikipedia.org/w/index.php?search=1928%20Nicaraguan%20general%20election
1928-12-06,crime,allégué,Massacre des bananeraies,"Ciénaga, Colombie","L'armée colombienne tire sur des grévistes de la United Fruit. Le rôle américain, pressions et menace d'intervention, est allégué par Jorge Eliécer Gaitán et reste débattu.",Colombie,"11.0,-74.21",https://fr.wikipedia.org/w/index.php?search=Massacre%20des%20bananeraies
1929-12,arme,reconnu,Loi martiale après la grève de Damien,"Port-au-Prince, Haïti",Une grève des étudiants de l'école agricole de Damien s'étend au pays. Le haut-commissaire Russell proclame la loi martiale ; les Marines tirent ensuite sur les manifestants aux Cayes.,Haïti,"18.54,-72.34",https://fr.wikipedia.org/w/index.php?search=Gr%C3%A8ve%20de%20Damien%201929
1929-12-06,crime,reconnu,Massacre des Cayes,"Les Cayes, Haïti","Des Marines ouvrent le feu sur des paysans qui manifestent. Une douzaine de morts au moins, selon les sources.",Haïti,"18.19,-73.75",https://en.wikipedia.org/w/index.php?search=Les%20Cayes%20massacre
1930-10,arme,reconnu,Embargo sur les armes des rebelles brésiliens,"Rio de Janeiro, Brésil","Le secrétaire d'État Stimson interdit les ventes d'armes aux insurgés de Getúlio Vargas et en livre au gouvernement de Washington Luís, renversé quelques jours plus tard.",Brésil,"-22.91,-43.2",https://en.wikipedia.org/w/index.php?search=Brazilian%20Revolution%20of%201930
1930-12,coup,documenté,Barclay privé de reconnaissance américaine,"Monrovia, Liberia","Après la démission du président King, emporté par le scandale du travail forcé, Washington refuse de reconnaître son successeur Edwin Barclay jusqu'en 1935, pour obtenir des garanties sur les accords Firestone.",Liberia,"6.3,-10.8",https://en.wikipedia.org/w/index.php?search=Edwin%20Barclay
1932,arme,allégué,Guerre du Chaco et Standard Oil,Chaco boréal,La guerre entre la Bolivie et le Paraguay fait des dizaines de milliers de morts. Le sénateur Huey Long accuse la Standard Oil d'avoir poussé la Bolivie ; l'accusation reste débattue.,Paraguay; Bolivie,"-21.5,-60.5; -16.5,-68.15",https://fr.wikipedia.org/w/index.php?search=Guerre%20du%20Chaco
1932-01,arme,reconnu,Navires de guerre au large d'Acajutla,"Acajutla, Salvador","Pendant le soulèvement paysan et la « Matanza », des navires américains et britanniques mouillent devant Acajutla. Le général Martínez refuse leur débarquement et massacre des milliers de paysans.",Salvador,"13.57,-89.83",https://fr.wikipedia.org/w/index.php?search=La%20Matanza
1932-01,crime,allégué,Lettre du Dr Cornelius Rhoads,"San Juan, Porto Rico",Pedro Albizu Campos publie une lettre où ce médecin de l'Institut Rockefeller affirme avoir tué huit patients portoricains. Une enquête conclut à une plaisanterie ; l'affaire reste controversée.,Porto Rico,"18.47,-66.11",https://en.wikipedia.org/w/index.php?search=Cornelius%20P.%20Rhoads
1933-08-12,coup,reconnu,Chute de Machado sous pression américaine,"La Havane, Cuba",L'envoyé Sumner Welles pousse le dictateur Gerardo Machado à partir et prépare son remplacement par Carlos Manuel de Céspedes.,Cuba,"23.11,-82.37",https://en.wikipedia.org/w/index.php?search=Gerardo%20Machado
1934-01-15,coup,documenté,Batista écarte Grau,"La Havane, Cuba","Washington refuse de reconnaître le gouvernement réformiste de Grau et fait croiser des navires de guerre autour de l'île. L'envoyé Jefferson Caffery appuie Batista, qui le renverse.",Cuba,"23.11,-82.37",https://en.wikipedia.org/w/index.php?search=Ram%C3%B3n%20Grau
1934-02-21,mort,allégué,Assassinat de Sandino,"Managua, Nicaragua","La Garde nationale, formée par les Marines et dirigée par Somoza, exécute Sandino. Un feu vert du ministre américain Arthur Bliss Lane est allégué, sans preuve établie.",Nicaragua,"12.13,-86.25",https://fr.wikipedia.org/w/index.php?search=Augusto%20C%C3%A9sar%20Sandino
1934-08,sabot,reconnu,Contrôle financier maintenu jusqu'en 1947,"Port-au-Prince, Haïti","Les Marines quittent Haïti en août 1934, mais un représentant fiscal américain garde la main sur les finances haïtiennes jusqu'au remboursement de l'emprunt, en 1947.",Haïti,"18.54,-72.34",https://en.wikipedia.org/w/index.php?search=Occupation%20of%20Haiti%20by%20the%20United%20States
1935-10-24,crime,reconnu,Massacre de Río Piedras,"Río Piedras, Porto Rico","La police de l'île, sous l'autorité du gouverneur nommé par Washington, tue quatre militants nationalistes près de l'université.",Porto Rico,"18.4,-66.05",https://en.wikipedia.org/w/index.php?search=R%C3%ADo%20Piedras%20massacre
1936,crime,reconnu,Condamnation d'Albizu Campos,"San Juan, Porto Rico",Le chef nationaliste Pedro Albizu Campos et d'autres dirigeants sont condamnés par un tribunal fédéral pour « conspiration séditieuse » et envoyés au pénitencier d'Atlanta.,Porto Rico,"18.47,-66.11",https://fr.wikipedia.org/w/index.php?search=Pedro%20Albizu%20Campos
1937,crime,documenté,Loi 116 sur la stérilisation,"San Juan, Porto Rico","Sous l'administration coloniale, la loi 116 légalise la stérilisation à visée eugéniste et démographique. Elle ouvre la voie à « La Operación », pratiquée massivement dans des cliniques financées en partie par des fonds fédéraux.",Porto Rico,"18.47,-66.11",https://en.wikipedia.org/w/index.php?search=Sterilization%20of%20Puerto%20Rican%20women
1937-03-21,crime,reconnu,Massacre de Ponce,"Ponce, Porto Rico","La police, sous les ordres du gouverneur Blanton Winship, tire sur un défilé nationaliste : 19 morts. La commission Hays conclut à un massacre.",Porto Rico,"18.01,-66.61",https://fr.wikipedia.org/w/index.php?search=Massacre%20de%20Ponce
1938-03,sabot,documenté,Boycott après la nationalisation du pétrole,"Mexico, Mexique","Après l'expropriation des compagnies pétrolières par Lázaro Cárdenas, les majors américaines et britanniques organisent un boycott du pétrole mexicain, appuyé un temps par Washington.",Mexique,"19.43,-99.13",https://fr.wikipedia.org/w/index.php?search=Expropriation%20p%C3%A9troli%C3%A8re%20au%20Mexique
1941,arme,reconnu,Les « Tigres volants » en Chine,"Kunming, Chine","Avant d'entrer en guerre, Washington autorise le recrutement de pilotes militaires démissionnaires pour l'American Volunteer Group, qui combat le Japon pour la Chine.",Chine,"24.88,102.83",https://fr.wikipedia.org/w/index.php?search=Flying%20Tigers
1941,sabot,documenté,Expropriations de la SHADA,Haïti,"La Société haïtiano-américaine de développement agricole, financée par l'Export-Import Bank, rase des milliers d'hectares et expulse des paysans pour planter de l'hévéa. Le projet échoue en 1944.",Haïti,"18.54,-72.34",https://fr.wikipedia.org/w/index.php?search=SHADA%20Ha%C3%AFti
1941,arme,reconnu,Expropriations de Vieques,"Vieques, Porto Rico",L'US Navy exproprie environ les deux tiers de l'île pour y installer un champ de tir et un dépôt de munitions. Les habitants sont repoussés au centre de l'île.,Porto Rico,"18.12,-65.44",https://en.wikipedia.org/w/index.php?search=Navy-Vieques%20protests
1941-04-09,arme,reconnu,Le Groenland occupé par un accord désavoué,"Nuuk, Groenland","Washington signe avec l'ambassadeur danois Henrik Kauffmann, sans l'aval de Copenhague occupé, un accord qui ouvre le Groenland aux bases américaines. Le gouvernement danois le déclare nul.",Groenland (Danemark),"64.18,-51.72",https://fr.wikipedia.org/w/index.php?search=Henrik%20Kauffmann
1942,crime,reconnu,Enlèvement de Japonais du Pérou,"Lima, Pérou","Plus de 2 000 Latino-Américains d'origine japonaise, surtout du Pérou, sont livrés aux États-Unis et internés pour servir de monnaie d'échange. Une commission fédérale le reconnaît en 1983.",Pérou,"-12.05,-77.04",https://en.wikipedia.org/w/index.php?search=Japanese%20Latin%20Americans
1943,info,documenté,L'AMGOT nomme des mafieux en Sicile,"Villalba, Italie","Le gouvernement militaire allié installe des notables, dont le parrain Calogero Vizzini, comme maires en Sicile. L'ampleur d'un pacte avec la mafia reste débattue.",Italie,"37.65,13.84",https://en.wikipedia.org/w/index.php?search=Calogero%20Vizzini
1943-02-01,espion,reconnu,Projet Venona,"Moscou, URSS",L'armée américaine commence à décrypter les télégrammes des services soviétiques. Le programme dure jusqu'en 1980 et la NSA le rend public en 1995.,URSS,"55.75,37.62",https://fr.wikipedia.org/w/index.php?search=Projet%20Venona
1943-03-31,crime,reconnu,Bombardement de Rotterdam de 1943,"Rotterdam, Pays-Bas",Des B-17 de la 8e Air Force visent les chantiers navals mais frappent le quartier de Bospolder-Tussendijken. Plusieurs centaines de civils néerlandais sont tués.,Pays-Bas,"51.91,4.44",https://fr.wikipedia.org/w/index.php?search=Bombardement%20de%20Rotterdam%2031%20mars%201943
1943-04-04,crime,reconnu,Bombardement de Boulogne-Billancourt,"Boulogne-Billancourt, France","La 8e Air Force vise les usines Renault. Une grande partie des bombes tombe sur les habitations et fait plusieurs centaines de morts civils, dont des spectateurs d'un hippodrome voisin.",France,"48.83,2.24",https://fr.wikipedia.org/w/index.php?search=Bombardements%20de%20Boulogne-Billancourt
1943-04-05,crime,reconnu,Bombardement de Mortsel,"Mortsel, Belgique","Des bombardiers américains visant une usine Erla ratent leur cible et frappent la ville : 936 civils tués, dont plus de 200 enfants.",Belgique,"51.17,4.46",https://en.wikipedia.org/w/index.php?search=Bombing%20of%20Mortsel
1943-04-15,espion,reconnu,"SACO, alliance avec la police secrète de Dai Li","Chongqing, Chine","L'US Navy signe l'accord SACO avec Dai Li, chef de la police secrète du Kuomintang, et forme ses agents. Pékin présente ensuite ses prisons de Chongqing comme un « camp SACO ».",Chine,"29.57,106.45",https://en.wikipedia.org/w/index.php?search=Sino-American%20Cooperative%20Organization
1943-07,crime,reconnu,Participation à l'opération Gomorrhe,"Hambourg, Allemagne","L'aviation américaine mène des raids de jour dans la campagne alliée contre Hambourg, surtout britannique, qui provoque une tempête de feu et des dizaines de milliers de morts.",Allemagne,"53.55,9.99",https://fr.wikipedia.org/w/index.php?search=Op%C3%A9ration%20Gomorrhe
1943-07-14,crime,reconnu,Massacre de Biscari,"Biscari, Italie",Des soldats américains tuent environ 70 prisonniers italiens et allemands. Un sergent est condamné ; un capitaine est acquitté.,Italie,"37.0,14.54",https://en.wikipedia.org/w/index.php?search=Biscari%20massacre
1943-07-14,crime,reconnu,Massacre de Canicattì,"Canicattì, Italie",Un lieutenant-colonel américain tire sur des civils qui pillent un entrepôt ; au moins huit morts. Il n'est jamais poursuivi.,Italie,"37.36,13.85",https://en.wikipedia.org/w/index.php?search=Canicatt%C3%AC%20massacre
1943-07-19,crime,reconnu,Bombardement de Rome,"San Lorenzo, Rome, Italie",Les bombardiers américains visent les gares de Rome et frappent le quartier de San Lorenzo : entre 1 500 et 3 000 morts selon les sources.,Italie,"41.9,12.52",https://en.wikipedia.org/w/index.php?search=Bombing%20of%20Rome%20in%20World%20War%20II
1943-08-31,crime,reconnu,Bombardement de Pise,"Pise, Italie",Des bombardiers américains visent la gare et le nœud ferroviaire de Pise. Les bombes frappent aussi les quartiers voisins et tuent plusieurs centaines de civils.,Italie,"43.72,10.4",https://fr.wikipedia.org/w/index.php?search=Bombardement%20de%20Pise
1943-09-16,crime,reconnu,Bombardement de Nantes,"Nantes, France",Des bombardiers américains visant le port touchent le centre-ville. Les raids de septembre font plus d'un millier de morts civils.,France,"47.22,-1.55",https://fr.wikipedia.org/w/index.php?search=Bombardements%20de%20Nantes%20pendant%20la%20Seconde%20Guerre%20mondiale
1943-10-10,crime,reconnu,Bombardement du centre de Münster,"Münster, Allemagne","Pour la première fois, la 8e Air Force prend pour point de visée le centre-ville, un dimanche à l'heure de la sortie de la messe. Des centaines de civils sont tués.",Allemagne,"51.96,7.63",https://en.wikipedia.org/w/index.php?search=Bombing%20of%20M%C3%BCnster%20in%20World%20War%20II
1943-12-02,crime,reconnu,Gaz moutarde secret à Bari,"Bari, Italie","Un raid allemand coule le SS John Harvey, qui transporte en secret des bombes au gaz moutarde américaines. Marins et civils sont intoxiqués ; l'information est longtemps cachée.",Italie,"41.12,16.87",https://en.wikipedia.org/w/index.php?search=Air%20raid%20on%20Bari
1944,crime,reconnu,Viols de soldats américains en France,"Normandie, France","Après le débarquement, des soldats américains commettent des centaines de viols documentés par les cours martiales. Les soldats noirs sont surreprésentés parmi les exécutés, signe d'une justice discriminatoire.",France,"49.18,-0.37",https://en.wikipedia.org/w/index.php?search=What%20Soldiers%20Do%20Mary%20Louise%20Roberts
1944-01-10,crime,reconnu,Bombardement de Sofia,"Sofia, Bulgarie",Raid américain de jour puis britannique de nuit sur la capitale bulgare. Des centaines de civils sont tués.,Bulgarie,"42.7,23.32",https://en.wikipedia.org/w/index.php?search=Bombing%20of%20Sofia%20in%20World%20War%20II
1944-02-15,crime,reconnu,Destruction de l'abbaye du Mont-Cassin,"Cassino, Italie","Les bombardiers américains rasent l'abbaye, où aucun soldat allemand n'était retranché. Des civils réfugiés y meurent.",Italie,"41.49,13.81",https://fr.wikipedia.org/w/index.php?search=Bataille%20du%20Monte%20Cassino
1944-02-22,crime,reconnu,Bombardement de Nimègue,"Nimègue, Pays-Bas","Des bombardiers américains qui ont perdu leur cible frappent par erreur Nimègue, ville d'un pays occupé : environ 800 morts.",Pays-Bas,"51.84,5.86",https://en.wikipedia.org/w/index.php?search=Bombing%20of%20Nijmegen
1944-04-01,crime,reconnu,Bombardement de Schaffhouse,"Schaffhouse, Suisse",Des bombardiers américains frappent par erreur la ville suisse neutre : 40 morts. Washington verse des indemnités.,Suisse,"47.7,8.63",https://en.wikipedia.org/w/index.php?search=Bombing%20of%20Schaffhausen
1944-04-04,crime,reconnu,Bombardement de Bucarest,"Bucarest, Roumanie","Premier grand raid américain sur Bucarest, visant les gares. Il fait des milliers de victimes civiles.",Roumanie,"44.43,26.1",https://en.wikipedia.org/w/index.php?search=Bombing%20of%20Bucharest%20in%20World%20War%20II
1944-04-07,crime,reconnu,Bombardement de Trévise,"Trévise, Italie","Le Vendredi saint, la 15e Air Force bombarde Trévise. Plus d'un millier d'habitants sont tués et le centre historique est détruit en grande partie.",Italie,"45.67,12.24",https://fr.wikipedia.org/w/index.php?search=Bombardamento%20di%20Treviso
1944-04-16,crime,reconnu,Bombardement de Belgrade à Pâques,"Belgrade, Yougoslavie",Bombardiers américains et britanniques frappent Belgrade le jour de la Pâque orthodoxe. Des centaines de civils sont tués.,Yougoslavie,"44.82,20.46",https://en.wikipedia.org/w/index.php?search=Allied%20bombing%20of%20Belgrade%20in%20World%20War%20II
1944-05-27,crime,reconnu,Bombardement de Marseille,"Marseille, France",Un raid américain visant les voies ferrées frappe les quartiers de la gare Saint-Charles : plus de 1 700 morts.,France,"43.3,5.38",https://fr.wikipedia.org/w/index.php?search=Bombardement%20de%20Marseille%20du%2027%20mai%201944
1944-06,sabot,reconnu,Monnaie d'occupation imposée à la France,"Normandie, France","Les Alliés mettent en circulation en Normandie des « billets drapeau » imprimés aux États-Unis, sans l'accord du GPRF. De Gaulle les qualifie de « fausse monnaie » et obtient leur retrait.",France,"48.86,2.35",https://fr.wikipedia.org/w/index.php?search=Billet%20drapeau
1944-06,crime,reconnu,Destruction de Saint-Lô,"Saint-Lô, France",Les bombardiers américains écrasent Saint-Lô dans la nuit du 6 au 7 juin 1944 pour bloquer les renforts allemands. Plusieurs centaines de civils meurent et la ville devient la « capitale des ruines ».,France,"49.12,-1.09",https://fr.wikipedia.org/w/index.php?search=Bombardement%20de%20Saint-L%C3%B4
1944-08,sabot,reconnu,Gel de l'or argentin,"Washington, États-Unis","Pour sanctionner la neutralité du régime militaire de Farrell et Perón, Washington gèle les avoirs en or argentins aux États-Unis et refuse de reconnaître le gouvernement.",Argentine,"-34.6,-58.38",https://en.wikipedia.org/w/index.php?search=Argentina%20during%20World%20War%20II
1944-10-20,crime,reconnu,Bombardement de l'école de Gorla,"Milan, Italie","Des B-24 américains larguent leurs bombes sur le quartier de Gorla, à Milan. L'école primaire est touchée et 184 enfants sont tués avec leurs enseignants.",Italie,"45.51,9.22",https://fr.wikipedia.org/w/index.php?search=Strage%20di%20Gorla
1944-12-18,crime,reconnu,Bombardement incendiaire de Hankou,"Wuhan, Chine","Des B-29 américains larguent des bombes incendiaires sur Hankou, alors occupée par le Japon. Le quartier incendié brûle plusieurs jours et des milliers de civils chinois meurent.",Chine,"30.59,114.28",https://en.wikipedia.org/w/index.php?search=Bombing%20of%20Hankow
1945,arme,reconnu,Pont aérien des troupes nationalistes,Chine du Nord,"Avions et navires américains transportent des centaines de milliers de soldats du Kuomintang vers le nord et la Mandchourie, pour devancer les communistes après la capitulation japonaise.",Chine,"39.13,117.2",https://fr.wikipedia.org/w/index.php?search=Guerre%20civile%20chinoise%20intervention%20am%C3%A9ricaine
1945-01-01,crime,documenté,Massacre de Chenogne,"Chenogne, Belgique","Pendant la bataille des Ardennes, des soldats américains tuent environ 80 prisonniers allemands. Personne n'est poursuivi.",Belgique,"49.99,5.62",https://en.wikipedia.org/w/index.php?search=Chenogne%20massacre
1945-02,crime,documenté,Manille rasée pendant sa reprise,"Manille, Philippines","Pendant la bataille de Manille, l'artillerie américaine contribue à raser la ville, où les troupes japonaises commettent aussi des massacres. Environ 100 000 civils meurent ; la part due aux obus américains reste débattue.",Philippines,"14.6,120.98",https://fr.wikipedia.org/w/index.php?search=Bataille%20de%20Manille%20%281945%29
1945-02-03,crime,reconnu,Grand raid américain sur Berlin,"Berlin, Allemagne",Près d'un millier de bombardiers de la 8e Air Force frappent le centre de Berlin. Des milliers de civils sont tués.,Allemagne,"52.52,13.4",https://en.wikipedia.org/w/index.php?search=Bombing%20of%20Berlin%20in%20World%20War%20II
1945-02-13,crime,reconnu,Bombardement de Dresde,"Dresde, Allemagne","Après la RAF, l'aviation américaine frappe Dresde les 14 et 15 février. Entre 18 000 et 25 000 personnes meurent selon la commission historique de 2010.",Allemagne,"51.05,13.74",https://fr.wikipedia.org/w/index.php?search=Bombardement%20de%20Dresde
1945-02-14,crime,reconnu,Bombardement de Prague,"Prague, Tchécoslovaquie","Des bombardiers américains frappent Prague par erreur, la confondant avec Dresde. Environ 700 morts.",Tchécoslovaquie,"50.08,14.42",https://en.wikipedia.org/w/index.php?search=Bombing%20of%20Prague
1945-02-22,crime,reconnu,Opération Clarion,Allemagne,"Des milliers d'avions alliés attaquent nœuds ferroviaires et petites villes épargnées jusque-là dans toute l'Allemagne, sur deux jours.",Allemagne,"51.17,10.45",https://en.wikipedia.org/w/index.php?search=Operation%20Clarion
1945-03,sabot,reconnu,"Opération Starvation, blocus par mines","Détroit de Shimonoseki, Japon",L'aviation américaine mine les ports et détroits japonais à partir de fin mars 1945. Le trafic maritime s'effondre et aggrave la pénurie alimentaire de la population.,Japon,"33.95,130.95",https://en.wikipedia.org/w/index.php?search=Operation%20Starvation
1945-03-04,crime,reconnu,Bombardement de Zurich et Bâle,"Zurich, Suisse","Des bombardiers américains égarés larguent leurs bombes sur Zurich et Bâle, en Suisse neutre. Washington présente ses excuses et verse des indemnités.",Suisse,"47.37,8.54; 47.56,7.59",https://fr.wikipedia.org/w/index.php?search=Bombardements%20de%20la%20Suisse%20pendant%20la%20Seconde%20Guerre%20mondiale
1945-03-10,crime,reconnu,Bombardement incendiaire de Tokyo,"Tokyo, Japon",Opération Meetinghouse : plus de 300 B-29 larguent des bombes incendiaires sur Tokyo. Environ 100 000 civils meurent en une nuit.,Japon,"35.7,139.8",https://fr.wikipedia.org/w/index.php?search=Bombardement%20de%20Tokyo
1945-03-12,crime,reconnu,Bombardement de Swinemünde,"Swinemünde, Allemagne","La 8e Air Force bombarde le port, rempli de réfugiés fuyant l'Armée rouge. Le bilan est très contesté, de quelques milliers à plus de 20 000 morts.",Allemagne (auj. Pologne),"53.91,14.25",https://en.wikipedia.org/w/index.php?search=Bombing%20of%20Swinem%C3%BCnde
1945-03-12,crime,reconnu,Bombardement incendiaire de Nagoya,"Nagoya, Japon","Dans la nuit du 11 au 12 mars 1945, près de 300 B-29 larguent des bombes incendiaires sur Nagoya. D'autres raids suivent jusqu'en mai et détruisent une grande partie de la ville.",Japon,"35.18,136.91",https://en.wikipedia.org/w/index.php?search=Bombing%20of%20Nagoya%20in%20World%20War%20II
1945-03-13,crime,reconnu,Bombardement incendiaire d'Osaka,"Osaka, Japon","Dans la nuit du 13 au 14 mars 1945, des B-29 de l'USAAF incendient le centre d'Osaka. Le raid tue près de 4 000 personnes et ouvre une série d'attaques sur la ville.",Japon,"34.69,135.5",https://en.wikipedia.org/w/index.php?search=Bombing%20of%20Osaka%20during%20World%20War%20II
1945-03-17,crime,reconnu,Bombardement incendiaire de Kobe,"Kobe, Japon",Les B-29 larguent des bombes incendiaires sur Kobe. Des milliers de civils sont tués et des centaines de milliers perdent leur logement.,Japon,"34.69,135.19",https://en.wikipedia.org/w/index.php?search=Bombing%20of%20Kobe%20in%20World%20War%20II
1945-04,crime,reconnu,Premier napalm en Europe sur Royan,"Royan, France","Pour réduire la poche allemande de Royan, l'aviation américaine largue du napalm, pour la première fois en Europe, sur une ville déjà dévastée par la RAF.",France,"45.62,-1.03",https://fr.wikipedia.org/w/index.php?search=Bombardement%20de%20Royan
1945-04,crime,reconnu,Camps de prisonniers du Rhin,"Rhénanie, Allemagne",Des centaines de milliers de soldats allemands sont parqués en plein air par l'armée américaine. Plusieurs milliers meurent. Le chiffre d'un million avancé par James Bacque est rejeté par les historiens.,Allemagne,"50.36,7.6",https://fr.wikipedia.org/w/index.php?search=Rheinwiesenlager
1945-04-29,crime,reconnu,Exécution de gardes SS à Dachau,"Dachau, Allemagne","Lors de la libération du camp, des soldats américains tuent des gardes SS qui s'étaient rendus. Une enquête de l'armée est classée sans suite.",Allemagne,"48.27,11.47",https://en.wikipedia.org/w/index.php?search=Dachau%20liberation%20reprisals
1945-05,info,reconnu,Spruille Braden en campagne contre Perón,"Buenos Aires, Argentine",L'ambassadeur Spruille Braden soutient ouvertement l'opposition à Perón. Celui-ci en fait un slogan électoral : « Braden ou Perón ».,Argentine,"-34.6,-58.38",https://en.wikipedia.org/w/index.php?search=Spruille%20Braden
1945-05-25,crime,reconnu,Second grand raid incendiaire sur Tokyo,"Tokyo, Japon","Dans la nuit du 25 au 26 mai 1945, plus de 450 B-29 incendient de nouveaux quartiers de Tokyo. Des milliers de civils meurent et une partie du palais impérial brûle.",Japon,"35.69,139.69",https://en.wikipedia.org/w/index.php?search=Bombing%20of%20Tokyo
1945-05-29,crime,reconnu,Bombardement incendiaire de Yokohama,"Yokohama, Japon","Le 29 mai 1945, environ 450 B-29 escortés de chasseurs larguent des bombes incendiaires sur Yokohama en plein jour. Le raid détruit une grande partie de la ville et tue des milliers de civils.",Japon,"35.44,139.64",https://en.wikipedia.org/w/index.php?search=Bombing%20of%20Yokohama%20in%20World%20War%20II
1945-05-31,crime,reconnu,Grand raid sur Taipei,"Taipei, Taïwan","Plus d'une centaine de B-24 américains bombardent Taipei, alors colonie japonaise. Le raid fait environ 3 000 morts, surtout des civils.",Taïwan,"25.04,121.56",https://en.wikipedia.org/w/index.php?search=Raid%20on%20Taihoku
1945-08,crime,reconnu,Toyama détruite à 99 %,"Toyama, Japon","Dans la campagne contre les villes moyennes japonaises, un raid incendiaire de B-29 détruit la quasi-totalité de Toyama et tue des milliers d'habitants.",Japon,"36.7,137.21",https://en.wikipedia.org/w/index.php?search=Bombing%20of%20Toyama
1945-08,arme,reconnu,Occupation militaire du Japon,"Tokyo, Japon","Les forces américaines débarquent fin août et le Japon passe sous l'autorité du commandement suprême allié du général MacArthur. L'occupation dure jusqu'en 1952, et jusqu'en 1972 à Okinawa.",Japon,"35.69,139.69",https://fr.wikipedia.org/w/index.php?search=Occupation%20du%20Japon
1945-08-06,crime,reconnu,Bombe atomique sur Hiroshima,"Hiroshima, Japon",Le B-29 Enola Gay largue la bombe « Little Boy ». Entre 70 000 et 140 000 personnes meurent avant la fin de 1945.,Japon,"34.39,132.46",https://fr.wikipedia.org/w/index.php?search=Bombardements%20atomiques%20d%27Hiroshima%20et%20Nagasaki
1945-08-09,crime,reconnu,Bombe atomique sur Nagasaki,"Nagasaki, Japon",Le B-29 Bockscar largue la bombe « Fat Man ». Entre 40 000 et 80 000 personnes meurent avant la fin de 1945.,Japon,"32.75,129.87",https://fr.wikipedia.org/w/index.php?search=Bombardements%20atomiques%20d%27Hiroshima%20et%20Nagasaki
1945-09,info,reconnu,Censure de la presse japonaise,"Tokyo, Japon",Le code de presse de l'occupation interdit toute critique des Alliés. Les informations sur les effets des bombes atomiques et des radiations sont censurées jusqu'en 1949.,Japon,"35.69,139.69",https://en.wikipedia.org/w/index.php?search=Press%20Code%20for%20Japan
1945-09,arme,reconnu,Marines en Chine du Nord,"Tianjin, Chine",Plus de 50 000 marines débarquent en Chine du Nord pour tenir villes et voies ferrées et aider le Kuomintang à reprendre le territoire face aux communistes.,Chine,"39.13,117.2",https://en.wikipedia.org/w/index.php?search=Operation%20Beleaguer
1945-09-08,arme,reconnu,Gouvernement militaire américain en Corée,"Séoul, Corée",Les troupes du général Hodge débarquent à Incheon et instaurent un gouvernement militaire au sud du 38e parallèle. Il maintient l'administration et la police héritées de la colonisation japonaise.,Corée du Sud,"37.57,126.98",https://en.wikipedia.org/w/index.php?search=United%20States%20Army%20Military%20Government%20in%20Korea
1945-09-29,coup,documenté,Discours de Berle avant la chute de Vargas,"Petrópolis, Brésil",L'ambassadeur Adolf Berle soutient publiquement la tenue d'élections libres. Vargas y voit une ingérence ; l'armée le dépose le 29 octobre 1945. Les historiens débattent du poids réel du discours.,Brésil,"-22.51,-43.18",https://en.wikipedia.org/w/index.php?search=Adolf%20A.%20Berle%20Brazil%201945
1945-10-16,info,reconnu,Syngman Rhee ramené par l'armée américaine,"Séoul, Corée du Sud","Après 33 ans d'exil, Syngman Rhee rentre en Corée à bord d'un avion militaire américain, avec l'appui du général MacArthur. Le général Hodge le présente aussitôt au public à Séoul.",Corée du Sud,"37.57,126.98",https://fr.wikipedia.org/w/index.php?search=Syngman%20Rhee
1945-12-06,sabot,reconnu,Prêt anglo-américain et convertibilité,Washington et Londres,"Le prêt de 3,75 milliards de dollars impose la convertibilité de la livre sous un an. Appliquée en juillet 1947, elle provoque une fuite des réserves et une crise qui oblige Londres à la suspendre en août.",Royaume-Uni,"51.51,-0.13",https://en.wikipedia.org/w/index.php?search=Anglo-American%20loan
1945-12-12,coup,reconnu,La République populaire de Corée interdite,"Séoul, Corée du Sud","Le gouvernement militaire américain refuse de reconnaître la République populaire de Corée et ses comités locaux, puis Hodge la déclare illégale. Il s'appuie sur l'administration et la police de l'époque coloniale.",Corée du Sud,"37.57,126.98",https://fr.wikipedia.org/w/index.php?search=R%C3%A9publique%20populaire%20de%20Cor%C3%A9e
1946,crime,reconnu,Opération Paperclip,Allemagne,"Washington fait venir aux États-Unis plus de 1 600 scientifiques allemands, dont d'anciens nazis liés au travail forcé de Mittelwerk comme Arthur Rudolph. Leur passé est blanchi dans les dossiers officiels.",Allemagne de l'Ouest,"50.73,7.1",https://fr.wikipedia.org/w/index.php?search=Op%C3%A9ration%20Paperclip
1946,espion,reconnu,L'armée américaine reprend l'organisation Gehlen,"Pullach, Allemagne","Le général Reinhard Gehlen, ancien chef du renseignement de la Wehrmacht sur le front de l'Est, travaille pour l'armée américaine puis pour la CIA à partir de 1949, avec de nombreux anciens SS dans son réseau.",Allemagne,"48.06,11.52",https://fr.wikipedia.org/w/index.php?search=Organisation%20Gehlen
1946,crime,reconnu,Opération Keelhaul,"Plattling, Allemagne","Les forces américaines remettent de force à l'URSS des prisonniers et réfugiés soviétiques, dont beaucoup refusent le retour. Plusieurs se suicident lors des transferts de Dachau et Plattling.",Allemagne; URSS,"48.78,12.87; 55.75,37.62",https://en.wikipedia.org/w/index.php?search=Operation%20Keelhaul
1946,arme,reconnu,École des Amériques dans la zone du canal,"Zone du canal, Panama","L'armée américaine ouvre un centre de formation pour militaires latino-américains, futur « School of the Americas ». Plusieurs de ses anciens élèves dirigent des dictatures ou commettent des massacres.",Panama,"9.3,-79.9",https://en.wikipedia.org/w/index.php?search=School%20of%20the%20Americas
1946,crime,reconnu,Expériences sur la syphilis au Guatemala,"Guatemala, Guatemala","Des médecins du service de santé publique américain infectent volontairement plus de 1 300 prisonniers, soldats et malades mentaux (1946-1948). Washington présente ses excuses en 2010.",Guatemala,"14.63,-90.51",https://en.wikipedia.org/w/index.php?search=Guatemala%20syphilis%20experiments
1946,crime,reconnu,Terres chamorro saisies à Guam,Guam,"Une loi du Congrès de 1946 valide l'expropriation par l'armée de vastes terres chamorro. Entre 1945 et 1950, environ un tiers de l'île passe sous contrôle militaire, souvent contre des indemnités dérisoires.",Guam,"13.44,144.79",https://en.wikipedia.org/w/index.php?search=Land%20Acquisition%20Act%20of%201946%20Guam
1946-01-04,info,reconnu,Directive d'épuration politique du SCAP,"Tokyo, Japon","Le commandement de MacArthur ordonne d'écarter de la vie publique les militaristes et les ultranationalistes. Environ 200 000 personnes sont épurées, avant que le « revirement » n'en réhabilite la plupart.",Japon,"35.69,139.69",https://en.wikipedia.org/w/index.php?search=Purge%20%28occupation%20of%20Japan%29
1946-02,info,reconnu,Constitution japonaise rédigée par le GHQ,"Tokyo, Japon","En février 1946, la section gouvernementale du GHQ rédige en une dizaine de jours le projet de constitution, que le gouvernement japonais doit reprendre. L'origine américaine du texte reste un sujet de débat au Japon.",Japon,"35.69,139.69",https://fr.wikipedia.org/w/index.php?search=Constitution%20du%20Japon
1946-02-11,info,reconnu,« Livre bleu » contre Perón,"Washington, États-Unis","Deux semaines avant la présidentielle, le département d'État publie un rapport accusant Perón de collusion avec les nazis. Perón est élu le 24 février.",Argentine,"-34.6,-58.38",https://en.wikipedia.org/w/index.php?search=Blue%20Book%20on%20Argentina
1946-03,crime,reconnu,Habitants de Bikini déplacés,"Bikini, Îles Marshall",La marine américaine évacue les 167 habitants de Bikini vers Rongerik pour y mener des essais nucléaires. Ils y souffrent de famine avant d'être à nouveau déplacés.,Îles Marshall (tutelle américaine),"11.58,165.38",https://en.wikipedia.org/w/index.php?search=Bikini%20Atoll
1946-04,sabot,reconnu,Loi Bell et clause de parité,"Manille, Philippines",La loi Bell conditionne l'aide à la reconstruction à l'octroi aux Américains de droits égaux sur les ressources des Philippines et lie le peso au dollar. La Constitution philippine doit être amendée.,Philippines,"14.6,120.98",https://en.wikipedia.org/w/index.php?search=Bell%20Trade%20Act
1946-05-04,coup,reconnu,Hatoyama Ichirō épuré à la veille du pouvoir,"Tokyo, Japon","Le chef du Parti libéral, vainqueur des élections d'avril 1946, est frappé d'épuration par le GHQ à la veille de sa désignation. Yoshida Shigeru prend la tête du gouvernement à sa place.",Japon,"35.69,139.69",https://en.wikipedia.org/w/index.php?search=Ichir%C5%8D%20Hatoyama
1946-05-28,sabot,reconnu,Accords Blum-Byrnes,"Washington, États-Unis","En échange d'une remise de dette et de nouveaux crédits, la France abandonne les quotas qui protégeaient son cinéma face aux films américains. L'accord suscite une vive protestation de la profession.",France,"48.86,2.35",https://fr.wikipedia.org/w/index.php?search=Accords%20Blum-Byrnes
1946-07-01,crime,reconnu,"Opération Crossroads, essai Able","Bikini, Îles Marshall",Premier essai nucléaire d'après-guerre : une bombe est larguée sur une flotte de navires cibles dans le lagon de Bikini.,Îles Marshall (tutelle américaine),"11.58,165.38",https://fr.wikipedia.org/w/index.php?search=Op%C3%A9ration%20Crossroads
1946-07-25,crime,reconnu,Essai sous-marin Baker à Bikini,"Bikini, Îles Marshall",L'explosion sous-marine Baker contamine massivement le lagon et les navires. Des milliers de marins sont exposés lors des opérations de décontamination.,Îles Marshall (tutelle américaine),"11.58,165.38",https://en.wikipedia.org/w/index.php?search=Operation%20Crossroads
1946-10,crime,reconnu,Répression du soulèvement de Daegu,"Daegu, Corée",Des grèves et émeutes partent de Daegu et gagnent le Sud. Le gouvernement militaire américain proclame la loi martiale et fait réprimer le mouvement par la police et ses troupes.,Corée du Sud,"35.87,128.6",https://en.wikipedia.org/w/index.php?search=Autumn%20Uprising%20of%201946
1946-12-24,crime,reconnu,Viol de Shen Chong à Pékin,"Pékin, Chine","Un marine américain viole l'étudiante Shen Chong. Condamné en cour martiale, il est acquitté en appel à Washington. L'affaire déclenche des manifestations anti-américaines dans toute la Chine.",Chine,"39.9,116.4",https://en.wikipedia.org/w/index.php?search=Shen%20Chong%20incident
1947,espion,reconnu,Klaus Barbie recruté par le CIC,Allemagne,Le contre-espionnage de l'armée américaine (CIC) emploie l'ancien chef de la Gestapo de Lyon comme informateur et le soustrait aux demandes françaises. Un rapport du département de la Justice le reconnaît en 1983.,Allemagne; France,"48.37,10.9; 45.76,4.84",https://fr.wikipedia.org/w/index.php?search=Klaus%20Barbie
1947,crime,reconnu,Immunité de l'unité 731 contre ses données,"Tokyo, Japon","Washington accorde l'immunité à Shirō Ishii et aux membres de l'unité 731, auteurs d'expériences mortelles sur des prisonniers en Chine, en échange de leurs données sur les armes biologiques. Les archives déclassifiées l'établissent.",Japon; Chine,"35.69,139.69; 45.61,126.62",https://fr.wikipedia.org/w/index.php?search=Unit%C3%A9%20731
1947,crime,documenté,Survivants étudiés sans être soignés,"Hiroshima, Japon","La Commission des victimes de la bombe atomique, créée par les États-Unis, examine des dizaines de milliers de survivants de Hiroshima et Nagasaki sans leur fournir de soins. Nombre d'entre eux l'ont vécu comme une expérimentation.",Japon,"34.39,132.46; 32.75,129.87",https://en.wikipedia.org/w/index.php?search=Atomic%20Bomb%20Casualty%20Commission
1947-01-31,info,reconnu,MacArthur interdit la grève générale,"Tokyo, Japon","La veille de la grève générale du 1er février 1947, préparée par les syndicats du secteur public, MacArthur l'interdit par ordre du commandement allié. Les dirigeants syndicaux doivent l'annuler à la radio.",Japon,"35.69,139.69",https://fr.wikipedia.org/w/index.php?search=Gr%C3%A8ve%20g%C3%A9n%C3%A9rale%20du%201er%20f%C3%A9vrier%201947%20au%20Japon
1947-03-12,arme,reconnu,Doctrine Truman : aide militaire à la Grèce,"Athènes, Grèce",Truman obtient du Congrès 400 millions de dollars pour la Grèce et la Turquie. Armes et conseillers américains soutiennent l'armée gouvernementale grecque contre les communistes pendant la guerre civile.,Grèce,"37.98,23.73",https://fr.wikipedia.org/w/index.php?search=Doctrine%20Truman
1947-03-14,arme,reconnu,Accord sur les bases militaires de 1947,"Manille, Philippines","Les Philippines, dépendantes de l'aide américaine, accordent pour 99 ans une vingtaine de bases, dont Clark et Subic, avec juridiction américaine sur les crimes commis à l'intérieur.",Philippines,"15.18,120.55",https://en.wikipedia.org/w/index.php?search=Military%20Bases%20Agreement%201947%20Philippines
1947-05,coup,documenté,Communistes exclus du gouvernement italien,"Rome, Italie","Au retour d'un voyage à Washington où il obtient des crédits, Alcide De Gasperi forme fin mai 1947 un gouvernement sans communistes ni socialistes, conformément aux vœux de l'administration Truman.",Italie,"41.9,12.5",https://fr.wikipedia.org/w/index.php?search=Governo%20De%20Gasperi%20IV
1947-05-05,coup,allégué,Ministres communistes évincés en France,"Paris, France","Paul Ramadier renvoie les ministres communistes. Le poids des pressions américaines, liées aux crédits attendus, reste débattu par les historiens.",France,"48.86,2.35",https://fr.wikipedia.org/w/index.php?search=R%C3%A9vocation%20des%20ministres%20communistes%20en%20mai%201947
1947-11,info,documenté,Grèves de Marseille brisées,"Marseille, France","Selon l'historien Alfred McCoy, des fonds américains transitant par Irving Brown servent à payer des nervis du milieu corse pour briser les grèves communistes sur le port.",France,"43.3,5.37",https://fr.wikipedia.org/w/index.php?search=Gr%C3%A8ves%20de%201947%20en%20France
1947-12,info,documenté,Scission de la CGT financée,"Paris, France","Des fonds de la fédération syndicale AFL, puis de la CIA, versés via Irving Brown, soutiennent la naissance de Force ouvrière contre la CGT dominée par les communistes.",France,"48.86,2.35",https://fr.wikipedia.org/w/index.php?search=Irving%20Brown
1947-12,crime,reconnu,Habitants d'Enewetak déplacés,"Enewetak, Îles Marshall",Les habitants d'Enewetak sont transférés sur l'atoll d'Ujelang pour libérer leur atoll aux essais. Ils ne reviendront qu'en 1980.,Îles Marshall (tutelle américaine),"11.5,162.33",https://en.wikipedia.org/w/index.php?search=Enewetak%20Atoll
1948,info,reconnu,Programme BEDAMN,"Téhéran, Iran","La CIA lance un programme de propagande et d'action politique contre l'URSS et le Toudeh, doté d'environ un million de dollars par an selon l'historien Mark Gasiorowski. Il sera retourné contre Mossadegh en 1953. Confirmé par les archives du département d'État (FRUS, 2017).",Iran,"35.69,51.39",https://en.wikipedia.org/w/index.php?search=BEDAMN
1948-02,arme,reconnu,Van Fleet dirige la contre-insurrection grecque,"Athènes, Grèce","Le général James Van Fleet prend la tête de la mission militaire américaine (JUSMAPG), qui conseille l'état-major grec jusqu'à la défaite des communistes en 1949.",Grèce,"37.98,23.73",https://en.wikipedia.org/w/index.php?search=Joint%20United%20States%20Military%20Advisory%20and%20Planning%20Group
1948-03,arme,reconnu,Plan d'intervention militaire en Italie,"Washington, États-Unis","La directive NSC 1/3 envisage une aide militaire et le déploiement de forces en Méditerranée si les communistes gagnent le pouvoir en Italie, légalement ou non. Les documents sont déclassifiés.",Italie,"41.9,12.5",https://en.wikipedia.org/w/index.php?search=NSC%201/3%20Italy
1948-04,crime,reconnu,Opération Sandstone à Enewetak,"Enewetak, Îles Marshall","Trois essais atomiques, X-Ray, Yoke et Zebra, explosent sur l'atoll d'Enewetak, dont les habitants ont été déplacés à Ujelang quelques mois plus tôt.",Îles Marshall (tutelle américaine),"11.5,162.3",https://en.wikipedia.org/w/index.php?search=Operation%20Sandstone
1948-04,info,documenté,Fonds de contrepartie du plan Marshall,Europe occidentale,Une part des fonds de contrepartie versés par les pays aidés reste à la disposition de Washington. Des historiens établissent qu'une partie a financé les opérations clandestines de l'OPC et de la CIA.,France; Italie,"48.86,2.35; 41.9,12.5",https://fr.wikipedia.org/w/index.php?search=Fonds%20de%20contrepartie%20plan%20Marshall
1948-04-03,crime,reconnu,Répression à Jeju sous gouvernement américain,"Jeju, Corée",Le soulèvement du 3 avril 1948 est réprimé par la police et des milices sous l'autorité du gouvernement militaire américain. La commission sud-coréenne de 2003 estime les morts de l'ensemble des événements à 25 000 à 30 000.,Corée du Sud,"33.5,126.53",https://fr.wikipedia.org/w/index.php?search=Soul%C3%A8vement%20de%20Jeju
1948-04-03,arme,reconnu,Loi d'aide à la Chine,"Nankin, Chine","Le Congrès vote le China Aid Act : environ 460 millions de dollars, dont 125 millions utilisables pour l'armée, pour le régime de Tchang Kaï-chek en pleine guerre civile.",Chine,"32.06,118.8",https://en.wikipedia.org/w/index.php?search=China%20Aid%20Act%20of%201948
1948-04-03,info,reconnu,Propagande du plan Marshall,Europe occidentale,"L'administration du plan Marshall finance films, expositions, trains et brochures pour promouvoir le modèle américain et combattre l'influence communiste en Europe.",France; Italie; Allemagne (RFA),"48.86,2.35; 41.9,12.5; 50.73,7.1",https://fr.wikipedia.org/w/index.php?search=Plan%20Marshall
1948-04-09,mort,allégué,Assassinat de Jorge Eliécer Gaitán,"Bogotá, Colombie",L'assassinat du dirigeant libéral déclenche le Bogotazo pendant la conférence panaméricaine. Sa fille Gloria Gaitán accuse la CIA d'avoir organisé le meurtre ; aucune preuve n'a été produite.,Colombie,"4.71,-74.07",https://fr.wikipedia.org/w/index.php?search=Jorge%20Eli%C3%A9cer%20Gait%C3%A1n
1948-04-18,info,reconnu,Élections italiennes de 1948,"Rome, Italie",La CIA finance la Démocratie chrétienne et une campagne de propagande pour empêcher la victoire du Front populaire. Washington menace de couper l'aide du plan Marshall.,Italie,"41.9,12.5",https://fr.wikipedia.org/w/index.php?search=%C3%89lections%20g%C3%A9n%C3%A9rales%20italiennes%20de%201948
1948-05-10,info,reconnu,Élections séparées du 10 mai 1948,"Séoul, Corée du Sud","Organisées sous le gouvernement militaire et une commission de l'ONU voulue par Washington, les élections n'ont lieu qu'au Sud. La gauche et des nationalistes les boycottent. Des centaines de personnes meurent dans les violences.",Corée du Sud,"37.57,126.98",https://fr.wikipedia.org/w/index.php?search=%C3%89lection%20l%C3%A9gislative%20sud-cor%C3%A9enne%20de%201948
1948-06,info,reconnu,Opération Bloodstone,Allemagne occupée,Programme approuvé en 1948 pour recruter des émigrés d'Europe de l'Est à des fins de propagande et d'action clandestine. Il accueille d'anciens collaborateurs des nazis.,Allemagne occupée,"50.73,7.1",https://en.wikipedia.org/w/index.php?search=Operation%20Bloodstone
1948-06-08,crime,documenté,Pêcheurs tués sur les rochers de Dokdo,"Dokdo, Corée du Sud",Des bombardiers américains utilisent les îlots comme cible d'entraînement et tuent des pêcheurs coréens présents sur place. Le bilan reste discuté selon les sources.,Corée du Sud,"37.24,131.87",https://en.wikipedia.org/w/index.php?search=Liancourt%20Rocks%20bombing%20incident
1948-06-10,info,reconnu,Loi du bâillon,"San Juan, Porto Rico","La loi 53, adoptée sous un gouverneur nommé par Washington, punit le fait de chanter un chant patriotique ou de montrer le drapeau portoricain à des fins indépendantistes. Elle est abrogée en 1957.",Porto Rico,"18.47,-66.11",https://fr.wikipedia.org/w/index.php?search=Ley%20de%20la%20Mordaza
1948-07-31,info,reconnu,Droit de grève retiré aux fonctionnaires,"Tokyo, Japon","Sur une lettre de MacArthur, le gouvernement Ashida publie l'ordonnance 201, qui prive les fonctionnaires du droit de grève et de négociation collective. La mesure marque le « revirement » de l'occupation.",Japon,"35.69,139.69",https://en.wikipedia.org/w/index.php?search=Reverse%20Course
1948-10,info,documenté,La revue Der Monat,"Berlin-Ouest, Allemagne","Melvin Lasky fonde Der Monat avec des fonds du gouvernement militaire américain. La revue passe ensuite sous l'égide du Congrès pour la liberté de la culture, financé par la CIA.",Allemagne (Berlin-Ouest),"52.52,13.4",https://en.wikipedia.org/w/index.php?search=Der%20Monat
1948-10-07,info,reconnu,Le « revirement » adopté à Washington,"Tokyo, Japon","Le Conseil de sécurité nationale adopte le NSC 13/2, inspiré par George Kennan. Il fait passer l'occupation de la démocratisation au redressement économique et à l'anticommunisme, et freine épurations et réformes.",Japon,"35.69,139.69",https://en.wikipedia.org/w/index.php?search=Reverse%20Course
1948-10-19,crime,documenté,Répression de Yeosu-Suncheon,"Yeosu, Corée du Sud","Un régiment se mutine à Yeosu. La reprise de Yeosu et Suncheon, planifiée avec des conseillers américains dont James Hausman, s'accompagne d'exécutions massives de civils.",Corée du Sud,"34.76,127.66; 34.95,127.49",https://fr.wikipedia.org/w/index.php?search=R%C3%A9bellion%20de%20Yeosu-Suncheon
1948-11,crime,documenté,Terre brûlée à Jeju avec conseillers américains,"Jeju, Corée du Sud","De novembre 1948 à début 1949, l'armée sud-coréenne brûle les villages de l'intérieur de Jeju et massacre leurs habitants. Des conseillers militaires américains encadrent et suivent la campagne.",Corée du Sud,"33.38,126.56",https://en.wikipedia.org/w/index.php?search=Jeju%20uprising
1948-11-24,coup,allégué,Renversement de Rómulo Gallegos,"Caracas, Venezuela","Renversé par l'armée, le président Gallegos accuse les compagnies pétrolières et un attaché militaire américain d'avoir soutenu le coup. Washington dément.",Venezuela,"10.5,-66.9",https://fr.wikipedia.org/w/index.php?search=R%C3%B3mulo%20Gallegos
1948-12-24,info,reconnu,Kishi Nobusuke libéré de Sugamo,"Tokyo, Japon","Le lendemain de la pendaison de Tōjō, les autorités d'occupation libèrent sans procès Kishi Nobusuke, ministre du cabinet Tōjō, ainsi que Kodama Yoshio et Sasakawa Ryōichi. Kishi devient Premier ministre en 1957.",Japon,"35.73,139.72",https://fr.wikipedia.org/w/index.php?search=Nobusuke%20Kishi
1949,espion,reconnu,Opération Redsox,URSS,La CIA parachute en URSS des agents recrutés parmi les émigrés jusqu'au milieu des années 1950. La plupart sont arrêtés ou retournés par les services soviétiques.,URSS,"55.75,37.62",https://en.wikipedia.org/w/index.php?search=Operation%20Redsox
1949,info,documenté,L'ACUE finance le Mouvement européen,"Bruxelles, Belgique","L'American Committee on United Europe, dirigé par d'anciens responsables du renseignement, verse des fonds venus en partie de la CIA au Mouvement européen jusqu'en 1960, selon les recherches de Richard Aldrich.",Belgique; France,"50.85,4.35; 48.86,2.35",https://en.wikipedia.org/w/index.php?search=American%20Committee%20on%20United%20Europe
1949-03-30,coup,documenté,Coup d'État de Husni al-Zaim,"Damas, Syrie",Des archives et l'agent Miles Copeland décrivent des contacts de la CIA avec les putschistes. Le nouveau régime ratifie le passage de l'oléoduc Tapline.,Syrie,"33.51,36.29",https://en.wikipedia.org/w/index.php?search=March%201949%20Syrian%20coup%20d%27%C3%A9tat
1949-07,espion,reconnu,La CIA prend en charge l'organisation Gehlen,"Pullach, Allemagne","La CIA reprend à l'armée le financement et la tutelle du réseau de Reinhard Gehlen, qui emploie d'anciens officiers SS et de la Wehrmacht. L'organisation devient le BND en 1956.",Allemagne (RFA),"48.06,11.52",https://fr.wikipedia.org/w/index.php?search=Organisation%20Gehlen
1949-07-06,mort,allégué,"Mort de Shimoyama, implication alléguée","Tokyo, Japon","Le président des chemins de fer nationaux, chargé de licencier des dizaines de milliers de cheminots, est retrouvé déchiqueté sur une voie. Le romancier Matsumoto Seichō attribue sa mort au renseignement de l'occupation. L'affaire n'est pas élucidée.",Japon,"35.76,139.83",https://fr.wikipedia.org/w/index.php?search=Affaire%20Shimoyama
1949-08,crime,documenté,Napalm sur les monts Grammos et Vitsi,"Grammos, Grèce","L'aviation grecque, équipée par les États-Unis, largue du napalm fourni par Washington sur les maquis communistes lors des offensives finales de la guerre civile, en 1948-1949.",Grèce,"40.35,20.85",https://en.wikipedia.org/w/index.php?search=Battle%20of%20Grammos-Vitsi
1949-08-17,sabot,allégué,Déraillement de Matsukawa,"Fukushima, Japon","Le sabotage d'une voie fait dérailler un train et tue trois cheminots. Des syndicalistes communistes sont condamnés puis tous acquittés en 1963. Des auteurs japonais soupçonnent le renseignement américain, sans preuve établie.",Japon,"37.68,140.44",https://en.wikipedia.org/w/index.php?search=Matsukawa%20derailment
1949-09,arme,reconnu,Soutien à la guérilla ukrainienne,Ouest de l'Ukraine soviétique,Programme Aerodynamic : la CIA parachute agents et matériel aux nationalistes ukrainiens et protège leur représentant Mykola Lebed. Documents déclassifiés en 2007.,Ukraine (URSS),"49.84,24.03",https://en.wikipedia.org/w/index.php?search=Operation%20Aerodynamic
1949-10,arme,reconnu,Parachutages en Albanie,Albanie,"Opération Valuable/BGFiend : la CIA et le MI6 infiltrent des exilés albanais jusqu'en 1953. Trahis notamment par Kim Philby, la plupart sont capturés ou tués.",Albanie,"41.33,19.82",https://en.wikipedia.org/w/index.php?search=Operation%20Valuable%20Fiend
1949-11,sabot,reconnu,Création du CoCom contre le bloc soviétique,"Paris, France",Washington fonde avec ses alliés un comité qui interdit l'exportation de technologies stratégiques vers l'URSS et ses alliés. L'embargo reste en place jusqu'en 1994.,URSS,"55.75,37.62",https://en.wikipedia.org/w/index.php?search=Coordinating%20Committee%20for%20Multilateral%20Export%20Controls
1949-11-27,crime,allégué,Massacre de Zhazidong,"Chongqing, Chine","Les services du Kuomintang exécutent des centaines de prisonniers communistes avant la chute de Chongqing. Pékin l'attribue au « complexe SACO » sino-américain, un rôle américain non établi.",Chine,"29.57,106.45",https://en.wikipedia.org/w/index.php?search=Massacre%20du%2027%20novembre%20Zhazidong
1950,info,documenté,Paix et Liberté,"Paris, France","Le mouvement anticommuniste de Jean-Paul David diffuse affiches et émissions. Des historiens établissent qu'il reçoit, outre des fonds publics français, un financement américain.",France,"48.86,2.35",https://fr.wikipedia.org/w/index.php?search=Paix%20et%20Libert%C3%A9
1950,info,reconnu,« Purge rouge » au Japon,"Tokyo, Japon","Sur instruction du commandement de l'occupation, des milliers de communistes et syndicalistes sont chassés de la fonction publique, des médias et des entreprises, dans le cadre du « changement de cap » de l'occupation.",Japon,"35.69,139.69",https://en.wikipedia.org/w/index.php?search=Red%20Purge
1950,arme,reconnu,La CIA rachète la compagnie CAT,"Taipei, Taïwan","La CIA achète la compagnie aérienne Civil Air Transport. Elle ravitaille les nationalistes, largue des agents en Chine et devient Air America.",Taïwan; Chine,"25.04,121.56; 39.9,116.4",https://fr.wikipedia.org/w/index.php?search=Civil%20Air%20Transport
1950,info,documenté,Kodama Yoshio employé par la CIA,"Tokyo, Japon","Selon des archives américaines publiées dans les années 2000, la CIA confie à Kodama Yoshio, ancien criminel de guerre présumé, une opération de contrebande de tungstène depuis la Chine. L'opération échoue et Kodama garde les fonds.",Japon,"35.69,139.69",https://en.wikipedia.org/w/index.php?search=Yoshio%20Kodama
1950,info,documenté,Financement des syndicats CISL et UIL,"Rome, Italie","Les syndicats américains et les services de renseignement soutiennent financièrement les centrales nées de la scission de la CGIL, pour affaiblir le syndicat dominé par les communistes.",Italie,"41.9,12.5",https://fr.wikipedia.org/w/index.php?search=Confederazione%20Italiana%20Sindacati%20Lavoratori
1950-04-08,espion,reconnu,Privateer abattu au-dessus de la Baltique,"Liepāja, Lettonie",Un avion de renseignement électronique de l'US Navy est abattu par des chasseurs soviétiques près de la côte lettone. Les dix membres d'équipage disparaissent.,Lettonie (URSS),"56.5,21.0",https://en.wikipedia.org/w/index.php?search=1950%20Baltic%20Sea%20incident
1950-05,arme,reconnu,Financement de la guerre française d'Indochine,"Hanoï, Vietnam","Washington annonce une aide militaire à la France en Indochine. En 1954, les États-Unis financent près de 80 % du coût de la guerre contre le Việt Minh.",Vietnam,"21.03,105.85",https://fr.wikipedia.org/w/index.php?search=Guerre%20d%27Indochine
1950-06,crime,reconnu,Massacre de la Ligue Bodo,Corée du Sud,"Au début de la guerre, l'armée et la police sud-coréennes exécutent des dizaines de milliers de membres présumés de gauche inscrits à la Ligue Bodo. Des officiers américains en sont témoins et les archives montrent que le commandement en est informé.",Corée du Sud,"36.35,127.38; 35.87,128.6",https://fr.wikipedia.org/w/index.php?search=Massacre%20de%20la%20Ligue%20Bodo
1950-06-26,info,reconnu,Congrès pour la liberté de la culture,"Berlin, puis Paris","Fondé à Berlin et installé à Paris, il finance revues et colloques anticommunistes, dont Preuves. Son financement secret par la CIA est révélé en 1966-1967 puis reconnu.",France; Allemagne,"48.86,2.35; 52.52,13.4",https://fr.wikipedia.org/w/index.php?search=Congr%C3%A8s%20pour%20la%20libert%C3%A9%20de%20la%20culture
1950-06-27,arme,reconnu,Intervention américaine en Corée,Corée,"Truman engage l'aviation et la marine, puis les troupes au sol le 30 juin, sous mandat de l'ONU. Environ 1,8 million d'Américains serviront dans la guerre.",Corée du Sud; Corée du Nord,"37.57,126.98; 39.02,125.75",https://fr.wikipedia.org/w/index.php?search=Guerre%20de%20Cor%C3%A9e
1950-06-27,arme,reconnu,7e flotte déployée dans le détroit de Taïwan,Détroit de Taïwan,"Au début de la guerre de Corée, Truman interpose la 7e flotte entre la Chine continentale et Taïwan, empêchant l'invasion de l'île par la République populaire.",Taïwan; Chine,"24.5,120.0; 26.08,119.3",https://en.wikipedia.org/w/index.php?search=Seventh%20Fleet%20Taiwan%20Strait%201950
1950-06-28,sabot,reconnu,Embargo total contre la Corée du Nord,"Pyongyang, Corée du Nord","Dès le début de la guerre, Washington interdit tout commerce avec la Corée du Nord en vertu du Trading with the Enemy Act. L'embargo reste en place jusqu'à un assouplissement partiel en 2000.",Corée du Nord,"39.03,125.75",https://en.wikipedia.org/w/index.php?search=Sanctions%20against%20North%20Korea
1950-07,crime,reconnu,Exécutions de Daejeon photographiées,"Daejeon, Corée du Sud",Des milliers de prisonniers politiques sont fusillés par la police sud-coréenne à Golryeong-gol. Un officier américain photographie les exécutions ; ces photos sont déclassifiées en 1999.,Corée du Sud,"36.28,127.47",https://en.wikipedia.org/w/index.php?search=Daejeon%20massacre
1950-07,crime,reconnu,Ordres de tirer sur les réfugiés,Corée du Sud,Des ordres de la 25e division et de la 1re division de cavalerie prescrivent de traiter les civils approchant des lignes comme ennemis. Un mémo de l'Air Force évoque le mitraillage de colonnes de réfugiés.,Corée du Sud,"36.2,127.9",https://en.wikipedia.org/w/index.php?search=Korean%20War%20refugee%20policy
1950-07-04,info,reconnu,Radio Free Europe,"Munich, Allemagne",La radio financée par la CIA commence à émettre vers l'Europe de l'Est. Le financement secret est reconnu en 1971.,Pologne; Hongrie; Tchécoslovaquie,"52.23,21.01; 47.5,19.04; 50.09,14.42",https://fr.wikipedia.org/w/index.php?search=Radio%20Free%20Europe
1950-07-11,crime,documenté,Bombardement de la gare d'Iri,"Iri (Iksan), Corée du Sud","Des avions américains bombardent la gare d'Iri, loin du front, tuant de nombreux civils. La commission Vérité et Réconciliation sud-coréenne a enquêté sur l'attaque.",Corée du Sud,"35.94,126.95",https://en.wikipedia.org/w/index.php?search=Iri%20station%20bombing
1950-07-26,crime,reconnu,Lettre Muccio sur les réfugiés,"Busan, Corée du Sud","L'ambassadeur John Muccio informe le département d'État que l'armée tirera sur les réfugiés qui s'approchent des lignes américaines. Sa lettre, retrouvée en 2006, n'a pas été citée par l'enquête officielle.",Corée du Sud,"35.18,129.07",https://en.wikipedia.org/w/index.php?search=No%20Gun%20Ri%20massacre%20Muccio%20letter
1950-07-26,crime,reconnu,Massacre de No Gun Ri,"No Gun Ri, Corée du Sud","Du 26 au 29 juillet, le 7e de cavalerie tire sur des réfugiés sous un pont ferroviaire. Les survivants estiment les morts à environ 400. L'armée reconnaît les faits en 2001 et Clinton exprime ses regrets.",Corée du Sud,"36.23,127.79",https://fr.wikipedia.org/w/index.php?search=Massacre%20de%20No%20Gun%20Ri
1950-08,crime,documenté,Autres ponts détruits avec des réfugiés,"Fleuve Naktong, Corée du Sud",L'enquête de l'AP en 1999 fait état d'autres ponts du Naktong détruits par les unités du génie américaines en août 1950 alors que des civils les traversaient.,Corée du Sud,"35.8,128.38",https://en.wikipedia.org/w/index.php?search=Korean%20War%20bridge%20bombings%20refugees
1950-08-03,crime,documenté,Pont de Waegwan dynamité avec des réfugiés,"Waegwan, Corée du Sud","Sur ordre du général Hobart Gay, l'armée américaine fait sauter le pont du Naktong à Waegwan alors que des réfugiés le traversent. Des centaines seraient morts, selon l'enquête de l'AP en 1999.",Corée du Sud,"35.99,128.4",https://en.wikipedia.org/w/index.php?search=Waegwan%20bridge%20bombing
1950-09,arme,documenté,Lansdale contre les Huks,"Manille, Philippines","Edward Lansdale, officier de la CIA, conseille le ministre de la Défense Magsaysay contre l'insurrection des Huks. Il mêle opérations militaires et guerre psychologique, dont la mise en scène de victimes d'un « vampire ».",Philippines,"14.6,120.98; 15.2,120.9",https://en.wikipedia.org/w/index.php?search=Hukbalahap%20Rebellion
1950-09,arme,reconnu,Création du MAAG Indochine,"Saïgon, Vietnam",Un groupe consultatif d'assistance militaire américain (MAAG) s'installe à Saïgon pour gérer les livraisons d'armes aux forces françaises et associées.,Vietnam,"10.78,106.7",https://en.wikipedia.org/w/index.php?search=Military%20Assistance%20Advisory%20Group
1950-09-01,crime,documenté,Tirs sur la plage de Pohang,"Pohang, Corée du Sud","Le destroyer USS DeHaven tire sur un camp de réfugiés au bord de la mer près de Pohang, à la demande de l'armée. La commission Vérité et Réconciliation conclut en 2008 à la mort de 100 à 200 civils.",Corée du Sud,"36.02,129.37",https://en.wikipedia.org/w/index.php?search=Pohang%20beach%20shooting
1950-09-10,crime,documenté,Napalm sur le village de Wolmido,"Incheon, Corée du Sud","Avant le débarquement d'Incheon, des avions de la marine américaine bombardent au napalm l'île de Wolmido. La commission Vérité et Réconciliation conclut en 2008 que des civils y ont été tués sans discernement.",Corée du Sud,"37.47,126.6",https://en.wikipedia.org/w/index.php?search=Wolmido%20massacre
1950-10,arme,documenté,Agents parachutés en Lituanie,Lituanie,Le partisan Juozas Lukša est déposé en Lituanie avec deux compagnons pour renforcer la résistance armée antisoviétique. Des historiens attribuent l'opération à la CIA.,Lituanie (URSS),"54.69,25.28",https://en.wikipedia.org/w/index.php?search=Juozas%20Luk%C5%A1a
1950-10,arme,reconnu,Invasion de la Corée du Nord,"38e parallèle, Corée","Après Incheon, les forces américaines franchissent le 38e parallèle et prennent Pyongyang le 19 octobre, visant la réunification par la force. L'avancée vers le Yalou provoque l'entrée en guerre de la Chine.",Corée du Nord,"39.02,125.75",https://fr.wikipedia.org/w/index.php?search=Guerre%20de%20Cor%C3%A9e
1950-10,crime,allégué,Massacre de Sinchon allégué,"Sinchon, Corée du Nord",Pyongyang accuse les troupes américaines d'avoir tué 35 000 civils à Sinchon d'octobre à décembre 1950. Des historiens attribuent surtout les tueries à des milices anticommunistes coréennes.,Corée du Nord,"38.36,125.48",https://fr.wikipedia.org/w/index.php?search=Massacre%20de%20Sinchon
1950-10,arme,reconnu,Bombardement de Jayuya,"Jayuya, Porto Rico","Pendant l'insurrection nationaliste, des avions de la Garde nationale bombardent Jayuya et Utuado. Porto Rico est alors un territoire sous administration américaine.",Porto Rico,"18.22,-66.59",https://en.wikipedia.org/w/index.php?search=Jayuya%20Uprising
1950-10-08,arme,reconnu,Aérodrome soviétique mitraillé,"Soukhaïa Retchka, URSS","Deux F-80 américains mitraillent l'aérodrome soviétique de Soukhaïa Retchka, près de Vladivostok, à une centaine de kilomètres de la frontière coréenne. Washington présente ses excuses.",URSS,"43.4,132.1",https://en.wikipedia.org/w/index.php?search=Sukhaya%20Rechka%20airfield%20attack
1950-11-08,crime,reconnu,Incendie de Sinuiju,"Sinuiju, Corée du Nord","Après l'ordre de MacArthur de brûler les villes proches du Yalou, des B-29 larguent des bombes incendiaires sur Sinuiju. Une grande partie de la ville est détruite.",Corée du Nord,"40.1,124.4",https://en.wikipedia.org/w/index.php?search=Bombing%20of%20North%20Korea
1950-11-30,arme,reconnu,Menace atomique de Truman,"Washington, États-Unis","Interrogé en conférence de presse, Truman déclare que l'emploi de la bombe atomique en Corée est « à l'étude ». MacArthur demande ensuite des bombes atomiques.",Corée du Nord; Chine,"39.02,125.75; 39.9,116.4",https://en.wikipedia.org/w/index.php?search=Atomic%20bomb%20Korean%20War%20Truman
1950-12,sabot,reconnu,Embargo total sur la Chine populaire,"Pékin, Chine","Truman déclare l'état d'urgence, gèle les avoirs chinois et interdit tout commerce avec la Chine populaire. L'embargo dure jusqu'en 1971.",Chine,"39.9,116.4",https://en.wikipedia.org/w/index.php?search=United%20States%20embargo%20against%20China
1950-12-02,info,reconnu,Érythrée fédérée à l'Éthiopie,"Asmara, Érythrée","La résolution 390 de l'ONU, soutenue par Washington, fédère l'Érythrée à l'Éthiopie alliée. John Foster Dulles justifie ce choix par l'intérêt stratégique américain en mer Rouge plutôt que par l'avis des Érythréens.",Érythrée,"15.33,38.93",https://en.wikipedia.org/w/index.php?search=United%20Nations%20General%20Assembly%20Resolution%20390
1950-12-24,arme,reconnu,Liste de cibles atomiques de MacArthur,"Tokyo, Japon","MacArthur transmet à Washington une liste de cibles en Corée et en Chine exigeant 26 bombes atomiques. La demande, connue par des archives, est refusée.",Corée du Nord,"39.03,125.75",https://fr.wikipedia.org/w/index.php?search=Douglas%20MacArthur
1950-12-24,arme,reconnu,Port de Hungnam détruit à l'explosif,"Hungnam, Corée du Nord","À la fin de l'évacuation de Hungnam, l'armée et la marine américaines font sauter les installations portuaires pour ne rien laisser aux forces chinoises.",Corée du Nord,"39.83,127.62",https://fr.wikipedia.org/w/index.php?search=%C3%89vacuation%20de%20Hungnam
1951,arme,reconnu,Caches d'armes secrètes en Autriche,Autriche,"Au début des années 1950, les services américains enterrent des dizaines de dépôts d'armes et d'explosifs pour un réseau stay-behind. Washington en livre la liste à Vienne en 1996.",Autriche,"48.21,16.37",https://en.wikipedia.org/w/index.php?search=Operation%20Gladio
1951,sabot,documenté,Sabotages de la KgU en RDA,Berlin-Ouest,"Le Groupe de combat contre l'inhumanité, financé par les services américains, mène au début des années 1950 des actions de sabotage et de propagande en Allemagne de l'Est.",Allemagne de l'Est,"52.52,13.4",https://en.wikipedia.org/w/index.php?search=Kampfgruppe%20gegen%20Unmenschlichkeit
1951,crime,documenté,Interrogatoires Artichoke en Allemagne,"Oberursel, Allemagne","Au Camp King, la CIA soumet des prisonniers et agents soupçonnés à des interrogatoires sous drogues dans le cadre du programme Artichoke, précurseur de MK-Ultra.",Allemagne,"50.2,8.57",https://en.wikipedia.org/w/index.php?search=Project%20ARTICHOKE
1951,arme,documenté,Raids depuis les îles avec Western Enterprises,"Kinmen, Taïwan","Sous couvert de la société Western Enterprises, la CIA arme et forme des guérilleros nationalistes qui lancent des raids sur les côtes chinoises depuis les îles tenues par Taïwan.",Taïwan; Chine,"24.44,118.32; 24.48,118.1",https://en.wikipedia.org/w/index.php?search=Western%20Enterprises
1951,arme,documenté,Sea Supply et police thaïlandaise,"Bangkok, Thaïlande","Par la société écran Sea Supply, la CIA arme et forme la police thaïlandaise du général Phao et crée l'unité parachutiste PARU.",Thaïlande,"13.75,100.5",https://en.wikipedia.org/w/index.php?search=Police%20Aerial%20Reinforcement%20Unit
1951,sabot,documenté,Boycott du pétrole iranien nationalisé,"Abadan, Iran","Après la nationalisation de l'Anglo-Iranian Oil Company, les majors américaines se joignent au boycott britannique et refusent d'acheter le pétrole iranien. Les exportations s'effondrent.",Iran,"30.34,48.3",https://fr.wikipedia.org/w/index.php?search=Crise%20d%27Abadan
1951,arme,reconnu,Bases nucléaires américaines au Maroc,"Nouasseur, Maroc","Un accord conclu avec la France, sans le sultan, permet aux États-Unis de bâtir des bases du Strategic Air Command à Nouasseur, Sidi Slimane et Benguérir. Des bombardiers nucléaires y stationnent jusqu'en 1963.",Maroc,"33.37,-7.59; 34.26,-5.9",https://en.wikipedia.org/w/index.php?search=Nouasseur%20Air%20Base
1951,arme,reconnu,Agents de la « troisième force » parachutés,"Mandchourie, Chine","De 1951 à 1953, la CIA parachute 212 agents chinois en Chine. Selon sa propre revue interne, 101 sont tués et 111 capturés.",Chine,"41.8,123.43",https://en.wikipedia.org/w/index.php?search=CIA%20Third%20Force%20China
1951,arme,documenté,Agents coréens parachutés au Nord,Corée du Nord,L'armée américaine et la CIA larguent ou débarquent des milliers d'agents et de partisans coréens derrière les lignes. La plupart sont tués ou capturés.,Corée du Nord,"39.03,125.75",https://en.wikipedia.org/w/index.php?search=Covert%20Operations%20in%20North%20Korea
1951-01,crime,reconnu,Raids incendiaires sur Pyongyang,"Pyongyang, Corée du Nord","Début janvier 1951, les B-29 lancent des raids massifs de bombes incendiaires sur Pyongyang. Ils s'inscrivent dans la destruction systématique des villes du Nord.",Corée du Nord,"39.02,125.75",https://en.wikipedia.org/w/index.php?search=Bombing%20of%20North%20Korea
1951-01,crime,documenté,Napalm sur la grotte de Gokgyegul,"Danyang, Corée du Sud",Des avions américains attaquent au napalm une grotte où s'abritent des réfugiés près de Danyang. La commission Vérité et Réconciliation a établi la mort de nombreux civils.,Corée du Sud,"36.98,128.37",https://en.wikipedia.org/w/index.php?search=Danyang%20Gokgyegul%20massacre
1951-01-19,crime,reconnu,Bombardement de Sanseong-dong à Yecheon,"Yecheon, Corée du Sud","Des avions américains bombardent et mitraillent le village de Sanseong-dong, loin du front, et tuent des dizaines de civils. La Commission vérité et réconciliation sud-coréenne confirme l'attaque en 2008.",Corée du Sud,"36.65,128.44",https://en.wikipedia.org/w/index.php?search=Truth%20and%20Reconciliation%20Commission%20%28South%20Korea%29
1951-02,arme,reconnu,Siège naval de Wonsan,"Wonsan, Corée du Nord",La marine américaine bombarde Wonsan presque sans interruption de février 1951 à l'armistice. C'est le plus long siège naval de l'histoire récente de l'US Navy.,Corée du Nord,"39.15,127.44",https://en.wikipedia.org/w/index.php?search=Siege%20of%20Wonsan
1951-03,espion,reconnu,Exfiltration de Klaus Barbie vers la Bolivie,"Gênes, Italie","Le CIC fait sortir Barbie d'Europe par la filière du prêtre Krunoslav Draganović, sous le nom d'Altmann. Washington présente ses regrets à la France en 1983.",Italie; France,"44.41,8.93; 45.76,4.84",https://en.wikipedia.org/w/index.php?search=Ratlines%20%28World%20War%20II%20aftermath%29
1951-03,info,documenté,La revue Preuves,"Paris, France","Le Congrès pour la liberté de la culture lance Preuves à Paris. Le financement de la CIA, via des fondations écrans, est révélé en 1966-1967.",France,"48.86,2.35",https://fr.wikipedia.org/w/index.php?search=Preuves%20%28revue%29
1951-04,arme,documenté,Nationalistes chinois armés en Birmanie,"État shan, Birmanie",La CIA ravitaille par avion les troupes du Kuomintang réfugiées en Birmanie pour des incursions au Yunnan (opération Paper). La Birmanie porte plainte à l'ONU en 1953.,Birmanie; Chine,"21.0,98.0; 23.0,100.0",https://en.wikipedia.org/w/index.php?search=Operation%20Paper
1951-04,crime,reconnu,Opération Greenhouse à Enewetak,"Enewetak, Îles Marshall","Quatre essais, dont George, première expérience de fusion thermonucléaire, contaminent les îlots de l'atoll d'Enewetak.",Îles Marshall (tutelle américaine),"11.5,162.3",https://en.wikipedia.org/w/index.php?search=Operation%20Greenhouse
1951-04,arme,reconnu,Bombes atomiques envoyées à Guam,Guam,"Truman autorise le transfert de bombes atomiques complètes vers Guam, sous contrôle militaire, pour frapper la Chine ou la Corée si nécessaire. Elles sont ensuite rapatriées sans avoir servi.",Guam; Corée du Nord,"13.44,144.79; 39.03,125.75",https://en.wikipedia.org/w/index.php?search=Nuclear%20threats%20during%20the%20Korean%20War
1951-05,arme,reconnu,Mission militaire à Taïwan,"Taipei, Taïwan","Washington crée le MAAG, groupe de conseillers militaires, et arme le régime de Tchang Kaï-chek, qui gouverne sous loi martiale et mène la Terreur blanche.",Taïwan,"25.04,121.56",https://en.wikipedia.org/w/index.php?search=Military%20Assistance%20Advisory%20Group%20Taiwan
1951-05,arme,reconnu,Opération Strangle,Corée du Nord,"L'aviation américaine lance une campagne d'interdiction de plusieurs mois contre les routes, les ponts et les voies ferrées de Corée du Nord. Elle ne parvient pas à couper le ravitaillement du front.",Corée du Nord,"39.5,126.5",https://en.wikipedia.org/w/index.php?search=Operation%20Strangle%20%281951%29
1951-05-01,arme,reconnu,Barrage de Hwacheon torpillé,"Hwacheon, Corée","Des avions Skyraider de la marine américaine détruisent à la torpille les vannes du barrage de Hwacheon, pour empêcher l'ennemi de contrôler les eaux du fleuve.",Corée du Sud,"38.11,127.78",https://en.wikipedia.org/w/index.php?search=Hwacheon%20Dam
1951-08,info,reconnu,Ballons de tracts sur la Tchécoslovaquie,Tchécoslovaquie,"Le Free Europe Committee, financé par la CIA, lâche depuis la Bavière des milliers de ballons chargés de tracts (opération Prospero), puis sur la Hongrie et la Pologne jusqu'en 1956.",Tchécoslovaquie; Hongrie,"50.09,14.42; 47.5,19.04",https://en.wikipedia.org/w/index.php?search=Free%20Europe%20Committee
1951-08-16,crime,allégué,Pain maudit de Pont-Saint-Esprit,"Pont-Saint-Esprit, France",Une intoxication collective fait plusieurs morts. Le journaliste H. P. Albarelli y voit une expérience de la CIA au LSD. Cette thèse est rejetée par la plupart des historiens et toxicologues.,France,"44.26,4.65",https://fr.wikipedia.org/w/index.php?search=Affaire%20du%20pain%20maudit%20de%20Pont-Saint-Esprit
1951-08-25,arme,reconnu,Bombardement de Rashin,"Rashin (Rason), Corée du Nord","Des B-29 bombardent le port de Rashin, tout proche de la frontière soviétique, après une longue interdiction politique de frapper si près de l'URSS.",Corée du Nord,"42.25,130.3",https://en.wikipedia.org/w/index.php?search=Rason
1951-10,arme,reconnu,Opération Hudson Harbor,Corée du Nord,"Des B-29 simulent des largages de bombes atomiques sur la Corée du Nord avec des bombes factices ou conventionnelles, pour tester une frappe nucléaire sur le champ de bataille.",Corée du Nord,"39.02,125.75",https://en.wikipedia.org/w/index.php?search=Operation%20Hudson%20Harbor
1951-10-26,sabot,reconnu,Loi Battle contre le commerce Est-Ouest,"Washington, États-Unis",La loi Battle menace de couper l'aide américaine aux pays qui vendent des biens stratégiques au bloc soviétique. Elle contraint les alliés européens à s'aligner sur les listes d'embargo du COCOM.,France; Allemagne (RFA); Royaume-Uni,"48.86,2.35; 50.73,7.1; 51.51,-0.13",https://en.wikipedia.org/w/index.php?search=Mutual%20Defense%20Assistance%20Control%20Act
1951-11-06,espion,reconnu,Neptune abattu près de Vladivostok,"Mer du Japon, URSS",Un patrouilleur P2V Neptune de l'US Navy en mission de reconnaissance est abattu par des chasseurs soviétiques au large de Vladivostok. Les dix hommes à bord disparaissent.,URSS,"42.9,132.3",https://en.wikipedia.org/w/index.php?search=List%20of%20Cold%20War%20incidents%20involving%20U.S.%20aircraft
1951-11-25,crime,documenté,Enlèvement de l'écrivain Kaji Wataru,"Fujisawa, Japon","L'écrivain de gauche Kaji Wataru est enlevé par l'agence Canon, unité du renseignement militaire américain, et détenu au secret plus d'un an. Libéré en décembre 1952, il témoigne devant la Diète.",Japon,"35.34,139.49",https://en.wikipedia.org/w/index.php?search=Wataru%20Kaji
1951-12,crime,documenté,Opération Ratkiller,"Monts Jiri, Corée du Sud","Une force sud-coréenne encadrée par des conseillers américains ratisse les monts Jiri contre la guérilla. Des milliers de personnes sont tuées, dont de nombreux civils.",Corée du Sud,"35.34,127.73",https://en.wikipedia.org/w/index.php?search=Operation%20Ratkiller
1952,arme,documenté,Contre-guérilla en Turquie,"Ankara, Turquie","La Turquie crée la structure stay-behind qui deviendra la Contre-guérilla, formée et financée avec l'aide américaine. Elle est accusée de violences politiques dans les années 1970.",Turquie,"39.93,32.85",https://fr.wikipedia.org/w/index.php?search=Contre-gu%C3%A9rilla
1952,coup,reconnu,Opération PBFORTUNE,"Guatemala, Guatemala",La CIA prépare un premier plan d'armes et de soutien à Carlos Castillo Armas avec Somoza et la United Fruit. Le projet est annulé après une fuite. Les archives de la CIA l'ont déclassifié.,Guatemala,"14.63,-90.51",https://en.wikipedia.org/w/index.php?search=Operation%20PBFortune
1952,info,reconnu,Opération Demagnetize en Italie,"Rome, Italie","Plan secret du Psychological Strategy Board pour réduire la puissance du Parti communiste italien par l'action politique, psychologique et paramilitaire. Les documents sont déclassifiés.",Italie,"41.9,12.5",https://en.wikipedia.org/w/index.php?search=Operation%20Demagnetize
1952,info,reconnu,Opération Cloven en France,"Paris, France","Pendant français de Demagnetize, ce plan du Psychological Strategy Board vise à affaiblir le Parti communiste et la CGT par des moyens clandestins.",France,"48.86,2.35",https://en.wikipedia.org/w/index.php?search=Psychological%20Strategy%20Board%20France%20Italy%20communism
1952-02,crime,allégué,Guerre biologique alléguée,Corée du Nord et Chine,Pyongyang et Pékin accusent les États-Unis de larguer des insectes et germes infectés. Une commission dirigée par Joseph Needham les appuie ; des documents soviétiques publiés en 1998 suggèrent une fabrication.,Corée du Nord; Chine,"39.02,125.75; 40.13,124.39",https://en.wikipedia.org/w/index.php?search=Allegations%20of%20biological%20warfare%20in%20the%20Korean%20War
1952-02-18,crime,reconnu,Prisonniers tués au camp de Koje,"Geoje, Corée du Sud",Des soldats américains ouvrent le feu sur des prisonniers nord-coréens de l'enclos 62 du camp de Koje lors d'une opération de contrôle. Plusieurs dizaines de prisonniers sont tués.,Corée du Sud,"34.88,128.62",https://en.wikipedia.org/w/index.php?search=Geoje%20POW%20camp
1952-03,arme,reconnu,Opération Saturate,Corée du Nord,"Les forces aériennes de l'ONU, surtout américaines, concentrent jour et nuit leurs bombardements sur de courtes sections de voies ferrées nord-coréennes. La campagne suit l'échec de Strangle.",Corée du Nord,"39.5,126.5",https://en.wikipedia.org/w/index.php?search=Operation%20Saturate
1952-03,info,reconnu,Peurifoy impose le scrutin majoritaire,"Athènes, Grèce","L'ambassadeur John Peurifoy déclare publiquement que l'aide américaine dépend d'une réforme électorale. La Grèce adopte le scrutin majoritaire, qui donne une large victoire au maréchal Papagos en novembre.",Grèce,"37.98,23.73",https://fr.wikipedia.org/w/index.php?search=John%20Peurifoy
1952-06-10,crime,reconnu,Assaut du compound 76 à Koje,"Geoje, Corée du Sud",Des troupes américaines prennent d'assaut un enclos de prisonniers nord-coréens avec des blindés et du gaz lacrymogène. Des dizaines de prisonniers sont tués.,Corée du Sud,"34.88,128.62",https://en.wikipedia.org/w/index.php?search=Geoje%20POW%20camp
1952-06-13,espion,reconnu,RB-29 abattu en mer du Japon,"Mer du Japon, URSS",Un RB-29 de reconnaissance de l'US Air Force disparaît après une attaque de chasseurs soviétiques. Les douze membres d'équipage ne sont jamais retrouvés.,URSS,"43.5,136.5",https://en.wikipedia.org/w/index.php?search=1952%20RB-29%20shootdown
1952-06-23,arme,reconnu,Centrales hydroélectriques bombardées,"Sup'ung, Corée du Nord",L'aviation américaine attaque le barrage de Sup'ung et les centrales du Nord. La Corée du Nord est privée d'électricité presque totalement pendant deux semaines.,Corée du Nord,"40.46,124.97",https://en.wikipedia.org/w/index.php?search=Attack%20on%20the%20Sui-ho%20Dam
1952-07-11,crime,reconnu,Opération Pressure Pump sur Pyongyang,"Pyongyang, Corée du Nord","Plus de mille sorties aériennes frappent une trentaine d'objectifs à Pyongyang, après des tracts d'avertissement.",Corée du Nord,"39.02,125.75",https://en.wikipedia.org/w/index.php?search=Operation%20Pressure%20Pump
1952-07-23,coup,allégué,Contacts avec les Officiers libres,"Le Caire, Égypte","Selon Miles Copeland, la CIA était en contact avec les officiers qui renversent le roi Farouk. Son rôle réel dans le coup reste discuté.",Égypte,"30.04,31.24",https://fr.wikipedia.org/w/index.php?search=R%C3%A9volution%20%C3%A9gyptienne%20de%201952
1952-08-29,crime,reconnu,Raid géant sur Pyongyang,"Pyongyang, Corée du Nord","Le plus grand raid aérien de la guerre frappe Pyongyang avec plus de 1 400 sorties en une journée, dans le cadre de la stratégie de « pression aérienne ».",Corée du Nord,"39.02,125.75",https://en.wikipedia.org/w/index.php?search=Bombing%20of%20North%20Korea
1952-10,arme,reconnu,Scandale du BDJ-TD en Allemagne,"Francfort, Allemagne","Le ministre-président de Hesse révèle un groupe paramilitaire d'anciens soldats, financé par les services américains, qui tenait des listes de dirigeants sociaux-démocrates à éliminer en cas d'invasion.",Allemagne de l'Ouest,"50.11,8.68",https://en.wikipedia.org/w/index.php?search=Bund%20Deutscher%20Jugend
1952-10-01,crime,documenté,Prisonniers chinois tués à Jeju,"Jeju, Corée du Sud",Des gardes tirent sur des prisonniers chinois qui manifestent dans un camp de l'île de Jeju. Plus de 50 prisonniers sont tués selon les rapports de l'ONU.,Corée du Sud,"33.5,126.53",https://en.wikipedia.org/w/index.php?search=Korean%20War%20POWs
1952-10-07,espion,reconnu,RB-29 abattu près des Kouriles,"Îles Kouriles, URSS",Un RB-29 en mission de reconnaissance photographique est abattu par des chasseurs soviétiques près de l'île Iouri. Les huit hommes à bord meurent.,URSS,"43.4,146.0",https://en.wikipedia.org/w/index.php?search=1952%20Kuril%20Islands%20RB-29%20shootdown
1952-10-15,espion,reconnu,Survol de la Tchoukotka par des B-47,"Tchoukotka, URSS","Autorisé par Truman, un B-47 parti d'Alaska photographie les bases arctiques soviétiques de la péninsule. C'est l'un des premiers survols profonds du territoire soviétique.",URSS,"66.0,177.5",https://en.wikipedia.org/w/index.php?search=The%20Early%20Overflights%20Project%2052%20AFR-18
1952-11,coup,reconnu,Le MI6 propose le putsch à la CIA,"Washington, États-Unis","Expulsés d'Iran, les services britanniques, dont Christopher Montague Woodhouse, proposent à la CIA de renverser Mossadegh ensemble. Washington attend l'arrivée d'Eisenhower pour trancher.",Iran,"35.69,51.39",https://fr.wikipedia.org/w/index.php?search=Op%C3%A9ration%20Ajax
1952-11,crime,reconnu,"Ivy King, plus grosse bombe à fission","Enewetak, Îles Marshall","Deux semaines après Ivy Mike, un bombardier largue sur Enewetak une bombe à fission de 500 kilotonnes, la plus puissante jamais testée par les États-Unis.",Îles Marshall (tutelle américaine),"11.5,162.3",https://en.wikipedia.org/w/index.php?search=Ivy%20King
1952-11-01,crime,reconnu,"Ivy Mike, première bombe H","Enewetak, Îles Marshall","La première bombe thermonucléaire, de 10,4 mégatonnes, vaporise l'îlot d'Elugelab à Enewetak.",Îles Marshall (tutelle américaine),"11.67,162.2",https://en.wikipedia.org/w/index.php?search=Ivy%20Mike
1952-11-29,espion,reconnu,Agents Downey et Fecteau capturés,"Mandchourie, Chine",Un avion de la CIA venu récupérer un agent est abattu en Mandchourie. John Downey et Richard Fecteau sont détenus vingt ans ; Washington ne reconnaît qu'en 1973 qu'ils étaient de la CIA.,Chine,"42.5,126.5",https://en.wikipedia.org/w/index.php?search=John%20T.%20Downey
1952-12,espion,reconnu,Le piège du réseau WiN,Pologne,"La CIA finance et approvisionne depuis 1950 le mouvement clandestin WiN, en réalité contrôlé par la sécurité polonaise. Varsovie révèle la manipulation en décembre 1952.",Pologne,"52.23,21.01",https://en.wikipedia.org/w/index.php?search=Freedom%20and%20Independence%20Association
1952-12-14,crime,reconnu,Internés tués à Pongam-do,"Pongam-do, Corée du Sud",Des gardes américains et sud-coréens tirent sur des internés civils nord-coréens qui manifestent dans le camp de l'île de Pongam. On compte 85 morts.,Corée du Sud,"34.84,128.45",https://en.wikipedia.org/w/index.php?search=Pongam-do%20incident
1953,espion,reconnu,Station d'écoute de Kagnew,"Asmara, Érythrée","Un accord avec l'Éthiopie donne à l'armée américaine la station de Kagnew, poste d'écoute majeur de la NSA sur le Moyen-Orient et l'Afrique, en échange d'une aide militaire à Haïlé Sélassié.",Érythrée (Éthiopie),"15.33,38.93",https://en.wikipedia.org/w/index.php?search=Kagnew%20Station
1953,arme,reconnu,Terres saisies à Okinawa,"Okinawa, Japon","L'administration militaire américaine exproprie par l'ordonnance 109 des terres agricoles pour étendre ses bases, parfois à la baïonnette et au bulldozer. Des villages entiers sont déplacés.",Japon,"26.21,127.68",https://en.wikipedia.org/w/index.php?search=United%20States%20Civil%20Administration%20of%20the%20Ryukyu%20Islands
1953,crime,reconnu,Épandages chimiques sur Winnipeg,"Winnipeg, Canada","L'armée américaine disperse du sulfure de cadmium et de zinc au-dessus de Winnipeg pour simuler une attaque biologique, sans informer les habitants.",Canada,"49.9,-97.14",https://en.wikipedia.org/w/index.php?search=Operation%20LAC
1953,info,reconnu,Articles et caricatures payés par la CIA,"Téhéran, Iran","Selon l'histoire interne de la CIA, la station achète des journaux et des journalistes iraniens pour publier articles et caricatures présentant Mossadegh comme un allié des communistes.",Iran,"35.69,51.39",https://fr.wikipedia.org/w/index.php?search=Op%C3%A9ration%20Ajax
1953,coup,reconnu,Achat de députés du Majlis,"Téhéran, Iran",La CIA et les réseaux britanniques des frères Rashidian versent de l'argent à des députés pour qu'ils s'opposent à Mossadegh. Paiements documentés par l'histoire interne de la CIA et le volume FRUS de 2017.,Iran,"35.69,51.39",https://fr.wikipedia.org/w/index.php?search=Op%C3%A9ration%20Ajax
1953,coup,documenté,Religieux financés contre Mossadegh,"Téhéran, Iran","Selon les historiens Mark Gasiorowski et Ervand Abrahamian, des fonds de la CIA et du MI6 parviennent à des religieux et à leurs réseaux pour mobiliser la rue contre le gouvernement.",Iran,"35.69,51.39",https://fr.wikipedia.org/w/index.php?search=Op%C3%A9ration%20Ajax
1953,espion,documenté,Escadrille des « Chauves-souris noires »,"Taoyuan, Taïwan","Western Enterprises, paravent de la CIA, crée avec l'armée de l'air taïwanaise une unité de vols nocturnes à basse altitude sur la Chine. Elle perd 15 avions et 148 hommes.",Chine; Taïwan,"39.9,116.4; 25.04,121.56",https://en.wikipedia.org/w/index.php?search=Black%20Bat%20Squadron
1953,coup,reconnu,Plan Everready contre Syngman Rhee,"Séoul, Corée du Sud",Le commandement américain prépare un plan pour arrêter Syngman Rhee et installer un autre gouvernement si Séoul sabote l'armistice. Le plan figure dans les archives diplomatiques américaines. Il n'est pas exécuté.,Corée du Sud,"37.57,126.98",https://en.wikipedia.org/w/index.php?search=Operation%20Everready
1953,info,reconnu,"Prolog, éditeur ukrainien de la CIA","New York, États-Unis","Dans le cadre du projet AERODYNAMIC, la CIA finance la maison Prolog, dirigée par Mykola Lebed, qui diffuse livres et revues en Ukraine soviétique jusqu'en 1991. Les dossiers ont été déclassifiés.",URSS (Ukraine),"50.45,30.52",https://en.wikipedia.org/w/index.php?search=Mykola%20Lebed
1953-01,espion,reconnu,"Piotr Popov, espion de la CIA","Vienne, Autriche","Cet officier du GRU se propose à la CIA à Vienne et devient sa première grande source au sein du renseignement militaire soviétique. Démasqué, il est exécuté en 1960.",URSS,"55.75,37.62",https://en.wikipedia.org/w/index.php?search=Pyotr%20Popov
1953-01-12,espion,reconnu,B-29 du colonel Arnold abattu,"Frontière du Yalu, Chine",Un B-29 en mission de largage de tracts est abattu près du Yalu. Onze aviateurs capturés sont condamnés pour espionnage en Chine et libérés en 1955.,Chine,"40.13,124.38",https://en.wikipedia.org/w/index.php?search=John%20K.%20Arnold%20Jr.%20B-29%20China
1953-03,arme,reconnu,Plainte birmane contre les troupes du KMT,"Rangoun, Birmanie","La Birmanie renonce à l'aide américaine et saisit l'ONU de la présence sur son sol des troupes nationalistes chinoises, ravitaillées depuis Taïwan avec l'appui de la CIA.",Birmanie,"16.8,96.16",https://en.wikipedia.org/w/index.php?search=Kuomintang%20in%20Burma
1953-03-01,info,reconnu,Radio Liberation vers l'URSS,"Munich, Allemagne","La future Radio Liberty, financée en secret par la CIA, émet en russe et dans d'autres langues soviétiques. Le financement est reconnu en 1971.",URSS,"55.75,37.62",https://en.wikipedia.org/w/index.php?search=Radio%20Liberty
1953-04-04,coup,reconnu,Un million de dollars pour faire tomber Mossadegh,"Téhéran, Iran","Selon l'histoire interne de la CIA, le directeur Allen Dulles autorise la station de Téhéran à dépenser un million de dollars « de toute manière » qui amènerait la chute de Mossadegh.",Iran,"35.69,51.39",https://fr.wikipedia.org/w/index.php?search=Op%C3%A9ration%20Ajax
1953-05,coup,reconnu,Plan du putsch rédigé à Nicosie,"Nicosie, Chypre","Donald Wilber, de la CIA, et Norman Darbyshire, du MI6, rédigent à Chypre le plan de l'opération TPAJAX. Le document est cité dans l'histoire interne de la CIA révélée en 2000.",Iran,"35.69,51.39",https://en.wikipedia.org/w/index.php?search=Donald%20Wilber
1953-05,arme,documenté,Menace nucléaire d'Eisenhower,"Pyongyang, Corée du Nord","Selon John Foster Dulles, Washington fait savoir à Pékin, notamment par l'Inde, qu'il emploiera l'arme atomique si les négociations d'armistice échouent. L'effet réel de ces menaces reste débattu.",Corée du Nord,"39.03,125.75",https://en.wikipedia.org/w/index.php?search=Nuclear%20threats%20during%20the%20Korean%20War
1953-05,crime,reconnu,Déportation des Inughuit de Thulé,"Thulé, Groenland","Pour agrandir la base aérienne américaine, le Danemark déplace de force la population inughuit d'Uummannaq vers Qaanaaq. La Cour suprême danoise juge l'expulsion illégale en 2003.",Groenland (Danemark),"76.53,-68.7",https://fr.wikipedia.org/w/index.php?search=Base%20a%C3%A9rienne%20de%20Thul%C3%A9
1953-05-13,crime,reconnu,Barrage de Toksan détruit,"Toksan, Corée du Nord","Des chasseurs-bombardiers brisent le barrage d'irrigation de Toksan. La crue emporte villages et rizières au moment du repiquage, dans une campagne visant les récoltes du Nord.",Corée du Nord,"39.45,125.95",https://en.wikipedia.org/w/index.php?search=Attack%20on%20the%20irrigation%20dams%20of%20North%20Korea
1953-05-15,crime,reconnu,Barrage de Chasan détruit,"Chasan, Corée du Nord","L'aviation détruit le barrage de Chasan, inondant les rizières. Le barrage de Kuwonga est attaqué ensuite dans la même campagne.",Corée du Nord,"39.37,125.72",https://en.wikipedia.org/w/index.php?search=Attack%20on%20the%20irrigation%20dams%20of%20North%20Korea
1953-05-28,info,reconnu,Clare Boothe Luce menace les électeurs italiens,"Milan, Italie","Dix jours avant les élections, l'ambassadrice avertit à Milan que la victoire des partis « antidémocratiques » aurait de graves conséquences sur les relations avec Washington.",Italie,"45.46,9.19",https://fr.wikipedia.org/w/index.php?search=Clare%20Boothe%20Luce
1953-06-16,info,documenté,Le RIAS pendant le soulèvement de Berlin-Est,"Berlin, RDA","La radio du secteur américain diffuse les revendications des grévistes et l'appel à manifester le 17 juin. La RDA accuse Washington d'avoir fomenté le soulèvement, ce que les archives ne confirment pas.",RDA,"52.52,13.4",https://fr.wikipedia.org/w/index.php?search=Soul%C3%A8vement%20de%201953%20en%20Allemagne%20de%20l%27Est
1953-06-25,coup,reconnu,Feu vert américain au putsch,"Washington, États-Unis","Au département d'État, John Foster Dulles et son frère Allen, directeur de la CIA, approuvent le plan TPAJAX. Churchill et Eisenhower donnent leur accord en juillet.",Iran,"35.69,51.39",https://fr.wikipedia.org/w/index.php?search=Op%C3%A9ration%20Ajax
1953-06-29,sabot,reconnu,Eisenhower refuse toute aide à Mossadegh,"Washington, États-Unis",Eisenhower répond à Mossadegh qu'aucune aide économique ne sera accordée tant que le conflit pétrolier n'est pas réglé. La lettre est rendue publique en juillet pour affaiblir le gouvernement.,Iran,"35.69,51.39",https://fr.wikipedia.org/w/index.php?search=Mohammad%20Mossadegh
1953-07,coup,reconnu,Kermit Roosevelt entre en Iran,"Téhéran, Iran","Petit-fils de Theodore Roosevelt, l'agent de la CIA entre clandestinement en Iran pour diriger l'opération sur place. Il le raconte en 1979 dans son livre « Countercoup ».",Iran,"35.69,51.39",https://fr.wikipedia.org/w/index.php?search=Kermit%20Roosevelt%20Jr.
1953-07,coup,reconnu,Pressions sur le chah par la princesse Ashraf,"Téhéran, Iran",La CIA et le MI6 persuadent la sœur jumelle du chah de rentrer à Téhéran pour convaincre son frère de signer le renvoi de Mossadegh.,Iran,"35.69,51.39",https://fr.wikipedia.org/w/index.php?search=Ashraf%20Pahlavi
1953-07,info,reconnu,Colis alimentaires pour déstabiliser la RDA,"Berlin-Ouest, Allemagne","Après le soulèvement, Eisenhower lance une distribution de colis aux Allemands de l'Est à Berlin-Ouest. Les archives montrent l'objectif d'entretenir l'agitation contre le régime.",RDA,"52.52,13.4",https://fr.wikipedia.org/w/index.php?search=Eisenhower%20Paketaktion%201953
1953-07-16,arme,documenté,Débarquement nationaliste à Dongshan,"Île de Dongshan, Chine","Une division du Kuomintang débarque sur l'île de Dongshan, au Fujian, et est repoussée en trois jours. Le plan est préparé par Western Enterprises, paravent de la CIA.",Chine,"23.7,117.43",https://en.wikipedia.org/w/index.php?search=Dongshan%20Island%20Campaign
1953-07-29,espion,reconnu,RB-50 abattu près de Vladivostok,"Mer du Japon, URSS",Un RB-50 de renseignement électronique est abattu par des MiG-15 au large du cap Gamov. Un seul des dix-sept membres d'équipage survit.,URSS,"42.5,131.2",https://en.wikipedia.org/w/index.php?search=List%20of%20Cold%20War%20incidents%20involving%20U.S.%20aircraft
1953-08,info,reconnu,Fausses menaces « communistes » à Téhéran,"Téhéran, Iran","Selon l'histoire interne de la CIA révélée en 2000, des agents se faisant passer pour des militants du Tudeh menacent des religieux pour retourner l'opinion contre Mossadegh.",Iran,"35.69,51.39",https://en.wikipedia.org/w/index.php?search=1953%20Iranian%20coup%20d%27%C3%A9tat
1953-08,coup,reconnu,Eisenhower autorise PBSUCCESS,"Guatemala, Guatemala","Après l'échec de PBFORTUNE, Eisenhower approuve un nouveau plan de renversement d'Árbenz, confié à la CIA avec un budget de plusieurs millions de dollars. L'histoire interne de la CIA déclassifiée en 1997 le détaille.",Guatemala,"14.63,-90.51",https://en.wikipedia.org/w/index.php?search=Op%C3%A9ration%20PBSUCCESS
1953-08,coup,reconnu,Mission du général Schwarzkopf,"Téhéran, Iran","Le général Herbert Norman Schwarzkopf, ancien instructeur de la gendarmerie iranienne, vient persuader le chah de signer les décrets nommant Fazlollah Zahedi à la place de Mossadegh.",Iran,"35.69,51.39",https://en.wikipedia.org/w/index.php?search=H.%20Norman%20Schwarzkopf%20Sr.
1953-08,info,reconnu,Faux attentat contre la maison d'un religieux,"Téhéran, Iran","Selon l'histoire interne de la CIA, des agents se faisant passer pour des communistes du Toudeh attaquent la maison d'au moins un religieux pour dresser le clergé contre Mossadegh.",Iran,"35.69,51.39",https://fr.wikipedia.org/w/index.php?search=Op%C3%A9ration%20Ajax
1953-08-15,coup,reconnu,Premier putsch raté contre Mossadegh,"Téhéran, Iran","Dans la nuit du 15 au 16 août, le colonel Nematollah Nassiri tente de remettre à Mossadegh le décret de révocation. Prévenu, le gouvernement fait arrêter Nassiri et le coup échoue.",Iran,"35.69,51.39",https://fr.wikipedia.org/w/index.php?search=Op%C3%A9ration%20Ajax
1953-08-16,coup,reconnu,Fuite du chah à Bagdad puis Rome,"Téhéran, Iran","Après l'échec du premier coup, le chah s'enfuit. Le quartier général de la CIA ordonne d'abandonner l'opération, mais Kermit Roosevelt poursuit avec Zahedi.",Iran,"35.69,51.39",https://fr.wikipedia.org/w/index.php?search=Mohammad%20Reza%20Pahlavi
1953-08-19,coup,reconnu,Coup d'État du 19 août 1953,"Téhéran, Iran",Des foules payées par la CIA et des unités de l'armée prennent la radio et assiègent la maison de Mossadegh. Les combats font des centaines de morts selon les estimations. Zahedi devient Premier ministre.,Iran,"35.69,51.39",https://fr.wikipedia.org/w/index.php?search=Coup%20d%27%C3%89tat%20de%201953%20en%20Iran
1953-08-20,coup,documenté,Arrestation de Mossadegh,"Téhéran, Iran","Le Premier ministre renversé se rend au lendemain du putsch. Le gouvernement Zahedi, installé par la CIA et le MI6, l'emprisonne avec plusieurs de ses ministres.",Iran,"35.69,51.39",https://fr.wikipedia.org/w/index.php?search=Mohammad%20Mossadegh
1953-09,coup,reconnu,Aide d'urgence au gouvernement Zahedi,"Téhéran, Iran","Eisenhower accorde 45 millions de dollars d'aide d'urgence au nouveau gouvernement. Selon Mark Gasiorowski, la CIA avait déjà remis environ 5 millions de dollars à Zahedi après le putsch.",Iran,"35.69,51.39",https://fr.wikipedia.org/w/index.php?search=Fazlollah%20Zahedi
1953-09-26,arme,reconnu,Pacte de Madrid avec Franco,"Madrid, Espagne",Washington obtient des bases militaires en Espagne en échange d'une aide économique et militaire qui consolide la dictature franquiste.,Espagne,"40.42,-3.7",https://fr.wikipedia.org/w/index.php?search=Pacte%20de%20Madrid
1953-10,info,documenté,La revue Encounter financée par la CIA,"Londres, Royaume-Uni",Stephen Spender et Irving Kristol lancent Encounter pour le Congrès pour la liberté de la culture. L'ancien responsable de la CIA Tom Braden confirme en 1967 le financement secret.,Royaume-Uni,"51.51,-0.13",https://en.wikipedia.org/w/index.php?search=Encounter%20%28magazine%29
1953-11-10,info,documenté,Élection de Magsaysay organisée par la CIA,"Manille, Philippines","La CIA finance et dirige en sous-main la campagne présidentielle de Ramón Magsaysay, élu largement. Les mémoires d'agents et des historiens l'ont documenté.",Philippines,"14.6,120.98",https://en.wikipedia.org/w/index.php?search=1953%20Philippine%20presidential%20election
1953-12-14,info,reconnu,Dulles menace d'une « révision déchirante »,"Paris, France","Devant l'OTAN, John Foster Dulles avertit que le rejet de la Communauté européenne de défense obligerait à une « révision déchirante » de la politique américaine. L'Assemblée française la rejette en 1954.",France,"48.86,2.35",https://fr.wikipedia.org/w/index.php?search=Communaut%C3%A9%20europ%C3%A9enne%20de%20d%C3%A9fense
1953-12-21,coup,documenté,Condamnation de Mossadegh,"Téhéran, Iran",Un tribunal militaire du régime issu du putsch condamne Mossadegh à trois ans de prison. Il reste ensuite en résidence surveillée à Ahmadabad jusqu'à sa mort en 1967.,Iran,"35.69,51.39",https://fr.wikipedia.org/w/index.php?search=Mohammad%20Mossadegh
1954,mort,reconnu,Listes d'assassinat pour le Guatemala,"Guatemala, Guatemala",Des documents de la CIA déclassifiés en 1997 contiennent un manuel d'assassinat et des listes de dizaines de dirigeants guatémaltèques à « éliminer ». La CIA affirme qu'aucun n'a été tué dans ce cadre.,Guatemala,"14.63,-90.51",https://en.wikipedia.org/w/index.php?search=Operation%20PBSuccess
1954,sabot,reconnu,Consortium pétrolier de 1954,"Téhéran, Iran","Après le putsch, un consortium international prend le contrôle de l'exploitation du pétrole iranien. Les majors américaines obtiennent 40 %, avec l'appui de Washington qui limite pour cela les poursuites antitrust.",Iran,"35.69,51.39",https://fr.wikipedia.org/w/index.php?search=Consortium%20p%C3%A9trolier%20iranien
1954,sabot,documenté,Commandes offshore contre la CGIL,"Turin, Italie",L'ambassadrice Luce fait savoir que les commandes militaires américaines iront aux usines où les syndicats communistes reculent. La CGIL perd la majorité chez Fiat en 1955.,Italie,"45.07,7.69",https://en.wikipedia.org/w/index.php?search=Clare%20Boothe%20Luce%20Fiat%20CGIL%20offshore%20procurement
1954-01,info,reconnu,Árbenz dévoile le complot,"Guatemala, Guatemala",Le gouvernement guatémaltèque publie des documents sur un complot armé soutenu par une « puissance du Nord ». Washington dément. Les archives de la CIA confirment ensuite la réalité du complot.,Guatemala,"14.63,-90.51",https://en.wikipedia.org/w/index.php?search=Operation%20PBSuccess
1954-03,crime,reconnu,Rongelap sous les retombées,"Rongelap, Îles Marshall","Les habitants de Rongelap et d'Ailinginae reçoivent les retombées de Castle Bravo et ne sont évacués qu'environ deux jours plus tard. Brûlures, cancers de la thyroïde et fausses couches suivent.",Îles Marshall (tutelle américaine),"11.16,166.85",https://en.wikipedia.org/w/index.php?search=Rongelap%20Atoll
1954-03,crime,reconnu,"Projet 4.1, étude des irradiés","Kwajalein, Îles Marshall","Les habitants exposés de Rongelap et Utirik deviennent les sujets d'une étude médicale sur les effets des radiations, le projet 4.1, sans consentement éclairé.",Îles Marshall (tutelle américaine),"8.72,167.73",https://en.wikipedia.org/w/index.php?search=Project%204.1
1954-03,info,reconnu,Déclaration anticommuniste de Caracas,"Caracas, Venezuela","À la conférence interaméricaine, John Foster Dulles fait adopter une résolution qui ouvre la voie à une action collective contre un État « dominé par le communisme ». Le Guatemala, visé, vote contre.",Guatemala,"14.63,-90.51",https://en.wikipedia.org/w/index.php?search=Tenth%20Inter-American%20Conference
1954-03,crime,reconnu,Castle Romeo à Bikini,"Bikini, Îles Marshall","Quatre semaines après Bravo, l'essai Romeo atteint 11 mégatonnes, bien au-delà des prévisions, et recontamine l'atoll de Bikini.",Îles Marshall (tutelle américaine),"11.6,165.4",https://en.wikipedia.org/w/index.php?search=Castle%20Romeo
1954-03-01,crime,reconnu,Castle Bravo,"Bikini, Îles Marshall","L'essai Castle Bravo, 15 mégatonnes, soit plus du double de la puissance prévue, répand des retombées sur plusieurs atolls habités. C'est le plus puissant essai américain.",Îles Marshall (tutelle américaine),"11.69,165.27",https://fr.wikipedia.org/w/index.php?search=Castle%20Bravo
1954-03-01,crime,reconnu,Le thonier Daigo Fukuryū Maru irradié,"Bikini, Îles Marshall",Les 23 pêcheurs du thonier japonais sont couverts de cendres radioactives de Castle Bravo. Le radiotélégraphiste Aikichi Kuboyama meurt en septembre ; Washington verse une indemnité sans reconnaître de responsabilité.,Îles Marshall (tutelle américaine); Japon,"11.9,166.5; 35.0,138.6",https://fr.wikipedia.org/w/index.php?search=Daigo%20Fukury%C5%AB%20Maru
1954-04,arme,reconnu,Opération Vautour envisagée,"Diên Biên Phu, Vietnam","Le Pentagone étudie des frappes massives de bombardiers, avec l'option de bombes atomiques, pour dégager Diên Biên Phu. Eisenhower renonce faute de soutien britannique et du Congrès.",Vietnam,"21.39,103.02",https://fr.wikipedia.org/w/index.php?search=Op%C3%A9ration%20Vautour
1954-04,crime,reconnu,Castle Union à Bikini,"Bikini, Îles Marshall","L'essai Union dégage 6,9 mégatonnes sur l'atoll de Bikini, dans la même série que Bravo.",Îles Marshall (tutelle américaine),"11.6,165.4",https://en.wikipedia.org/w/index.php?search=Operation%20Castle%20Union
1954-05,info,reconnu,Radio clandestine « La Voz de la Liberación »,"Guatemala, Guatemala","La CIA diffuse depuis l'étranger une radio qui se dit rebelle et amplifie la peur d'une invasion. C'est un volet central de l'opération PBSUCCESS, selon les archives de la CIA.",Guatemala,"14.63,-90.51",https://en.wikipedia.org/w/index.php?search=Operation%20PBSuccess
1954-05,info,reconnu,Opération WASHTUB,"Côte pacifique, Nicaragua","La CIA dépose au Nicaragua une cache d'armes soviétiques, que Somoza présente comme livrée par le Guatemala. Le montage doit prouver l'expansionnisme d'Árbenz. Il est décrit dans les archives déclassifiées de la CIA.",Guatemala; Nicaragua,"14.63,-90.51; 12.13,-86.25",https://en.wikipedia.org/w/index.php?search=Operation%20WASHTUB
1954-05,arme,reconnu,Opération HARDROCK BAKER,Côtes du Guatemala,"L'US Navy établit une quarantaine maritime et arraisonne des navires en route vers le Guatemala, y compris des cargos britanniques et français, pour empêcher toute nouvelle livraison d'armes.",Guatemala,"15.73,-88.59",https://en.wikipedia.org/w/index.php?search=Operation%20Hardrock%20Baker
1954-05,arme,reconnu,Armes livrées au Honduras et au Nicaragua,"Tegucigalpa, Honduras","Washington signe des accords militaires avec le Honduras et le Nicaragua et leur envoie des armes par avion, pendant que la force de Castillo Armas s'installe au Honduras.",Guatemala,"14.63,-90.51",https://en.wikipedia.org/w/index.php?search=Operation%20PBSuccess
1954-05,crime,reconnu,Castle Yankee à Bikini,"Bikini, Îles Marshall","L'essai Yankee dégage 13,5 mégatonnes, le deuxième plus puissant de l'histoire américaine.",Îles Marshall (tutelle américaine),"11.6,165.4",https://en.wikipedia.org/w/index.php?search=Castle%20Yankee
1954-05,crime,reconnu,Castle Nectar à Enewetak,"Enewetak, Îles Marshall","Dernier essai de la série Castle, Nectar dégage 1,69 mégatonne dans le cratère laissé par Ivy Mike à Enewetak.",Îles Marshall (tutelle américaine),"11.5,162.3",https://en.wikipedia.org/w/index.php?search=Operation%20Castle%20Nectar
1954-05-06,arme,reconnu,Pilotes de la CIA à Diên Biên Phu,"Diên Biên Phu, Vietnam","Des pilotes américains de la Civil Air Transport, compagnie de la CIA, ravitaillent le camp retranché. James McGovern et Wallace Buford sont abattus. La France les décore en 2005.",Vietnam,"21.39,103.02",https://fr.wikipedia.org/w/index.php?search=Civil%20Air%20Transport
1954-05-08,espion,reconnu,Survol de la péninsule de Kola par un RB-47,"Mourmansk, URSS","Un RB-47E piloté par Harold Austin photographie des aérodromes de la péninsule de Kola. Poursuivi et touché par des MiG, il regagne l'Angleterre.",URSS,"68.97,33.08",https://en.wikipedia.org/w/index.php?search=Harold%20R.%20Austin
1954-05-15,info,reconnu,L'Alfhem sert de prétexte,"Puerto Barrios, Guatemala","Le cargo Alfhem livre des armes tchécoslovaques au Guatemala, privé d'armes par l'embargo américain. Washington, prévenu par la CIA, exploite l'arrivée pour dénoncer une tête de pont soviétique.",Guatemala,"15.73,-88.59",https://en.wikipedia.org/w/index.php?search=Alfhem
1954-05-20,arme,reconnu,Accord militaire avec le Honduras,"Tegucigalpa, Honduras","Un mois avant l'invasion du Guatemala, Washington signe un accord d'assistance militaire avec le Honduras, qui sert de base arrière aux troupes de Castillo Armas.",Honduras,"14.07,-87.21",https://en.wikipedia.org/w/index.php?search=Operation%20PBSuccess
1954-06,coup,reconnu,Mission militaire de Saïgon de Lansdale,"Saïgon, Vietnam du Sud","Le colonel Edward Lansdale, de la CIA, dirige une équipe de guerre clandestine pour installer et consolider Ngô Đình Diệm. Son rapport figure dans les Pentagon Papers.",Vietnam du Sud,"10.78,106.7",https://en.wikipedia.org/w/index.php?search=Saigon%20Military%20Mission
1954-06,coup,reconnu,Éviction du colonel Díaz,"Guatemala, Guatemala","Le colonel Carlos Enrique Díaz, qui succède à Árbenz, promet de combattre Castillo Armas. Des officiers de la CIA et l'ambassadeur Peurifoy exigent son départ. Il est remplacé par une junte en deux jours.",Guatemala,"14.63,-90.51",https://en.wikipedia.org/w/index.php?search=Carlos%20Enrique%20D%C3%ADaz%20de%20Le%C3%B3n
1954-06-18,arme,reconnu,Invasion de Castillo Armas,Guatemala,Une petite force armée par la CIA entre au Guatemala depuis le Honduras. Des avions pilotés par des Américains bombardent la capitale et Puerto Barrios pour faire croire à une offensive massive.,Guatemala; Honduras,"14.63,-90.51; 14.07,-87.21",https://en.wikipedia.org/w/index.php?search=Operation%20PBSuccess
1954-06-22,arme,reconnu,Eisenhower remplace les avions abattus,"Washington, États-Unis","Après la perte de deux appareils de la CIA, Eisenhower accepte que des chasseurs soient fournis aux rebelles par l'intermédiaire du Nicaragua. Ils reprennent aussitôt les bombardements.",Guatemala,"14.63,-90.51",https://en.wikipedia.org/w/index.php?search=Operation%20PBSuccess
1954-06-25,info,reconnu,Washington bloque le Conseil de sécurité,"New York, États-Unis","Le Guatemala demande à l'ONU d'agir contre l'invasion. Sous la pression de l'ambassadeur Henry Cabot Lodge, le Conseil de sécurité refuse d'inscrire sa plainte à l'ordre du jour et la renvoie à l'OEA.",Guatemala,"14.63,-90.51",https://en.wikipedia.org/w/index.php?search=1954%20Guatemalan%20coup%20d%27%C3%A9tat
1954-06-27,coup,reconnu,Renversement d'Árbenz,"Guatemala, Guatemala",Le président Jacobo Árbenz démissionne sous la pression de l'opération PBSUCCESS. Sa réforme agraire touchait la United Fruit. La CIA a reconnu son rôle.,Guatemala,"14.63,-90.51",https://en.wikipedia.org/w/index.php?search=1954%20Guatemalan%20coup%20d%27%C3%A9tat
1954-06-27,crime,reconnu,Naufrage du cargo Springfjord,"San José, Guatemala","Un avion de la CIA bombarde et coule le cargo britannique Springfjord, soupçonné à tort de transporter des armes. La CIA indemnise ensuite discrètement son assureur.",Guatemala,"13.92,-90.82",https://en.wikipedia.org/w/index.php?search=SS%20Springfjord
1954-07,crime,documenté,Comité de défense contre le communisme,"Guatemala, Guatemala",Le régime de Castillo Armas crée un comité qui fiche des dizaines de milliers de suspects et fait arrêter des milliers de personnes. Des historiens décrivent l'appui de la CIA à ce fichage.,Guatemala,"14.63,-90.51",https://en.wikipedia.org/w/index.php?search=1954%20Guatemalan%20coup%20d%27%C3%A9tat
1954-07,info,reconnu,Opération PBHISTORY,"Guatemala, Guatemala","Des agents de la CIA saisissent des dizaines de milliers de documents du gouvernement déchu pour prouver un contrôle soviétique. Ils n'en trouvent aucune preuve, selon l'histoire interne de la CIA.",Guatemala,"14.63,-90.51",https://en.wikipedia.org/w/index.php?search=Operation%20PBHistory
1954-07-02,coup,reconnu,Pacte de San Salvador,"San Salvador, Salvador","L'ambassadeur John Peurifoy négocie l'accord entre la junte militaire et Castillo Armas, qui prend la tête du pouvoir. Il devient président en septembre avec l'appui de Washington.",Guatemala,"14.63,-90.51",https://fr.wikipedia.org/w/index.php?search=Carlos%20Castillo%20Armas
1954-07-21,sabot,reconnu,Refus de s'engager sur les accords de Genève,"Genève, Suisse","Les États-Unis ne signent pas la déclaration finale de Genève et se bornent à « prendre note ». Ils bâtissent aussitôt un État sud-vietnamien séparé, contraire à l'esprit des accords.",Vietnam du Sud,"10.78,106.7",https://fr.wikipedia.org/w/index.php?search=Accords%20de%20Gen%C3%A8ve%20%281954%29
1954-07-26,arme,reconnu,Deux chasseurs chinois abattus près de Hainan,"Hainan, Chine","Des avions de l'US Navy, qui cherchent les survivants d'un avion de ligne abattu par la Chine trois jours plus tôt, abattent deux chasseurs chinois.",Chine,"18.5,110.5",https://en.wikipedia.org/w/index.php?search=1954%20Cathay%20Pacific%20C-54%20Skymaster%20shootdown
1954-08,info,reconnu,Propagande pour l'exode vers le Sud,Nord du Vietnam,"L'équipe de Lansdale diffuse rumeurs, tracts et faux almanachs prédisant des malheurs sous le Việt Minh, pour pousser les catholiques du Nord à fuir vers le Sud.",Vietnam du Nord,"21.03,105.85",https://fr.wikipedia.org/w/index.php?search=Op%C3%A9ration%20Passage%20to%20Freedom
1954-08-24,coup,allégué,Suicide de Vargas et « groupes internationaux »,"Rio de Janeiro, Brésil","Acculé par l'armée, Vargas se suicide. Sa lettre-testament accuse des « groupes internationaux » alliés à l'opposition. Aucun rôle américain direct n'est établi.",Brésil,"-22.91,-43.2",https://fr.wikipedia.org/w/index.php?search=Get%C3%BAlio%20Vargas
1954-09,arme,reconnu,Accord sur la base de Wheelus,"Tripoli, Libye","Washington obtient de la monarchie libyenne l'usage de la base aérienne de Wheelus, près de Tripoli, contre une aide financière. La base sert à l'entraînement de l'US Air Force jusqu'à son évacuation, exigée par Kadhafi, en juin 1970.",Libye,"32.89,13.28",https://en.wikipedia.org/w/index.php?search=Wheelus%20Air%20Base
1954-09-04,espion,reconnu,Neptune abattu au large de la Sibérie,"Mer du Japon, URSS","Un P2V Neptune de l'US Navy est abattu par des MiG soviétiques en mer du Japon. Un membre d'équipage meurt, les autres sont récupérés.",URSS,"42.5,134.0",https://en.wikipedia.org/w/index.php?search=List%20of%20Cold%20War%20incidents%20involving%20U.S.%20aircraft
1954-10,sabot,reconnu,Sabotage à Hanoï avant le départ français,"Hanoï, Vietnam du Nord","Avant la remise de Hanoï au Việt Minh, des agents de Lansdale contaminent le carburant de la compagnie d'autobus et préparent des caches d'armes, selon leur propre rapport.",Vietnam du Nord,"21.03,105.85",https://en.wikipedia.org/w/index.php?search=Saigon%20Military%20Mission
1954-12-02,arme,reconnu,Traité de défense avec Taïwan,"Taipei, Taïwan",Washington signe un traité de défense mutuelle avec Tchang Kaï-chek pendant la première crise du détroit. Il protège le régime jusqu'en 1979.,Taïwan; Chine,"25.04,121.56; 24.48,118.09",https://fr.wikipedia.org/w/index.php?search=Trait%C3%A9%20de%20d%C3%A9fense%20mutuelle%20sino-am%C3%A9ricain
1955,info,documenté,Financement du parti Masyumi,"Jakarta, Indonésie","Pendant les élections législatives de 1955, la CIA verse environ un million de dollars au parti Masyumi pour contrer Sukarno et les communistes.",Indonésie,"-6.21,106.85",https://en.wikipedia.org/w/index.php?search=1955%20Indonesian%20legislative%20election
1955,arme,documenté,Réseau stay-behind « Toison rouge » en Grèce,"Athènes, Grèce","Selon Andreas Papandréou en 1990, un accord de 1955 entre la CIA et l'armée grecque crée un réseau clandestin armé. Des cadres de ce réseau jouent un rôle dans le coup d'État de 1967.",Grèce,"37.98,23.73",https://en.wikipedia.org/w/index.php?search=Operation%20Gladio%20Greece%20Sheepskin
1955-01-29,arme,reconnu,Résolution de Formose,Détroit de Taïwan,Le Congrès autorise le président à employer la force armée pour défendre Taïwan et les Pescadores contre la Chine populaire.,Chine; Taïwan,"24.48,118.09; 25.04,121.56",https://en.wikipedia.org/w/index.php?search=Formosa%20Resolution
1955-02,coup,documenté,Chefs des sectes achetés pour Diệm,"Saïgon, Vietnam du Sud","Avec Edward Lansdale, la CIA verse des fonds à des chefs caodaïstes, dont Trình Minh Thế, et Hòa Hảo pour qu'ils se rallient à Ngô Đình Diệm, selon des historiens.",Vietnam du Sud,"10.78,106.7",https://en.wikipedia.org/w/index.php?search=Tr%C3%ACnh%20Minh%20Th%E1%BA%BF
1955-02,arme,reconnu,Évacuation des îles Dachen,"Îles Dachen, Chine","La 7e flotte évacue les soldats et les habitants des îles Dachen, au Zhejiang, vers Taïwan, sous la menace de l'armée populaire.",Chine,"28.45,121.9",https://en.wikipedia.org/w/index.php?search=Dachen%20Islands%20evacuation
1955-03,arme,reconnu,Menace nucléaire sur la Chine,Détroit de Taïwan,"Pendant la première crise du détroit de Taïwan, Dulles et Eisenhower déclarent publiquement que des armes nucléaires tactiques pourraient être employées contre la Chine.",Chine,"26.08,119.3",https://en.wikipedia.org/w/index.php?search=First%20Taiwan%20Strait%20Crisis
1955-04-11,mort,allégué,Attentat du « Kashmir Princess »,"Îles Natuna, Indonésie","Un avion affrété pour la délégation chinoise à Bandung explose en vol, 16 morts. Zhou Enlai, visé par l'attentat, n'était pas à bord. Pékin accuse les services nationalistes et américains ; le rôle de la CIA reste non prouvé.",Chine; Indonésie,"39.9,116.4; 3.9,108.2",https://en.wikipedia.org/w/index.php?search=Kashmir%20Princess
1955-04-28,coup,documenté,Bataille de Saïgon contre les Bình Xuyên,"Saïgon, Vietnam du Sud","L'armée de Diệm écrase la milice des Bình Xuyên. Soutenu par Lansdale, Diệm s'impose alors que l'envoyé Lawton Collins pressait Washington de le remplacer.",Vietnam du Sud,"10.78,106.7",https://fr.wikipedia.org/w/index.php?search=B%C3%ACnh%20Xuy%C3%AAn
1955-05,espion,reconnu,Tunnel sous Berlin-Est,Berlin,"Opération Gold : la CIA et le MI6 creusent un tunnel pour écouter les lignes de l'armée soviétique. Connu dès l'origine par Moscou grâce à George Blake, il est découvert en avril 1956.",Allemagne,"52.47,13.45",https://fr.wikipedia.org/w/index.php?search=Op%C3%A9ration%20Gold
1955-09-03,crime,reconnu,"Viol et meurtre de Yumiko, six ans","Kadena, Okinawa, Japon","Une fillette de six ans est enlevée, violée et tuée par le sergent Isaac Hurt. Condamné à mort par une cour martiale américaine, il voit sa peine réduite puis est renvoyé aux États-Unis.",Japon,"26.36,127.77",https://en.wikipedia.org/w/index.php?search=Yumiko-chan%20incident
1955-09-16,coup,allégué,Chute de Perón,"Buenos Aires, Argentine",La « Révolution libératrice » renverse Perón. Les péronistes y voient la main de Washington et des intérêts pétroliers ; aucun rôle américain décisif n'est prouvé.,Argentine,"-34.6,-58.38",https://fr.wikipedia.org/w/index.php?search=R%C3%A9volution%20lib%C3%A9ratrice
1955-10,sabot,documenté,Code pétrolier Davenport,"La Paz, Bolivie","Sous la dépendance de l'aide américaine, la Bolivie révolutionnaire adopte un code pétrolier rédigé par un cabinet américain, qui rouvre le secteur aux compagnies étrangères.",Bolivie,"-16.5,-68.15",https://en.wikipedia.org/w/index.php?search=Revoluci%C3%B3n%20Nacional%20Bolivia%20Davenport%20Code
1955-10-23,info,documenté,Référendum truqué de Diệm,"Saïgon, Vietnam du Sud","Diệm dépose Bảo Đại avec 98,2 % des voix, conseillé par Lansdale. À Saïgon, il obtient plus de 600 000 voix pour environ 450 000 inscrits.",Vietnam du Sud,"10.78,106.7",https://fr.wikipedia.org/w/index.php?search=R%C3%A9f%C3%A9rendum%20de%201955%20au%20Sud-Vi%C3%AAt%20Nam
1955-12,arme,reconnu,Bureau d'évaluation des programmes au Laos,"Vientiane, Laos","Washington crée le Programs Evaluation Office, mission militaire déguisée en organisme civil, pour contourner l'interdiction de conseillers étrangers prévue à Genève.",Laos,"17.97,102.6",https://en.wikipedia.org/w/index.php?search=Programs%20Evaluation%20Office
1956,crime,documenté,Un officier américain et « La Técnica »,"Asunción, Paraguay","Le lieutenant-colonel américain Robert Thierry aide à organiser la Direction des affaires techniques de Stroessner, centre de torture, selon les « Archives de la terreur ».",Paraguay,"-25.26,-57.58",https://fr.wikipedia.org/w/index.php?search=Archives%20de%20la%20terreur
1956,info,documenté,Quadrant financé par le réseau de la CIA,"Sydney, Australie","La revue australienne Quadrant naît avec le soutien du Congrès pour la liberté de la culture, dont la CIA était le bailleur secret, comme on l'apprend en 1967.",Australie,"-33.87,151.2",https://en.wikipedia.org/w/index.php?search=Quadrant%20%28magazine%29%20Congress%20for%20Cultural%20Freedom
1956-01,espion,reconnu,Ballons espions Genetrix,URSS,L'US Air Force lâche des centaines de ballons équipés d'appareils photo au-dessus de l'URSS et de la Chine. Moscou proteste et exhibe les ballons récupérés.,URSS,"55.75,37.62",https://en.wikipedia.org/w/index.php?search=Project%20Genetrix
1956-03,espion,reconnu,Survols de la Sibérie (Homerun),Arctique soviétique,"Pendant sept semaines, des RB-47 du Strategic Air Command survolent en secret le nord de l'URSS pour photographier ses bases.",URSS,"68.0,64.0",https://en.wikipedia.org/w/index.php?search=Project%20Homerun
1956-03,sabot,reconnu,Plan Omega contre Nasser,"Le Caire, Égypte","Eisenhower approuve un plan pour isoler Nasser, réduire l'aide à l'Égypte et envisager des actions clandestines, selon les archives du département d'État.",Égypte,"30.04,31.24",https://en.wikipedia.org/w/index.php?search=Operation%20Omega
1956-04,crime,documenté,Essais de la pilule à Río Piedras,"Río Piedras, Porto Rico",Les premiers essais à grande échelle de la pilule Enovid sont menés sur des femmes pauvres peu informées des risques. Des effets secondaires sont écartés ; trois décès ne font pas l'objet d'autopsie.,Porto Rico,"18.4,-66.05",https://en.wikipedia.org/w/index.php?search=Combined%20oral%20contraceptive%20pill
1956-05,crime,reconnu,"Redwing Cherokee, bombe H larguée","Bikini, Îles Marshall","Première bombe thermonucléaire larguée d'avion par les États-Unis, Cherokee dégage 3,8 mégatonnes au-dessus de Bikini, dans la série Redwing de 17 essais.",Îles Marshall (tutelle américaine),"11.6,165.4",https://en.wikipedia.org/w/index.php?search=Operation%20Redwing%20Cherokee
1956-07,sabot,reconnu,Élections de réunification empêchées,"Saïgon, Vietnam du Sud",Les élections prévues à Genève pour juillet 1956 n'ont jamais lieu. Diệm les refuse avec l'appui de Washington. Eisenhower écrit que Hô Chi Minh aurait obtenu environ 80 % des voix.,Vietnam du Sud; Vietnam du Nord,"10.78,106.7; 21.03,105.85",https://fr.wikipedia.org/w/index.php?search=Accords%20de%20Gen%C3%A8ve%20%281954%29
1956-07,crime,reconnu,Redwing Tewa à Bikini,"Bikini, Îles Marshall","L'essai Tewa, de 5 mégatonnes et tiré en majorité par fission, est l'un des plus sales de la série et contamine de nouveau l'atoll de Bikini.",Îles Marshall (tutelle américaine),"11.6,165.4",https://en.wikipedia.org/w/index.php?search=Operation%20Redwing%20Tewa
1956-07-04,espion,reconnu,Premier survol de l'URSS par un U-2,"Moscou, URSS",Le premier U-2 de la CIA survole Moscou et Leningrad. Les vols se poursuivent jusqu'en 1960 malgré les protestations soviétiques.,URSS,"55.75,37.62; 59.94,30.32",https://en.wikipedia.org/w/index.php?search=Lockheed%20U-2
1956-07-19,sabot,reconnu,Retrait du financement d'Assouan,"Assouan, Égypte",Foster Dulles retire l'offre américaine de financer le haut barrage. Nasser nationalise le canal de Suez une semaine plus tard.,Égypte,"23.97,32.88",https://fr.wikipedia.org/w/index.php?search=Barrage%20d%27Assouan
1956-08-22,espion,reconnu,Avion espion P4M abattu aux îles Shengsi,"Îles Shengsi, Chine",Des chasseurs chinois abattent un P4M Mercator de l'US Navy en mission de renseignement électronique nocturne au large du Zhejiang. Les 16 membres d'équipage meurent.,Chine,"30.72,122.45",https://en.wikipedia.org/w/index.php?search=Martin%20P4M%20Mercator
1956-10,coup,documenté,Opération Straggle,"Damas, Syrie","Complot anglo-américain pour renverser le gouvernement syrien avec des officiers et des tribus, annulé par la crise de Suez.",Syrie,"33.51,36.29",https://en.wikipedia.org/w/index.php?search=Operation%20Straggle
1956-10-23,info,reconnu,Radio Free Europe pendant l'insurrection,"Budapest, Hongrie",Des émissions laissent croire aux insurgés hongrois à une aide occidentale. Une revue interne de RFE reconnaît des dérapages.,Hongrie,"47.5,19.04",https://en.wikipedia.org/w/index.php?search=Radio%20Free%20Europe/Radio%20Liberty
1956-11,sabot,reconnu,Pression sur la livre pendant Suez,"Londres, Royaume-Uni",Eisenhower bloque l'accès du Royaume-Uni au FMI et laisse la livre s'effondrer tant que Londres n'accepte pas le cessez-le-feu. Le gouvernement Eden cède et retire ses troupes.,Royaume-Uni; France,"51.51,-0.13; 48.86,2.35",https://fr.wikipedia.org/w/index.php?search=Crise%20du%20canal%20de%20Suez
1956-11-26,arme,reconnu,Réseau Gladio en Italie,"Rome, Italie","La CIA et le service militaire italien SIFAR signent l'accord qui fonde Gladio, réseau clandestin armé anti-invasion. Giulio Andreotti en révèle l'existence en 1990.",Italie,"41.9,12.5",https://fr.wikipedia.org/w/index.php?search=Op%C3%A9ration%20Gladio
1956-12,sabot,documenté,Plan de stabilisation Eder,"La Paz, Bolivie","Washington conditionne son aide à un plan d'austérité conçu par l'économiste américain George Eder, qui gèle les salaires et freine la révolution de 1952.",Bolivie,"-16.5,-68.15",https://fr.wikipedia.org/w/index.php?search=R%C3%A9volution%20nationale%20bolivienne
1957,crime,documenté,Création de la SAVAK,"Téhéran, Iran","La police politique du shah est créée avec l'aide de la CIA, qui forme ses cadres. La SAVAK pratique la torture contre les opposants jusqu'en 1979.",Iran,"35.69,51.39",https://fr.wikipedia.org/w/index.php?search=SAVAK
1957,info,reconnu,Versements secrets au roi Hussein,"Amman, Jordanie",La CIA verse des millions de dollars au roi de Jordanie à partir de 1957. Le Washington Post le révèle en 1977 et l'administration Carter met fin aux paiements.,Jordanie,"31.95,35.93",https://en.wikipedia.org/w/index.php?search=Hussein%20of%20Jordan
1957,crime,reconnu,MKULTRA à Montréal,"Montréal, Canada","La CIA finance les expériences du psychiatre Ewen Cameron à l'institut Allan Memorial : électrochocs massifs, drogues, messages répétés. Ottawa indemnise ensuite des victimes.",Canada,"45.5,-73.58",https://en.wikipedia.org/w/index.php?search=Project%20MKUltra
1957-01-30,crime,reconnu,Incident Girard,"Sōmagahara, Japon","Le soldat William Girard tue par balle Sakai Naka, une femme qui ramassait des douilles sur un champ de tir. Washington accepte un procès japonais qui aboutit à une peine avec sursis, puis Girard rentre aux États-Unis.",Japon,"36.44,139.03",https://en.wikipedia.org/w/index.php?search=Girard%20incident
1957-03-20,crime,reconnu,Meurtre de Liu Ziran à Taipei,"Taipei, Taïwan",Le sergent américain Robert Reynolds tue Liu Ziran. Son acquittement par une cour martiale provoque l'émeute du 24 mai 1957 contre l'ambassade américaine.,Taïwan,"25.04,121.56",https://en.wikipedia.org/w/index.php?search=Liu%20Ziran%20incident
1957-04,arme,reconnu,La 6e flotte au secours du roi Hussein,"Amman, Jordanie","Lors de la crise qui oppose le roi au gouvernement nationaliste de Nabulsi, Eisenhower envoie la 6e flotte en Méditerranée orientale et accorde 10 millions de dollars d'aide d'urgence.",Jordanie,"31.95,35.93",https://en.wikipedia.org/w/index.php?search=1957%20Jordanian%20alleged%20military%20coup%20attempt
1957-06,info,documenté,Élections libanaises achetées,"Beyrouth, Liban",L'agent Wilbur Crane Eveland raconte avoir transporté des fonds pour les candidats du président Chamoun.,Liban,"33.89,35.5",https://en.wikipedia.org/w/index.php?search=Wilbur%20Crane%20Eveland
1957-06,crime,reconnu,Retour des habitants sur Rongelap contaminé,"Rongelap, Îles Marshall","Les habitants sont réinstallés sur Rongelap alors que l'atoll reste contaminé, et suivis comme groupe d'étude. Ils quitteront l'île en 1985.",Îles Marshall (tutelle américaine),"11.16,166.85",https://en.wikipedia.org/w/index.php?search=Rongelap%20Atoll
1957-08,coup,documenté,Complot démasqué à Damas,"Damas, Syrie",Opération Wappen : Damas expose un complot de la CIA avec des officiers syriens et expulse trois diplomates américains.,Syrie,"33.51,36.29",https://en.wikipedia.org/w/index.php?search=1957%20Syrian%20crisis
1957-08,espion,documenté,Le sous-marin Gudgeon piégé devant Vladivostok,"Vladivostok, URSS","Repéré en mission d'espionnage dans les eaux revendiquées par l'URSS, l'USS Gudgeon est traqué pendant des heures et contraint de faire surface. Premier incident de ce type de la guerre froide.",URSS,"43.1,131.9",https://en.wikipedia.org/w/index.php?search=USS%20Gudgeon%20%28SS-567%29
1957-09,coup,documenté,Plan « Preferred » contre la Syrie,"Damas, Syrie","Un groupe de travail anglo-américain rédige un plan pour renverser le gouvernement syrien, avec incidents frontaliers montés et élimination de dirigeants. Le document est retrouvé en 2003 dans les archives du ministre britannique Duncan Sandys.",Syrie,"33.51,36.29",https://fr.wikipedia.org/w/index.php?search=Crise%20syrienne%20de%201957
1957-09,arme,reconnu,Pont aérien d'armes autour de la Syrie,"Damas, Syrie","Pendant la crise syrienne, Washington livre par avion des armes à la Jordanie, au Liban et à l'Irak, déploie la 6e flotte et encourage la Turquie à masser des troupes à la frontière syrienne.",Syrie,"33.51,36.29",https://fr.wikipedia.org/w/index.php?search=Crise%20syrienne%20de%201957
1957-10,arme,reconnu,Guérilla tibétaine armée par la CIA,"Tibet, Chine",La CIA parachute au Tibet les premiers Tibétains formés à Saipan. Les parachutages d'agents et d'armes se poursuivent jusqu'au milieu des années 1960 (programme ST CIRCUS).,Chine (Tibet),"29.65,91.12",https://en.wikipedia.org/w/index.php?search=CIA%20Tibetan%20program
1957-11,coup,reconnu,Le maire de Naha destitué par l'occupant,"Naha, Okinawa, Japon","L'administration civile américaine des Ryūkyū modifie la réglementation pour destituer Senaga Kamejirō, maire de Naha élu en 1956 et opposant aux bases. Il est aussi privé de ses droits d'éligibilité.",Japon,"26.21,127.68",https://en.wikipedia.org/w/index.php?search=Kamejir%C5%8D%20Senaga
1957-11,crime,reconnu,Armes nucléaires secrètes au Groenland,"Thulé, Groenland",Une lettre ambiguë du Premier ministre H. C. Hansen permet aux États-Unis de stocker des bombes atomiques à Thulé malgré la politique danoise sans nucléaire. L'affaire est révélée en 1995.,Groenland (Danemark),"76.53,-68.7",https://en.wikipedia.org/w/index.php?search=H.C.%20Hansen%20Thule%20nuclear%20weapons
1957-11-30,mort,allégué,Attentat de Cikini contre Sukarno,"Jakarta, Indonésie","Des grenades visent Sukarno devant une école de Jakarta et font des morts. La commission Church cite des indices que la CIA a envisagé son assassinat, mais aucun lien avec Cikini n'est démontré.",Indonésie,"-6.2,106.85",https://en.wikipedia.org/w/index.php?search=Cikini%20assassination%20attempt
1958,info,reconnu,Financement secret du PLD japonais,"Tokyo, Japon",La CIA finance le Parti libéral-démocrate et certains de ses candidats à partir de la fin des années 1950. Le département d'État l'a reconnu en 2006 dans ses archives diplomatiques (FRUS).,Japon,"35.69,139.69",https://fr.wikipedia.org/w/index.php?search=Parti%20lib%C3%A9ral-d%C3%A9mocrate%20%28Japon%29
1958,arme,reconnu,"Camp Hale, formation des Tibétains","Camp Hale, Colorado, États-Unis","La CIA forme secrètement des centaines de combattants tibétains au Colorado de 1958 à 1964, avant de les renvoyer au Tibet ou au Népal.",Chine (Tibet),"29.65,91.12",https://en.wikipedia.org/w/index.php?search=Camp%20Hale
1958,arme,reconnu,Armes nucléaires stockées à Taïwan,"Tainan, Taïwan","Les États-Unis déploient des armes nucléaires à Taïwan de 1958 à 1974, dont des missiles Matador à Tainan, selon une histoire du Pentagone déclassifiée.",Taïwan; Chine,"23.0,120.2; 39.9,116.4",https://en.wikipedia.org/w/index.php?search=Nuclear%20weapons%20Taiwan%20United%20States%201958%201974
1958,arme,documenté,Plans de frappe nucléaire sur la Chine,Détroit de Taïwan,"Pendant la crise de Quemoy, les chefs d'état-major poussent à des frappes nucléaires sur les bases chinoises. Une étude secrète révélée par Daniel Ellsberg en 2021 le montre.",Chine,"24.48,118.09",https://en.wikipedia.org/w/index.php?search=Daniel%20Ellsberg%201958%20Taiwan%20Strait%20nuclear
1958,espion,reconnu,Opération Solo,"Moscou, URSS","Le FBI utilise les frères Morris et Jack Childs, cadres du Parti communiste américain, pour obtenir des informations du Kremlin jusqu'en 1977. Le FBI a publié les dossiers.",URSS,"55.75,37.62",https://en.wikipedia.org/w/index.php?search=Operation%20Solo
1958-01,arme,reconnu,Armes nucléaires en Corée du Sud,Corée du Sud,"Washington déploie des armes nucléaires tactiques en Corée du Sud, malgré l'article de l'armistice interdisant l'introduction de nouveaux armements. Elles y restent jusqu'en 1991.",Corée du Sud,"37.57,126.98",https://en.wikipedia.org/w/index.php?search=Nuclear%20weapons%20in%20South%20Korea
1958-02,arme,reconnu,"Opération Haik, armes aux rebelles","Sumatra et Sulawesi, Indonésie","La CIA arme les rébellions régionales PRRI et Permesta contre Sukarno, fournit des avions et des pilotes. Les archives FRUS documentent l'opération.",Indonésie,"-0.95,100.35; 1.49,124.84",https://en.wikipedia.org/w/index.php?search=Permesta
1958-02-08,crime,documenté,Sakiet Sidi Youssef bombardé,"Sakiet Sidi Youssef, Tunisie","L'aviation française bombarde ce village tunisien frontalier de l'Algérie avec des avions de fabrication américaine, tuant environ 70 civils. L'emploi de matériel livré par Washington provoque une crise franco-américaine.",Tunisie,"36.22,8.35",https://fr.wikipedia.org/w/index.php?search=Bombardement%20de%20Sakiet%20Sidi%20Youssef
1958-04,arme,documenté,Pétrolier coulé à Balikpapan,"Balikpapan, Indonésie","Des B-26 de l'aviation rebelle de Permesta, fournis par la CIA et pilotés en partie par ses mercenaires, attaquent le port de Balikpapan et coulent le pétrolier britannique San Flaviano.",Indonésie,"-1.27,116.83",https://en.wikipedia.org/w/index.php?search=Permesta%20Balikpapan%20San%20Flaviano%201958
1958-04,crime,reconnu,Opération Hardtack I aux Marshall,"Enewetak, Îles Marshall","D'avril à août 1958, plus de trente essais nucléaires ont lieu à Enewetak et Bikini, la série la plus nombreuse dans le Pacifique avant le moratoire.",Îles Marshall (tutelle américaine),"11.5,162.3; 11.6,165.4",https://en.wikipedia.org/w/index.php?search=Operation%20Hardtack%20I
1958-04,info,reconnu,Mission des « bons offices » Murphy,"Paris, France","Après le bombardement de Sakiet, Washington impose une médiation anglo-américaine entre la France et la Tunisie. L'acceptation de ces « bons offices » fait tomber le gouvernement Gaillard.",France,"48.86,2.35",https://fr.wikipedia.org/w/index.php?search=Bombardement%20de%20Sakiet%20Sidi%20Youssef
1958-04-30,info,reconnu,Démenti d'Eisenhower sur l'Indonésie,"Washington, États-Unis","Eisenhower affirme en conférence de presse une « neutralité prudente » et parle de « soldats de fortune », alors que la CIA arme et pilote la rébellion. Les archives déclassifiées ont établi le mensonge.",Indonésie,"-6.2,106.85",https://en.wikipedia.org/w/index.php?search=1958%20Indonesian%20rebellion%20CIA%20Eisenhower
1958-05,info,documenté,Opération Booster Shot au Laos,"Vientiane, Laos","Avant les élections partielles de 1958, l'ambassade américaine finance des projets dans les villages pour contrer le Pathet Lao, qui l'emporte quand même. La CIA soutient ensuite le CDNI.",Laos,"17.97,102.6",https://en.wikipedia.org/w/index.php?search=Operation%20Booster%20Shot
1958-05-18,arme,reconnu,Pilote de la CIA abattu à Ambon,"Ambon, Indonésie","Le pilote Allen Pope, qui bombardait des cibles pour les rebelles de Permesta, est abattu au-dessus d'Ambon. Sa capture expose le rôle américain et Washington lâche la rébellion.",Indonésie,"-3.7,128.2",https://en.wikipedia.org/w/index.php?search=Allen%20Lawrence%20Pope
1958-07-15,arme,reconnu,Débarquement au Liban,"Beyrouth, Liban","Environ 14 000 soldats débarquent à la demande du président Chamoun, au lendemain de la révolution irakienne.",Liban,"33.89,35.5",https://en.wikipedia.org/w/index.php?search=1958%20Lebanon%20crisis
1958-09,arme,reconnu,Deuxième crise du détroit de Taïwan,"Kinmen, Taïwan","La marine américaine escorte les convois de ravitaillement vers Kinmen bombardée, et les militaires préparent des plans de frappes nucléaires sur la Chine continentale.",Taïwan; Chine,"24.44,118.32; 24.48,118.1",https://en.wikipedia.org/w/index.php?search=Second%20Taiwan%20Strait%20Crisis
1958-09,arme,reconnu,Obusiers nucléaires livrés à Quemoy,"Quemoy, Taïwan","Washington livre à Quemoy des obusiers de 203 mm capables de tirer des obus nucléaires, face à la côte du Fujian.",Taïwan (Quemoy); Chine,"24.44,118.32; 24.48,118.09",https://en.wikipedia.org/w/index.php?search=Second%20Taiwan%20Strait%20Crisis
1958-09,info,reconnu,La CIA publie « Le Docteur Jivago » en russe,"Bruxelles, Belgique",La CIA fait imprimer le roman interdit de Pasternak et en remet des exemplaires aux visiteurs soviétiques de l'Exposition universelle de Bruxelles. Documents déclassifiés en 2014.,URSS,"55.75,37.62",https://fr.wikipedia.org/w/index.php?search=Docteur%20Jivago
1958-09-02,espion,reconnu,C-130 abattu au-dessus de l'Arménie,Arménie soviétique,Un avion de renseignement électronique américain est abattu par des chasseurs soviétiques. Ses 17 membres d'équipage sont tués.,URSS (Arménie),"40.18,44.51",https://en.wikipedia.org/w/index.php?search=1958%20C-130%20shootdown%20incident
1958-09-07,arme,reconnu,Convois escortés vers Quemoy,"Quemoy, Taïwan","Des navires de l'US Navy escortent les convois de ravitaillement nationalistes vers Quemoy, alors pilonnée par l'artillerie chinoise.",Taïwan (Quemoy),"24.44,118.32",https://en.wikipedia.org/w/index.php?search=Second%20Taiwan%20Strait%20Crisis
1958-09-24,arme,reconnu,Missiles Sidewinder aux pilotes taïwanais,"Wenzhou, Chine",Des missiles Sidewinder livrés en secret par les États-Unis permettent aux F-86 taïwanais d'abattre des MiG chinois. C'est le premier combat aérien gagné par missiles.,Chine,"28.0,120.7",https://en.wikipedia.org/w/index.php?search=AIM-9%20Sidewinder
1959,info,reconnu,Scission de la gauche japonaise financée,"Tokyo, Japon","Eisenhower approuve un programme de la CIA pour détacher l'aile modérée du Parti socialiste. Les modérés fondent en 1960 le Parti démocrate-socialiste, financé par Washington selon les archives FRUS.",Japon,"35.69,139.69",https://en.wikipedia.org/w/index.php?search=Democratic%20Socialist%20Party%20%28Japan%29
1959,info,documenté,Fonds contre les communistes du Kerala,"Kerala, Inde","Selon l'ancien ambassadeur Daniel Patrick Moynihan, la CIA finance le Parti du Congrès contre le gouvernement communiste élu du Kerala, renvoyé par New Delhi en 1959.",Inde,"8.52,76.95",https://en.wikipedia.org/w/index.php?search=1959%20Liberation%20struggle
1959,arme,reconnu,"Air America, compagnie aérienne de la CIA","Vientiane, Laos","La Civil Air Transport devient Air America, propriété secrète de la CIA. Elle transporte troupes, armes et ravitaillement pour la guerre clandestine au Laos.",Laos,"17.97,102.6",https://fr.wikipedia.org/w/index.php?search=Air%20America
1959,arme,reconnu,Mission des Marines auprès de Duvalier,"Port-au-Prince, Haïti","Une mission des Marines américains entraîne l'armée haïtienne de François Duvalier jusqu'en 1963, au moment où il installe sa dictature.",Haïti,"18.54,-72.34",https://en.wikipedia.org/w/index.php?search=Fran%C3%A7ois%20Duvalier
1959,espion,reconnu,Base d'écoute de Badaber louée à la CIA et la NSA,"Badaber, Peshawar, Pakistan",Le Pakistan loue aux États-Unis une station près de Peshawar pour intercepter les communications soviétiques. Le U-2 de Francis Gary Powers en décolle en 1960. La base ferme en 1970.,Pakistan,"33.93,71.57",https://en.wikipedia.org/w/index.php?search=Badaber%20Air%20Station
1959,arme,reconnu,Camp Century et le projet Iceworm,"Camp Century, Groenland","L'armée construit sous la glace une base à propulsion nucléaire, officiellement scientifique. Le projet secret Iceworm y envisage des centaines de missiles, sans que Copenhague en soit informé.",Groenland (Danemark),"77.18,-61.13",https://fr.wikipedia.org/w/index.php?search=Camp%20Century
1959,espion,reconnu,Programme de sous-marins Holystone,"Mer de Barents, URSS","Des sous-marins américains espionnent pendant des années les ports et les essais de la marine soviétique, parfois dans ses eaux territoriales. Seymour Hersh révèle le programme en 1975.",URSS,"70.0,35.0",https://en.wikipedia.org/w/index.php?search=Operation%20Holystone
1959-02,coup,allégué,Complot de Dap Chhuon,"Siem Reap, Cambodge","Sihanouk déjoue un complot de ce chef militaire soutenu par la Thaïlande et le Sud-Vietnam. Il accuse la CIA, dont un agent présumé est expulsé.",Cambodge,"13.36,103.86",https://fr.wikipedia.org/w/index.php?search=Complot%20de%20Bangkok
1959-02-20,sabot,allégué,Abandon de l'Avro Arrow,"Malton, Ontario","Ottawa annule l'intercepteur canadien et choisit des missiles Bomarc américains ; 14 000 emplois disparaissent. Beaucoup y voient une pression américaine, que les archives n'établissent pas.",Canada,"43.68,-79.64",https://fr.wikipedia.org/w/index.php?search=Avro%20Canada%20CF-105%20Arrow
1959-03,arme,documenté,Fuite du Dalaï-lama,"Lhassa, Tibet","Lors du soulèvement de Lhassa, deux agents tibétains formés par la CIA accompagnent la fuite du Dalaï-lama vers l'Inde et restent en liaison radio avec l'agence.",Chine (Tibet),"29.65,91.12",https://fr.wikipedia.org/w/index.php?search=Soul%C3%A8vement%20tib%C3%A9tain%20de%201959
1959-04,coup,reconnu,Comité spécial du NSC sur l'Irak,"Bagdad, Irak","Inquiet de l'influence communiste sous Kassem, le Conseil de sécurité nationale crée un comité spécial sur l'Irak chargé d'étudier des options, y compris clandestines. Les archives FRUS en gardent la trace.",Irak,"33.31,44.37",https://en.wikipedia.org/w/index.php?search=Abd%20al-Karim%20Qasim
1959-04,info,reconnu,"Dulles : l'Irak, « endroit le plus dangereux »","Bagdad, Irak","Devant la commission sénatoriale des affaires étrangères, le directeur de la CIA Allen Dulles qualifie la situation en Irak de « plus dangereuse du monde », en raison du poids des communistes auprès de Kassem.",Irak,"33.31,44.37",https://en.wikipedia.org/w/index.php?search=Abd%20al-Karim%20Qasim
1959-04,info,reconnu,Pression sur la Cour suprême (Sunagawa),"Tokyo, Japon","Après un jugement de mars 1959 déclarant les forces américaines inconstitutionnelles, l'ambassadeur Douglas MacArthur II rencontre le président de la Cour suprême. Des documents déclassifiés en 2008 le révèlent. La Cour annule le jugement.",Japon,"35.69,139.69",https://en.wikipedia.org/w/index.php?search=Sunagawa%20case
1959-07,arme,reconnu,"Opération Hotfoot, puis White Star",Laos,"Des équipes de forces spéciales américaines en civil entraînent l'armée royale laotienne. L'opération devient White Star en 1961, en uniforme.",Laos,"17.97,102.6",https://en.wikipedia.org/w/index.php?search=Operation%20White%20Star
1959-10-07,mort,allégué,Attentat baasiste contre Kassem,"Rue al-Rachid, Bagdad, Irak","Un commando baasiste, dont le jeune Saddam Hussein, mitraille la voiture de Kassem, qui est blessé. Des auteurs comme Saïd Aburish et Richard Sale prêtent un rôle à la CIA, sans preuve documentaire publique.",Irak,"33.31,44.37",https://en.wikipedia.org/w/index.php?search=1959%20Abd%20al-Karim%20Qasim%20assassination%20attempt
1959-10-07,espion,documenté,RB-57D abattu près de Pékin,"Tongzhou, Chine","Un avion espion RB-57D piloté par un Taïwanais, dans un programme financé par la CIA, est abattu par un missile SA-2. C'est la première victoire d'un missile sol-air.",Chine,"39.9,116.66",https://en.wikipedia.org/w/index.php?search=Martin%20RB-57D%20Canberra%201959%20shootdown
1959-10-21,sabot,allégué,Raid aérien de Díaz Lanz sur La Havane,"La Havane, Cuba","L'ex-chef de l'aviation cubaine Pedro Luis Díaz Lanz, exilé, survole La Havane depuis la Floride et largue des tracts. Les tirs antiaériens et les tirs depuis l'avion, selon Cuba, font des morts et des dizaines de blessés. Castro accuse Washington de tolérer ces vols.",Cuba,"23.11,-82.37",https://en.wikipedia.org/w/index.php?search=Pedro%20Luis%20D%C3%ADaz%20Lanz
1959-12-11,mort,reconnu,J. C. King propose d'« éliminer » Castro,"La Havane, Cuba",Le chef de la division Hémisphère occidental de la CIA recommande d'envisager « l'élimination de Fidel Castro ». Allen Dulles approuve la note. La commission Church la cite en 1975.,Cuba,"23.11,-82.37",https://en.wikipedia.org/w/index.php?search=J.%20C.%20King%20CIA%20elimination%20Fidel%20Castro%201959
1960,arme,documenté,Base de guérilla du Mustang,"Mustang, Népal","La CIA arme et finance une force tibétaine installée dans le royaume du Mustang, au Népal, qui mène des raids au Tibet. L'aide s'arrête en 1969 et la base est démantelée en 1974.",Népal; Chine (Tibet),"29.18,83.95; 30.5,85.0",https://en.wikipedia.org/w/index.php?search=Chushi%20Gangdruk
1960,espion,reconnu,Agent de la CIA pris à Singapour,Singapour,Un agent de la CIA est arrêté pour avoir tenté de corrompre un officier du renseignement de Singapour. Lee Kuan Yew révèle en 1965 que Washington lui avait présenté des excuses écrites.,Singapour,"1.35,103.82",https://en.wikipedia.org/w/index.php?search=Lee%20Kuan%20Yew%20CIA%20bribe%201960
1960,arme,reconnu,Camp d'entraînement de Retalhuleu,"Retalhuleu, Guatemala","La CIA entraîne les exilés cubains de la future brigade 2506 sur une base secrète au Guatemala, avec l'accord du président Ydígoras.",Guatemala,"14.54,-91.68",https://en.wikipedia.org/w/index.php?search=Bay%20of%20Pigs%20Invasion
1960,espion,reconnu,Programme LITEMPO,"Mexico, Mexique","La CIA fait de plusieurs présidents mexicains, dont Díaz Ordaz et Echeverría, des sources rémunérées. Pendant le massacre de Tlatelolco (1968), elle relaie surtout la version gouvernementale.",Mexique,"19.43,-99.13",https://en.wikipedia.org/w/index.php?search=LITEMPO
1960,mort,reconnu,Produit hallucinogène dans le studio de Castro,"La Havane, Cuba",La CIA envisage de pulvériser un produit proche du LSD dans le studio d'où Castro prononce ses discours télévisés. Le projet est abandonné. La commission Church le rapporte.,Cuba,"23.11,-82.37",https://en.wikipedia.org/w/index.php?search=Assassination%20attempts%20on%20Fidel%20Castro
1960,mort,reconnu,Sels de thallium contre la barbe de Castro,Cuba,"La CIA prévoit de glisser des sels de thallium dans les chaussures de Castro pendant un voyage, pour faire tomber sa barbe et ruiner son image. Le projet n'aboutit pas, selon la commission Church.",Cuba,"23.11,-82.37",https://en.wikipedia.org/w/index.php?search=Assassination%20attempts%20on%20Fidel%20Castro%20thallium
1960,mort,allégué,Pilules confiées à Marita Lorenz,"La Havane, Cuba","Ancienne maîtresse de Castro, Marita Lorenz affirme avoir reçu de la CIA des pilules pour l'empoisonner, qu'elle aurait cachées dans un pot de crème où elles se sont dissoutes. Le récit n'est étayé que par son témoignage.",Cuba,"23.11,-82.37",https://en.wikipedia.org/w/index.php?search=Marita%20Lorenz
1960,espion,reconnu,COINTELPRO contre les indépendantistes,"San Juan, Porto Rico","Le FBI lance des opérations pour diviser et discréditer les mouvements indépendantistes portoricains, comme l'établira la commission Church en 1976.",Porto Rico,"18.47,-66.11",https://en.wikipedia.org/w/index.php?search=COINTELPRO
1960-01,info,reconnu,Accord secret sur le transit nucléaire,"Tokyo, Japon","Lors de la révision du traité de sécurité, un accord secret permet aux navires américains porteurs d'armes nucléaires de faire escale au Japon, malgré les principes affichés. Tokyo l'a reconnu en 2010.",Japon,"35.69,139.69",https://en.wikipedia.org/w/index.php?search=Japan%E2%80%93US%20secret%20nuclear%20agreements
1960-02,mort,reconnu,Mouchoir empoisonné pour un colonel irakien,"Bagdad, Irak","La commission Church rapporte qu'en 1960 la CIA a envisagé de « rendre inapte » un colonel irakien avec un mouchoir imprégné d'un agent toxique. Le colonel est fusillé plus tard à Bagdad, sans lien avec la CIA selon celle-ci.",Irak,"33.31,44.37",https://en.wikipedia.org/w/index.php?search=Church%20Committee
1960-02-18,sabot,allégué,Avion américain abattu au-dessus d'une sucrerie,"Matanzas, Cuba",Un petit avion parti de Floride explose en attaquant la sucrerie España. Le pilote américain Robert Ellis Frost meurt. Cuba accuse Washington de laisser partir ces raids de son sol ; Washington exprime ses regrets et nie toute responsabilité.,Cuba,"23.04,-81.58",https://en.wikipedia.org/w/index.php?search=Robert%20Ellis%20Frost%20Cuba%201960%20plane%20sugar%20mill
1960-03-04,sabot,allégué,Explosion du cargo La Coubre,"La Havane, Cuba",Un cargo français chargé d'armes belges explose dans le port de La Havane et fait des dizaines de morts. Fidel Castro accuse les États-Unis. Aucune preuve publique ne l'a confirmé.,Cuba,"23.11,-82.37",https://en.wikipedia.org/w/index.php?search=La%20Coubre%20explosion
1960-03-17,coup,reconnu,Eisenhower approuve l'action contre Castro,"La Havane, Cuba","Eisenhower approuve un « programme d'action clandestine contre le régime Castro » : opposition armée, propagande et radio. C'est l'origine de la Baie des Cochons.",Cuba,"23.11,-82.37",https://en.wikipedia.org/w/index.php?search=Bay%20of%20Pigs%20Invasion
1960-04,info,documenté,Élections laotiennes truquées,"Vientiane, Laos",Les élections législatives de 1960 sont massivement truquées au profit de la droite. Des agents de la CIA auraient distribué de l'argent pour influencer le scrutin.,Laos,"17.97,102.6",https://fr.wikipedia.org/w/index.php?search=%C3%89lections%20l%C3%A9gislatives%20laotiennes%20de%201960
1960-04-09,espion,reconnu,Survol de Semipalatinsk par un U-2,"Semipalatinsk, URSS","Un U-2 piloté par Bob Ericson survole le polygone nucléaire de Semipalatinsk, Sary-Chagan et Tiouratam. Détecté, il échappe aux chasseurs. Ce vol précède celui de Powers.",URSS (Kazakhstan),"50.4,78.0",https://en.wikipedia.org/w/index.php?search=1960%20U-2%20incident
1960-04-26,coup,reconnu,Washington pousse Rhee au départ,"Séoul, Corée du Sud","Pendant la révolution d'avril, l'ambassadeur McConaughy presse Syngman Rhee de céder. Rhee démissionne le 26 avril. Un avion affrété par la CIA l'emmène à Hawaï le 29 mai.",Corée du Sud,"37.57,126.98",https://fr.wikipedia.org/w/index.php?search=R%C3%A9volution%20d%27avril
1960-05-01,espion,reconnu,U-2 abattu au-dessus de l'URSS,"Sverdlovsk, URSS","L'avion espion de Francis Gary Powers est abattu. Washington nie d'abord, puis reconnaît les survols. Le sommet de Paris échoue.",URSS,"56.84,60.6",https://fr.wikipedia.org/w/index.php?search=Incident%20de%20l%27U-2%20en%201960
1960-05-17,info,reconnu,Radio Swan,"Îles du Cygne, Honduras",La CIA lance une radio de propagande anticastriste depuis les îles du Cygne. Elle se présente comme une station commerciale privée.,Cuba; Honduras,"23.11,-82.37; 17.41,-83.93",https://en.wikipedia.org/w/index.php?search=Radio%20Swan
1960-07,mort,reconnu,« Accident » prévu pour Raúl Castro,"La Havane, Cuba",Le siège de la CIA autorise sa station de La Havane à offrir 10 000 dollars à un Cubain pour organiser un « accident » fatal à Raúl Castro. L'ordre est annulé quelques heures plus tard. La commission Church l'établit.,Cuba,"23.11,-82.37",https://en.wikipedia.org/w/index.php?search=Assassination%20plots%20Ra%C3%BAl%20Castro%201960%20Church%20Committee
1960-07-01,espion,reconnu,RB-47 abattu en mer de Barents,Mer de Barents,Un avion de reconnaissance américain est abattu par un chasseur soviétique près de la péninsule de Kola. Deux survivants sont détenus à Moscou jusqu'en 1961.,URSS,"70.0,38.0",https://en.wikipedia.org/w/index.php?search=1960%20RB-47%20shootdown
1960-07-06,sabot,reconnu,Suppression du quota sucrier cubain,"La Havane, Cuba","Eisenhower réduit à presque rien le quota d'importation de sucre cubain, principale ressource de l'île.",Cuba,"23.11,-82.37",https://en.wikipedia.org/w/index.php?search=United%20States%20embargo%20against%20Cuba
1960-08,mort,reconnu,Cigares empoisonnés pour Castro,"La Havane, Cuba","La CIA traite une boîte des cigares préférés de Castro à la toxine botulique. Elle est remise à un intermédiaire en 1961, sans suite connue. Le fait est établi par la commission Church.",Cuba,"23.11,-82.37",https://en.wikipedia.org/w/index.php?search=Assassination%20attempts%20on%20Fidel%20Castro
1960-08,sabot,reconnu,Sanctions contre Trujillo,"Saint-Domingue, République dominicaine","Après l'attentat de Trujillo contre le président vénézuélien Betancourt, l'OEA vote des sanctions. Washington rompt ses relations et suspend ensuite le quota sucrier dominicain.",République dominicaine,"18.49,-69.93",https://fr.wikipedia.org/w/index.php?search=Rafael%20Trujillo
1960-08-18,mort,reconnu,Eisenhower et l'« élimination » de Lumumba,"Washington, États-Unis","Lors d'une réunion du Conseil de sécurité nationale, Eisenhower donne selon un témoin un ordre compris comme l'élimination de Lumumba. La commission Church rapporte ce témoignage sans trancher.",Congo-Léopoldville,"-4.32,15.31",https://fr.wikipedia.org/w/index.php?search=Patrice%20Lumumba
1960-08-18,espion,reconnu,Premier satellite espion Corona,URSS,La mission Discoverer 14 rapporte les premières photos de l'URSS prises depuis l'espace. Le programme Corona est déclassifié en 1995.,URSS,"55.75,37.62",https://fr.wikipedia.org/w/index.php?search=Corona%20%28satellite%29
1960-08-26,mort,reconnu,Câble d'Allen Dulles sur Lumumba,"Léopoldville, Congo",Le directeur de la CIA câble à la station que l'éviction de Lumumba doit être « un objectif urgent et prioritaire » de l'action clandestine. Le câble est cité par la commission Church.,Congo-Léopoldville,"-4.32,15.31",https://fr.wikipedia.org/w/index.php?search=Patrice%20Lumumba
1960-09,mort,reconnu,Poison de la CIA pour Lumumba,"Léopoldville, Congo","Le chimiste de la CIA Sidney Gottlieb apporte au chef de station Larry Devlin un poison destiné au Premier ministre, sur une instruction attribuée à Eisenhower. La commission Church l'établit en 1975.",Congo-Léopoldville (RDC),"-4.32,15.31",https://fr.wikipedia.org/w/index.php?search=Patrice%20Lumumba
1960-09,mort,reconnu,La CIA recrute la Mafia contre Castro,"La Havane, Cuba","Par l'intermédiaire de Robert Maheu, la CIA engage Johnny Roselli, Sam Giancana et Santo Trafficante pour tuer Castro. La commission Church le révèle en 1975.",Cuba,"23.11,-82.37",https://en.wikipedia.org/w/index.php?search=Assassination%20attempts%20on%20Fidel%20Castro
1960-09,arme,reconnu,Parachutages aux rebelles de l'Escambray,"Escambray, Cuba",La CIA largue armes et matériel aux guérillas anticastristes des montagnes de l'Escambray. La plupart des largages tombent aux mains de l'armée cubaine.,Cuba,"21.9,-80.1",https://en.wikipedia.org/w/index.php?search=Escambray%20rebellion
1960-09,espion,reconnu,Techniciens de la CIA arrêtés à La Havane,"La Havane, Cuba",Trois techniciens de la CIA sont arrêtés alors qu'ils posent des micros dans les bureaux de l'agence de presse chinoise Xinhua. Ils sont libérés en 1963 lors de l'échange des prisonniers de la baie des Cochons.,Cuba,"23.11,-82.37",https://en.wikipedia.org/w/index.php?search=CIA%20technicians%20arrested%20Havana%201960%20Xinhua
1960-09-05,coup,documenté,Kasavubu révoque Lumumba,"Léopoldville, Congo","Le président Kasavubu destitue le Premier ministre. L'ambassade américaine et la station de la CIA avaient poussé à cette révocation, selon les archives et les mémoires de Larry Devlin.",Congo-Léopoldville,"-4.32,15.31",https://fr.wikipedia.org/w/index.php?search=Crise%20congolaise
1960-09-14,coup,documenté,Mobutu écarte Lumumba,"Léopoldville, Congo","Le colonel Mobutu neutralise le Premier ministre. Le chef de station de la CIA Larry Devlin l'a encouragé et financé, selon ses propres mémoires.",Congo-Léopoldville (RDC),"-4.32,15.31",https://fr.wikipedia.org/w/index.php?search=Patrice%20Lumumba
1960-10,mort,reconnu,Le poison jeté dans le fleuve,"Léopoldville, Congo","Faute d'accès à Lumumba, gardé par les Casques bleus et l'armée, Larry Devlin détruit le poison apporté par Sidney Gottlieb en le jetant dans le fleuve Congo, selon la commission Church.",Congo-Léopoldville,"-4.32,15.31",https://fr.wikipedia.org/w/index.php?search=Sidney%20Gottlieb
1960-10-19,sabot,reconnu,Premier embargo commercial contre Cuba,"La Havane, Cuba","Washington interdit la plupart des exportations vers Cuba, à l'exception de la nourriture et des médicaments.",Cuba,"23.11,-82.37",https://en.wikipedia.org/w/index.php?search=United%20States%20embargo%20against%20Cuba
1960-11,arme,documenté,Répression du soulèvement du 13 novembre,Guatemala,"Des officiers se révoltent contre Ydígoras, en partie à cause du camp de la CIA. Des B-26 de la base de Retalhuleu, pilotés par des exilés cubains, aident à écraser la révolte, d'où naîtra la guérilla MR-13.",Guatemala,"14.97,-89.53",https://en.wikipedia.org/w/index.php?search=MR-13
1960-11,mort,reconnu,Mission de Justin O'Donnell,"Léopoldville, Congo","La CIA envoie l'officier Justin O'Donnell pour « neutraliser » Lumumba. Il refuse de l'assassiner et cherche à l'attirer hors de sa résidence pour le livrer aux autorités, selon la commission Church.",Congo-Léopoldville,"-4.32,15.31",https://en.wikipedia.org/w/index.php?search=Patrice%20Lumumba
1960-11,mort,reconnu,Recrutement de QJWIN,"Léopoldville, Congo","La CIA envoie au Congo QJWIN, un délinquant recruté en Europe, pour une mission contre Lumumba. La commission Church ne peut établir ce qu'il a fait sur place.",Congo-Léopoldville,"-4.32,15.31",https://en.wikipedia.org/w/index.php?search=QJWIN
1960-12,coup,reconnu,Prise de Vientiane par Phoumi Nosavan,"Vientiane, Laos","Après le coup neutraliste de Kong Le, la CIA et le Pentagone arment le général Phoumi Nosavan, qui reprend Vientiane et renverse le gouvernement de Souvanna Phouma.",Laos,"17.97,102.6",https://fr.wikipedia.org/w/index.php?search=Bataille%20de%20Vientiane
1960-12,mort,reconnu,WIROGUE et l'« escouade d'exécution »,"Léopoldville, Congo","WIROGUE, autre agent de la CIA, tente de recruter QJWIN dans une « escouade d'exécution ». La commission Church le rapporte, sans lien établi avec la mort de Lumumba.",Congo-Léopoldville,"-4.32,15.31",https://en.wikipedia.org/w/index.php?search=WIROGUE
1960-12,mort,documenté,Traque et capture de Lumumba,"Kasaï, Congo",Lumumba s'enfuit vers Stanleyville et est capturé début décembre. Les câbles de la station montrent qu'elle aidait le gouvernement à surveiller les routes pour le retrouver.,Congo-Léopoldville,"-5.0,21.0",https://fr.wikipedia.org/w/index.php?search=Patrice%20Lumumba
1960-12,info,documenté,Opération Peter Pan et fausse rumeur,"La Havane, Cuba","Plus de 14 000 enfants cubains sont envoyés seuls aux États-Unis de 1960 à 1962, avec des dérogations de visa américaines. Radio Swan diffuse la fausse rumeur que l'État va retirer aux parents l'autorité sur leurs enfants.",Cuba,"23.11,-82.37",https://en.wikipedia.org/w/index.php?search=Operation%20Peter%20Pan
1961,info,documenté,Holden Roberto payé par la CIA,"Léopoldville, Congo","Le chef du mouvement angolais FNLA reçoit des subsides de la CIA dès l'administration Kennedy, selon les travaux de John Marcum et le témoignage de John Stockwell.",Angola,"-8.84,13.23",https://en.wikipedia.org/w/index.php?search=Holden%20Roberto
1961,mort,reconnu,Pilules empoisonnées remises à Juan Orta,"La Havane, Cuba","Via la Mafia, la CIA fait passer des pilules de toxine botulique à Juan Orta, proche de Castro. Il se rétracte. La commission Church documente cette tentative.",Cuba,"23.11,-82.37",https://en.wikipedia.org/w/index.php?search=Assassination%20attempts%20on%20Fidel%20Castro
1961,mort,reconnu,Programme ZR/RIFLE de William Harvey,Cuba,"La CIA crée une capacité d'« action exécutive », c'est-à-dire d'assassinat, confiée à William Harvey. Chargé fin 1961 du complot avec la Mafia contre Castro, il en prend la direction en avril 1962 en rencontrant Roselli. La commission Church l'établit.",Cuba,"23.11,-82.37",https://en.wikipedia.org/w/index.php?search=ZR/RIFLE
1961,espion,reconnu,Escadrille des « Chats noirs »,"Taoyuan, Taïwan","La CIA et l'armée de l'air taïwanaise créent la 35e escadrille. Ses U-2 survolent la Chine continentale, dont le site nucléaire de Lop Nor, jusqu'en mars 1968, puis longent ses côtes jusqu'à la dissolution de l'unité en 1974.",Chine; Taïwan,"39.9,116.4; 25.04,121.56",https://en.wikipedia.org/w/index.php?search=Black%20Cat%20Squadron
1961,espion,reconnu,"Dmitri Poliakov, espion du FBI et de la CIA","Moscou, URSS","Ce général du GRU renseigne les services américains pendant environ 25 ans. Trahi par Aldrich Ames et Robert Hanssen, il est exécuté en 1988.",URSS,"55.75,37.62",https://fr.wikipedia.org/w/index.php?search=Dmitri%20Poliakov
1961-01,arme,reconnu,Opération Momentum : l'armée de Vang Pao,Laos,La CIA arme et encadre des milliers de combattants hmong sous le général Vang Pao. Cette armée clandestine mène la guerre contre le Pathet Lao jusqu'en 1973.,Laos,"19.4,103.2",https://fr.wikipedia.org/w/index.php?search=Guerre%20secr%C3%A8te%20au%20Laos
1961-01-17,mort,documenté,Assassinat de Lumumba,"Élisabethville, Congo","Livré aux sécessionnistes katangais, il est tué en présence d'officiers belges. La commission Church ne conclut pas à une implication directe de la CIA. La station, informée du transfert, ne s'y est pas opposée, selon l'historien Stephen Weissman.",Congo-Léopoldville (RDC),"-11.66,27.48",https://fr.wikipedia.org/w/index.php?search=Assassinat%20de%20Patrice%20Lumumba
1961-02-15,arme,documenté,Avion ravitailleur du KMT abattu,"État shan, Birmanie",L'aviation birmane abat un bombardier PB4Y qui ravitaillait les troupes du KMT. Les armes américaines saisies provoquent des manifestations devant l'ambassade des États-Unis à Rangoun.,Birmanie,"21.3,99.6",https://en.wikipedia.org/w/index.php?search=Kuomintang%20in%20Burma%201961
1961-03,mort,reconnu,Pilules remises à Tony Varona,"Miami, États-Unis","Après l'échec de Juan Orta, Roselli et Trafficante confient les pilules à l'exilé Tony Varona, qui dit avoir un contact dans un restaurant fréquenté par Castro. L'échec de la baie des Cochons met fin au projet, selon la commission Church.",Cuba,"23.11,-82.37",https://en.wikipedia.org/w/index.php?search=Manuel%20Antonio%20de%20Varona
1961-04,espion,reconnu,"Oleg Penkovski, source de la CIA et du MI6","Moscou, URSS","Ce colonel du GRU transmet des milliers de documents sur les missiles soviétiques, utiles pendant la crise de Cuba. Arrêté en octobre 1962, il est exécuté en 1963.",URSS,"55.75,37.62",https://fr.wikipedia.org/w/index.php?search=Oleg%20Penkovski
1961-04-13,sabot,allégué,Incendie du grand magasin El Encanto,"La Havane, Cuba","Un incendie criminel détruit le plus grand magasin de La Havane et tue une employée, Fe del Valle. Cuba l'attribue à un réseau d'opposants lié à la CIA. Le rôle américain n'est pas établi publiquement.",Cuba,"23.11,-82.37",https://en.wikipedia.org/w/index.php?search=El%20Encanto%20Havana%20fire%201961
1961-04-15,arme,reconnu,Frappes aériennes sur les aérodromes cubains,Cuba,"Des B-26 fournis par la CIA, peints aux couleurs cubaines, attaquent trois aérodromes deux jours avant le débarquement.",Cuba,"23.11,-82.37",https://en.wikipedia.org/w/index.php?search=Bay%20of%20Pigs%20Invasion
1961-04-15,info,reconnu,Faux transfuge et mensonge à l'ONU,New York et Miami,"La CIA fait atterrir à Miami un pilote qui prétend avoir déserté. L'ambassadeur Adlai Stevenson reprend cette fausse version devant l'ONU, sans savoir qu'elle est fausse.",Cuba,"23.11,-82.37",https://en.wikipedia.org/w/index.php?search=Bay%20of%20Pigs%20Invasion
1961-04-17,arme,reconnu,Baie des Cochons,"Playa Girón, Cuba",Environ 1 400 exilés entraînés par la CIA débarquent. Ils sont battus en trois jours. Plus de 1 100 sont capturés.,Cuba,"22.07,-81.1",https://en.wikipedia.org/w/index.php?search=Bay%20of%20Pigs%20Invasion
1961-04-22,coup,allégué,Putsch des généraux à Alger,"Alger, Algérie",Des rumeurs françaises de l'époque prêtent aux putschistes un soutien de la CIA. Aucun document ne l'a établi et Kennedy offre son appui au général de Gaulle.,Algérie française; France,"36.75,3.06; 48.86,2.35",https://fr.wikipedia.org/w/index.php?search=Putsch%20des%20g%C3%A9n%C3%A9raux
1961-05,coup,documenté,Soutien à la junte de Park Chung-hee,"Séoul, Corée du Sud","Après le coup d'État du 16 mai 1961, le commandement américain d'abord hostile se rallie. Washington reconnaît et arme le régime militaire de Park, qui dure jusqu'en 1979.",Corée du Sud,"37.57,126.98",https://fr.wikipedia.org/w/index.php?search=Coup%20d%27%C3%89tat%20du%2016%20mai
1961-05-30,mort,reconnu,Assassinat de Trujillo,"Saint-Domingue, République dominicaine","Le dictateur est abattu par des conjurés. La CIA leur avait fourni des carabines via le consulat, selon la commission Church.",République dominicaine,"18.49,-69.93",https://en.wikipedia.org/w/index.php?search=Rafael%20Trujillo
1961-06,espion,documenté,La CIA aide à créer la KCIA,"Séoul, Corée du Sud","Kim Jong-pil fonde l'Agence centrale de renseignement coréenne après le coup d'État de mai 1961, en liaison avec la CIA. La KCIA devient l'instrument de la répression sous Park Chung-hee.",Corée du Sud,"37.57,126.98",https://en.wikipedia.org/w/index.php?search=Korean%20Central%20Intelligence%20Agency
1961-07,mort,allégué,Plan Patty contre Fidel et Raúl Castro,"Santiago de Cuba, Cuba","Selon La Havane, des conspirateurs liés à la CIA prévoyaient de tuer Raúl Castro à Santiago et Fidel à La Havane le 26 juillet 1961, puis de simuler une attaque contre Guantánamo. Le plan n'est documenté que par des sources cubaines.",Cuba,"20.02,-75.82",https://en.wikipedia.org/w/index.php?search=Operaci%C3%B3n%20Patty
1961-08,info,reconnu,Élection d'Adoula achetée,"Léopoldville, Congo","La CIA distribue de l'argent à des parlementaires congolais pour faire élire Cyrille Adoula Premier ministre, selon les archives diplomatiques américaines publiées en 2013.",Congo-Léopoldville (RDC),"-4.32,15.31",https://en.wikipedia.org/w/index.php?search=Cyrille%20Adoula
1961-10,mort,allégué,Projet au bazooka d'Antonio Veciana,"La Havane, Cuba","L'exilé Antonio Veciana dit avoir préparé un tir au bazooka contre Castro depuis un appartement proche du palais, sous la direction d'un officier de la CIA qu'il nomme « Maurice Bishop ». Le complot est déjoué. La commission de la Chambre (HSCA) n'a pu établir l'existence de ce contact.",Cuba,"23.11,-82.37",https://en.wikipedia.org/w/index.php?search=Antonio%20Veciana
1961-11,arme,reconnu,Démonstration navale contre les Trujillo,"Saint-Domingue, République dominicaine",Des navires de guerre américains croisent au large de Saint-Domingue pour empêcher les frères du dictateur assassiné de reprendre le pouvoir. Ils quittent le pays peu après.,République dominicaine,"18.49,-69.93",https://fr.wikipedia.org/w/index.php?search=Ramfis%20Trujillo
1961-11-07,coup,documenté,Chute de Velasco Ibarra,"Quito, Équateur","Selon Philip Agee, ancien de la station de Quito, la CIA infiltre les partis, finance des manifestations et organise des attentats attribués à la gauche, ce qui contribue à la chute du président.",Équateur,"-0.18,-78.47",https://en.wikipedia.org/w/index.php?search=Inside%20the%20Company%3A%20CIA%20Diary
1961-11-30,arme,reconnu,Opération Mongoose,Cuba,"Kennedy autorise un vaste programme de sabotage, de propagande et de déstabilisation contre Cuba, dirigé par Edward Lansdale. Il a été révélé par la commission Church.",Cuba,"23.11,-82.37",https://en.wikipedia.org/w/index.php?search=Operation%20Mongoose
1962,arme,reconnu,Base secrète de Long Tieng,"Long Tieng, Laos","La CIA fait de Long Tieng le quartier général de l'armée de Vang Pao. La base, absente des cartes, devient l'une des plus actives d'Asie.",Laos,"19.13,102.95",https://fr.wikipedia.org/w/index.php?search=Long%20Tieng
1962,sabot,reconnu,Destruction délibérée des récoltes,Vietnam du Sud,"Une partie des épandages vise les rizières et cultures des zones tenues par la guérilla, pour affamer ses combattants et les populations qui les soutiennent.",Vietnam du Sud,"14.0,107.9",https://fr.wikipedia.org/w/index.php?search=Op%C3%A9ration%20Ranch%20Hand
1962,espion,reconnu,Station JMWAVE à Miami,"Miami, vers Cuba",La CIA installe sur le campus de l'université de Miami sa plus grande station hors de Langley. Elle y dirige des centaines d'agents et des raids de commandos contre Cuba.,Cuba,"23.11,-82.37",https://en.wikipedia.org/w/index.php?search=JMWAVE
1962,crime,reconnu,Formation des polices par l'OPS,Amérique latine,L'Office of Public Safety de l'USAID forme et équipe des milliers de policiers latino-américains. Le Congrès le ferme en 1974 après des accusations d'enseignement de la torture.,Brésil; Uruguay; Guatemala; Colombie,"-15.79,-47.88; -34.9,-56.16; 14.63,-90.51; 4.71,-74.07",https://en.wikipedia.org/w/index.php?search=Office%20of%20Public%20Safety
1962,sabot,reconnu,Agents chimiques contre les coupeurs de canne,Cuba,"Parmi les tâches de Mongoose, Lansdale inscrit l'étude d'une « incapacitation » des ouvriers sucriers pendant la récolte par des agents biologiques ou chimiques. La commission Church cite ce projet.",Cuba,"23.11,-82.37",https://en.wikipedia.org/w/index.php?search=Operation%20Mongoose%20sugar%20workers%20chemical
1962,info,documenté,L'IPES contre Goulart,"Rio de Janeiro, Brésil","L'Institut de recherches et d'études sociales, financé par des patrons brésiliens et des entreprises américaines, mène une propagande massive contre Goulart, selon l'historien René Dreifuss.",Brésil,"-22.91,-43.2",https://fr.wikipedia.org/w/index.php?search=Instituto%20de%20Pesquisas%20e%20Estudos%20Sociais
1962-01,crime,reconnu,Opération Ranch Hand,"Biên Hòa, Vietnam du Sud",L'US Air Force épand des herbicides sur les forêts et cultures du Sud jusqu'en 1971. Plus de 70 millions de litres sont déversés.,Vietnam du Sud,"10.95,106.82",https://fr.wikipedia.org/w/index.php?search=Op%C3%A9ration%20Ranch%20Hand
1962-01-31,sabot,reconnu,Exclusion de Cuba de l'OEA,"Punta del Este, Uruguay","Sous l'impulsion de Washington, l'Organisation des États américains exclut le gouvernement cubain. Seuls six pays s'abstiennent.",Cuba,"23.11,-82.37",https://en.wikipedia.org/w/index.php?search=Cuba%20Organization%20of%20American%20States%201962%20suspension
1962-02,arme,reconnu,Mission Yarborough en Colombie,"Bogotá, Colombie",Une mission des forces spéciales américaines recommande de créer des groupes paramilitaires pour mener « sabotage et terrorisme » contre les partisans communistes. Le rapport est déclassifié.,Colombie,"4.71,-74.07",https://en.wikipedia.org/w/index.php?search=William%20P.%20Yarborough
1962-02,info,documenté,Émeutes contre Jagan,"Georgetown, Guyane britannique",Grèves et émeutes du « vendredi noir » contre le gouvernement de Cheddi Jagan. Des syndicats liés à la CIA via l'AFL-CIO les soutiennent.,Guyane britannique,"6.8,-58.16",https://en.wikipedia.org/w/index.php?search=Cheddi%20Jagan
1962-02,info,reconnu,Plan « Dirty Trick »,"Washington, États-Unis","Un plan de l'opération Mongoose prévoit, si le vol orbital de John Glenn échoue, de fabriquer des preuves accusant Cuba d'interférences électroniques. Il figure dans les documents déclassifiés de Mongoose.",Cuba,"23.11,-82.37",https://en.wikipedia.org/w/index.php?search=Operation%20Dirty%20Trick
1962-02,info,reconnu,Plan « Good Times »,"Washington, États-Unis","Mongoose propose de diffuser à Cuba de faux clichés d'un Castro obèse attablé devant un festin avec deux femmes, pour attiser la colère d'une population rationnée. Le plan figure dans les documents déclassifiés.",Cuba,"23.11,-82.37",https://en.wikipedia.org/w/index.php?search=Operation%20Mongoose%20Good%20Times
1962-02,mort,reconnu,Plan « Bounty »,"Washington, États-Unis","Mongoose envisage de verser des primes à quiconque tue ou livre des communistes ; Castro n'y vaudrait que 2 cents, pour le dénigrer.",Cuba,"23.11,-82.37",https://en.wikipedia.org/w/index.php?search=Operation%20Mongoose%20Bounty
1962-02-07,sabot,reconnu,Embargo total contre Cuba,"La Havane, Cuba",L'embargo américain s'étend à presque tout le commerce avec Cuba. Il reste en vigueur des décennies et l'Assemblée générale de l'ONU le condamne chaque année depuis 1992.,Cuba,"23.11,-82.37",https://en.wikipedia.org/w/index.php?search=United%20States%20embargo%20against%20Cuba
1962-02-19,coup,reconnu,Dean Rusk exige l'éviction de Jagan,"Washington, États-Unis",Le secrétaire d'État écrit à son homologue britannique qu'il faut empêcher Cheddi Jagan d'accéder à l'indépendance au pouvoir. La lettre est publiée dans les archives FRUS.,Guyane britannique,"6.8,-58.16",https://fr.wikipedia.org/w/index.php?search=Cheddi%20Jagan
1962-03,crime,reconnu,Programme des hameaux stratégiques,Vietnam du Sud,"Conçu avec les conseillers américains, le programme regroupe de force les paysans dans des villages fortifiés, souvent loin de leurs terres. Il s'effondre en 1963.",Vietnam du Sud,"11.2,106.6",https://fr.wikipedia.org/w/index.php?search=Hameau%20strat%C3%A9gique
1962-03-13,info,reconnu,Opération Northwoods,Cuba,"L'état-major interarmées propose des attentats sous faux drapeau, y compris contre des Américains, pour justifier une invasion de Cuba. Kennedy rejette le plan.",Cuba,"23.11,-82.37",https://en.wikipedia.org/w/index.php?search=Operation%20Northwoods
1962-04,mort,reconnu,Nouvelles pilules via Tony Varona,"La Havane, Cuba","William Harvey, de la CIA, remet à Johnny Roselli de nouvelles capsules empoisonnées destinées à Castro, via l'exilé Tony Varona. La commission Church l'a établi.",Cuba,"23.11,-82.37",https://en.wikipedia.org/w/index.php?search=Assassination%20attempts%20on%20Fidel%20Castro
1962-04,info,reconnu,Premiers fonds à la démocratie chrétienne,"Santiago, Chili","Le Groupe spécial de Kennedy approuve un financement secret du Parti démocrate-chrétien d'Eduardo Frei, deux ans avant la présidentielle, selon la commission Church.",Chili,"-33.45,-70.67",https://en.wikipedia.org/w/index.php?search=Covert%20Action%20in%20Chile
1962-04,info,documenté,L'Équateur rompt avec Cuba,"Quito, Équateur","Le président Arosemena rompt avec La Havane sous la pression de l'armée, au terme d'une campagne que Philip Agee attribue à la CIA.",Équateur,"-0.18,-78.47",https://fr.wikipedia.org/w/index.php?search=Carlos%20Julio%20Arosemena%20Monroy
1962-04-25,crime,reconnu,Opération Dominic à l'île Christmas,"Kiritimati, Kiribati","Les États-Unis larguent 24 bombes au-dessus de l'océan près de l'île Christmas, alors colonie britannique. Des travailleurs gilbertins et des militaires sont exposés aux essais.",Kiribati (colonie britannique),"1.87,-157.4",https://en.wikipedia.org/w/index.php?search=Operation%20Dominic
1962-05,arme,reconnu,Troupes américaines en Thaïlande,"Udon Thani, Thaïlande","Pendant la crise laotienne, Kennedy déploie environ 5 000 soldats, dont des Marines, dans le nord-est de la Thaïlande. Le pays devient la base arrière de la guerre en Indochine.",Thaïlande,"17.4,102.79",https://en.wikipedia.org/w/index.php?search=Joint%20Task%20Force%20116%20Thailand%201962
1962-07-30,coup,reconnu,Kennedy envisage d'agir contre Goulart,"Washington, États-Unis","Les enregistrements de la Maison-Blanche montrent Kennedy et l'ambassadeur Lincoln Gordon évoquer la préparation de militaires brésiliens à écarter Goulart, un an et demi avant le coup.",Brésil,"-15.79,-47.88",https://en.wikipedia.org/w/index.php?search=Lincoln%20Gordon
1962-08,sabot,documenté,Sucre cubain contaminé à Porto Rico,"San Juan, Porto Rico",Des agents contaminent plus de 14 000 sacs de sucre cubain destinés à l'URSS lors d'une escale à Porto Rico. Kennedy aurait ordonné de les saisir. L'affaire est révélée par la presse en 1966.,Cuba,"23.11,-82.37",https://en.wikipedia.org/w/index.php?search=Operation%20Mongoose
1962-08,mort,reconnu,Lansdale évoque la « liquidation des dirigeants »,"Washington, États-Unis","Après une réunion du groupe spécial où la question est soulevée, Edward Lansdale demande à la CIA d'étudier la « liquidation des dirigeants » cubains dans le cadre de Mongoose. La commission Church documente cet épisode.",Cuba,"23.11,-82.37",https://en.wikipedia.org/w/index.php?search=Operation%20Mongoose%20Lansdale%20liquidation%20of%20leaders
1962-08-05,espion,allégué,Arrestation de Nelson Mandela,"Howick, Afrique du Sud",Mandela est arrêté à un barrage routier. L'ancien agent de la CIA Donald Rickard a affirmé en 2016 avoir renseigné la police sud-africaine. La CIA n'a jamais confirmé.,Afrique du Sud,"-29.49,30.23",https://fr.wikipedia.org/w/index.php?search=Nelson%20Mandela
1962-08-15,coup,reconnu,Accord de New York sur la Nouvelle-Guinée,"New York, États-Unis","Sous la pression de Kennedy et du médiateur américain Ellsworth Bunker, les Pays-Bas cèdent la Nouvelle-Guinée occidentale à l'Indonésie via l'ONU, sans consultation préalable des Papous.",Indonésie,"-2.53,140.7",https://fr.wikipedia.org/w/index.php?search=Accord%20de%20New%20York%20%281962%29
1962-08-24,sabot,documenté,Canonnade de l'hôtel Rosita de Hornedo,"Miramar, La Havane, Cuba","Des vedettes du Directoire révolutionnaire étudiant tirent sur un hôtel du quartier de Miramar où logent des conseillers du bloc soviétique. Le groupe est alors financé par la CIA, selon des archives déclassifiées.",Cuba,"23.13,-82.42",https://en.wikipedia.org/w/index.php?search=Directorio%20Revolucionario%20Estudiantil%201962%20hotel%20shelling
1962-08-30,espion,reconnu,Un U-2 viole l'espace aérien de Sakhaline,"Sakhaline, URSS",Un U-2 de l'US Air Force survole Sakhaline pendant une mission d'échantillonnage. Washington présente ses excuses après la protestation soviétique.,URSS,"50.0,142.7",https://en.wikipedia.org/w/index.php?search=Lockheed%20U-2
1962-09-09,espion,reconnu,U-2 taïwanais abattu à Nanchang,"Nanchang, Chine","Un U-2 de l'escadrille des « Chats noirs », piloté par Taïwan pour la CIA, est abattu par un missile au-dessus de Nanchang. Les survols de la Chine continentale cessent en 1968 et l'escadrille est dissoute en 1974.",Chine,"28.68,115.86",https://en.wikipedia.org/w/index.php?search=Black%20Cat%20Squadron
1962-10,info,documenté,Élections brésiliennes financées,"Brasília, Brésil","Via l'IBAD, Washington finance des candidats hostiles à João Goulart. L'ambassadeur Lincoln Gordon a évoqué ensuite environ 5 millions de dollars.",Brésil,"-15.79,-47.88",https://en.wikipedia.org/w/index.php?search=Brazilian%20Institute%20for%20Democratic%20Action
1962-10,coup,reconnu,Vernon Walters nommé attaché militaire,"Rio de Janeiro, Brésil","Washington envoie Vernon Walters, proche du général Castelo Branco depuis la guerre, comme attaché militaire. Il sert de lien avec les conspirateurs de 1964, selon ses mémoires et les archives.",Brésil,"-22.91,-43.2",https://en.wikipedia.org/w/index.php?search=Vernon%20A.%20Walters
1962-10-14,espion,reconnu,Survols U-2 de Cuba,Cuba,"Un avion espion U-2 photographie des rampes de missiles soviétiques. Les survols se multiplient. Le 27 octobre, un U-2 est abattu au-dessus de l'Oriente et son pilote Rudolf Anderson est tué.",Cuba,"20.4,-75.8",https://en.wikipedia.org/w/index.php?search=Rudolf%20Anderson
1962-10-22,arme,reconnu,Quarantaine navale de Cuba,Mer des Caraïbes,Kennedy impose un blocus naval pour stopper les livraisons soviétiques. C'est le moment le plus proche d'une guerre nucléaire.,Cuba,"23.11,-82.37",https://en.wikipedia.org/w/index.php?search=Cuban%20Missile%20Crisis
1962-10-27,mort,allégué,Mort d'Enrico Mattei,"Bascapè, Italie","Le patron de l'ENI, qui défiait les majors pétrolières, meurt dans l'explosion de son avion. La justice italienne conclut à un attentat. L'implication de la CIA, parfois avancée, n'est pas établie.",Italie,"45.3,9.31",https://fr.wikipedia.org/w/index.php?search=Enrico%20Mattei
1962-10-27,espion,reconnu,Un U-2 égaré au-dessus de la Tchoukotka,"Tchoukotka, URSS","Au plus fort de la crise de Cuba, le U-2 de Charles Maultsby pénètre dans l'espace aérien soviétique. Des MiG décollent et Khrouchtchev dénonce une provocation.",URSS,"68.0,172.0",https://en.wikipedia.org/w/index.php?search=Charles%20Maultsby
1962-11,sabot,reconnu,Sabotage de la mine de Matahambre,"Matahambre, Cuba","Une équipe de la CIA chargée de saboter la mine de cuivre de Matahambre est capturée. Son chef, Miguel Orozco, avoue devant la télévision cubaine.",Cuba,"22.58,-83.95",https://en.wikipedia.org/w/index.php?search=Operation%20Mongoose
1962-11,sabot,reconnu,Embargo sur les tubes contre l'URSS,"Bonn, Allemagne","Sous pression de Washington, l'OTAN interdit la livraison de tubes de gros diamètre à l'URSS. La RFA doit annuler les contrats de Mannesmann et d'autres aciéries.",Allemagne (RFA),"50.73,7.1",https://en.wikipedia.org/w/index.php?search=R%C3%B6hrenembargo
1962-12-17,coup,reconnu,Robert Kennedy fait pression sur Goulart,"Brasília, Brésil","Envoyé par son frère, Robert Kennedy presse Goulart d'écarter les communistes et les nationalistes de son entourage. La rencontre est consignée dans les archives américaines (FRUS).",Brésil,"-15.79,-47.88",https://en.wikipedia.org/w/index.php?search=Robert%20F.%20Kennedy%20Goulart%201962
1963,info,documenté,Aide ciblée aux gouverneurs anti-Goulart,"Rio de Janeiro, Brésil","L'ambassadeur Lincoln Gordon réoriente l'aide de l'Alliance pour le progrès vers les gouverneurs hostiles au président Goulart, comme Carlos Lacerda, qualifiés d'« îlots de bonne gestion ».",Brésil,"-22.9,-43.2",https://en.wikipedia.org/w/index.php?search=Lincoln%20Gordon%20Brazil%201964%20coup%20Alliance%20for%20Progress
1963,mort,reconnu,Coquillage piégé pour Castro,Cuba,"Desmond FitzGerald, de la CIA, fait étudier un coquillage exotique bourré d'explosifs, à déposer là où Castro plonge. Le projet est jugé irréalisable. La commission Church le décrit.",Cuba,"23.11,-82.37",https://en.wikipedia.org/w/index.php?search=Assassination%20attempts%20on%20Fidel%20Castro%20seashell
1963,mort,reconnu,Combinaison de plongée contaminée,Cuba,"La CIA prépare pour Castro une combinaison de plongée imprégnée d'un champignon et un respirateur contaminé par le bacille de la tuberculose, via l'avocat James Donovan. Donovan offre une autre combinaison. La commission Church le rapporte.",Cuba,"23.11,-82.37",https://en.wikipedia.org/w/index.php?search=Assassination%20attempts%20on%20Fidel%20Castro%20diving%20suit
1963,mort,allégué,Capsule de cyanure dans un milk-shake,"Hôtel Habana Libre, La Havane, Cuba","Selon le contre-espionnage cubain, un employé de l'hôtel Habana Libre recruté par des réseaux liés à la CIA devait verser une capsule de cyanure dans le milk-shake de Castro. La capsule serait restée collée au congélateur.",Cuba,"23.11,-82.37",https://en.wikipedia.org/w/index.php?search=Assassination%20attempts%20on%20Fidel%20Castro%20milkshake
1963,info,reconnu,Rapport Solomon sur la Micronésie,"Saipan, Micronésie",Un rapport commandé par Kennedy recommande d'américaniser la Micronésie sous tutelle de l'ONU pour garantir un vote en faveur d'une association permanente. Il fuite en 1971.,Micronésie; Palaos; Îles Marshall,"6.92,158.16; 7.34,134.48; 7.09,171.38",https://en.wikipedia.org/w/index.php?search=Solomon%20Report%20Micronesia%201963
1963,arme,reconnu,Frappe contre la bombe chinoise envisagée,"Lop Nor, Chine","Kennedy puis Johnson étudient une action militaire contre le programme nucléaire chinois, et sondent Moscou. Les archives déclassifiées montrent l'abandon de l'idée en septembre 1964.",Chine,"41.6,88.3",https://en.wikipedia.org/w/index.php?search=China%20nuclear%20program%20US%20preemptive%20strike%201964
1963-01-30,info,reconnu,Communiqué contre Diefenbaker,"Ottawa, Canada",Le département d'État dément publiquement le Premier ministre sur les armes nucléaires des Bomarc. Le gouvernement Diefenbaker tombe six jours plus tard et perd les élections.,Canada,"45.42,-75.7",https://fr.wikipedia.org/w/index.php?search=John%20Diefenbaker%20Bomarc%20crise%201963
1963-02-08,coup,allégué,Coup baasiste en Irak,"Bagdad, Irak","Qasim est renversé et exécuté. Les baasistes traquent les communistes, et des témoignages prêtent à la CIA la fourniture de listes. Ce rôle reste contesté.",Irak,"33.31,44.37",https://en.wikipedia.org/w/index.php?search=Ramadan%20Revolution
1963-02-08,coup,reconnu,Coup de 1963 salué comme « un gain net »,"Bagdad, Irak","Le jour du putsch baasiste, Robert Komer, du Conseil de sécurité nationale, écrit à Kennedy que le changement de régime est « presque certainement un gain net » pour Washington, qui reconnaît vite le nouveau pouvoir.",Irak,"33.31,44.37",https://en.wikipedia.org/w/index.php?search=Ramadan%20Revolution
1963-03,sabot,allégué,Raid d'Alpha 66 contre le cargo soviétique Lvov,"Isabela de Sagua, Cuba","Des commandos d'Alpha 66 attaquent un cargo soviétique au port d'Isabela de Sagua. Washington désavoue ces raids et restreint les exilés. Antonio Veciana, fondateur du groupe, affirme avoir agi avec un officier de la CIA.",Cuba,"22.94,-80.0",https://en.wikipedia.org/w/index.php?search=Alpha%2066
1963-03-31,coup,documenté,Coup de Peralta Azurdia,"Guatemala, Guatemala",Le colonel Enrique Peralta Azurdia renverse Ydígoras pour empêcher le retour de l'ex-président Arévalo. Des historiens établissent l'accord préalable de l'administration Kennedy.,Guatemala,"14.63,-90.51",https://en.wikipedia.org/w/index.php?search=1963%20Guatemalan%20coup%20d%27%C3%A9tat
1963-04,sabot,reconnu,Grève générale de 80 jours,"Georgetown, Guyane britannique",Une grève générale contre Jagan est financée en secret par la CIA via des syndicats américains. La série officielle FRUS confirme l'action clandestine.,Guyane britannique,"6.8,-58.16",https://en.wikipedia.org/w/index.php?search=Cheddi%20Jagan
1963-06,arme,reconnu,Programme AMWORLD de Manuel Artime,Nicaragua et Costa Rica,"La CIA finance les bases de l'exilé Manuel Artime en Amérique centrale pour lancer des raids contre Cuba, tout en gardant un démenti plausible. Le programme est documenté par des archives déclassifiées.",Cuba,"23.11,-82.37",https://en.wikipedia.org/w/index.php?search=Manuel%20Artime%20AMWORLD
1963-06-19,sabot,reconnu,Kennedy relance les sabotages,Cuba,"Kennedy approuve un nouveau programme de sabotage contre l'électricité, les raffineries et les usines cubaines. Des raids suivent pendant des mois.",Cuba,"23.11,-82.37",https://en.wikipedia.org/w/index.php?search=Operation%20Mongoose
1963-06-30,coup,reconnu,Kennedy presse Macmillan contre Jagan,"Birch Grove, Royaume-Uni",Kennedy obtient de Harold Macmillan qu'il retarde l'indépendance et modifie le mode de scrutin pour écarter Jagan. Le compte rendu est déclassifié.,Guyane britannique,"6.8,-58.16",https://fr.wikipedia.org/w/index.php?search=Cheddi%20Jagan
1963-07,arme,reconnu,Opération Hard Surface,"Dhahran, Arabie saoudite","Pendant la guerre civile du Yémen, Kennedy déploie des chasseurs en Arabie saoudite pour dissuader l'aviation égyptienne qui soutient les républicains.",Arabie saoudite,"26.3,50.1",https://en.wikipedia.org/w/index.php?search=Operation%20Hard%20Surface
1963-07-08,sabot,reconnu,Règlement sur le contrôle des avoirs cubains,"Washington, États-Unis","Le Trésor gèle les avoirs cubains aux États-Unis et interdit toute transaction avec Cuba, y compris les dépenses de voyage. Ce règlement fonde encore l'embargo.",Cuba,"23.11,-82.37",https://en.wikipedia.org/w/index.php?search=Cuban%20Assets%20Control%20Regulations
1963-07-11,coup,documenté,Junte militaire en Équateur,"Quito, Équateur",L'armée renverse le président Arosemena. L'ex-agent de la CIA Philip Agee décrit la préparation du terrain par la station de Quito.,Équateur,"-0.18,-78.47",https://en.wikipedia.org/w/index.php?search=1963%20Ecuadorian%20coup%20d%27%C3%A9tat
1963-08-24,coup,reconnu,Câble 243 contre Diệm,"Saïgon, Vietnam du Sud",Le département d'État autorise l'ambassadeur Lodge à signaler aux généraux sud-vietnamiens que Washington ne s'opposera pas à l'éviction de Diệm.,Vietnam du Sud,"10.78,106.7",https://en.wikipedia.org/w/index.php?search=Cable%20243
1963-09-25,coup,allégué,Renversement de Juan Bosch,"Saint-Domingue, République dominicaine","L'armée renverse Juan Bosch, premier président élu depuis Trujillo. Washington suspend son aide ; Bosch et plusieurs historiens accusent des attachés militaires américains d'avoir encouragé les putschistes.",République dominicaine,"18.49,-69.93",https://fr.wikipedia.org/w/index.php?search=Juan%20Bosch
1963-11,coup,allégué,Khmer Serei et rupture de l'aide américaine,"Phnom Penh, Cambodge","Sihanouk accuse les services américains de soutenir le Khmer Serei de Son Ngoc Thanh, dont la radio émet depuis le Sud-Vietnam et la Thaïlande, et renonce à l'aide américaine.",Cambodge,"11.56,104.92",https://en.wikipedia.org/w/index.php?search=Khmer%20Serei
1963-11-01,coup,reconnu,Coup d'État contre Diệm,"Saïgon, Vietnam du Sud",Les généraux renversent Diệm avec l'accord américain et l'argent remis par l'agent de la CIA Lucien Conein. Diệm et son frère sont tués le lendemain.,Vietnam du Sud,"10.78,106.7",https://fr.wikipedia.org/w/index.php?search=Coup%20d%27%C3%89tat%20de%201963%20au%20Sud-Vi%C3%AAt%20Nam
1963-11-01,espion,reconnu,U-2 taïwanais abattu à Shangrao,"Shangrao, Chine","Un U-2 des « Chats noirs » est abattu au Jiangxi. Le pilote Yeh Changti, capturé, reste détenu dix-neuf ans.",Chine,"28.45,117.94",https://en.wikipedia.org/w/index.php?search=Yeh%20Changti
1963-11-22,mort,reconnu,Opération AMLASH,"Paris, vers Cuba","Un officier de la CIA remet à Rolando Cubela, commandant cubain, un stylo seringue pour tuer Castro. La remise a lieu à Paris le jour de l'assassinat de Kennedy.",Cuba,"23.11,-82.37",https://en.wikipedia.org/w/index.php?search=Rolando%20Cubela%20Secades
1964,arme,reconnu,Aviation de la CIA contre les Simba,Est du Congo,"La CIA fournit au Congo des T-28 et des B-26 pilotés par des exilés cubains, qui bombardent les zones rebelles. Des archives diplomatiques publiées en 2013 le confirment.",Congo-Léopoldville (RDC),"0.52,25.19",https://en.wikipedia.org/w/index.php?search=Simba%20rebellion
1964,info,reconnu,Subvention au Dalaï-lama,"Dharamsala, Inde","Les archives FRUS révèlent qu'en 1964 la CIA verse au Dalaï-lama 180 000 dollars par an, dans un budget total d'environ 1,7 million pour le programme tibétain.",Inde,"32.22,76.32",https://en.wikipedia.org/w/index.php?search=CIA%20Tibetan%20program
1964,crime,reconnu,Bombes à sous-munitions sur le Laos,Laos,"De 1964 à 1973, environ 580 000 missions larguent plus de 2 millions de tonnes de bombes. Sur quelque 270 millions de sous-munitions, près de 80 millions n'ont pas explosé.",Laos,"19.45,103.2; 16.6,106.2",https://fr.wikipedia.org/w/index.php?search=Bombardements%20am%C3%A9ricains%20au%20Laos
1964,coup,documenté,L'AIFLD revendique un rôle dans le coup,Brésil,"William Doherty, dirigeant de l'AIFLD, institut syndical financé par l'USAID, affirme que des syndicalistes brésiliens formés par lui ont été « intimement impliqués » dans le renversement de Goulart.",Brésil,"-15.79,-47.88",https://en.wikipedia.org/w/index.php?search=American%20Institute%20for%20Free%20Labor%20Development
1964,info,reconnu,Campagne de Burnham financée par la CIA,"Georgetown, Guyane britannique","La CIA finance les partis de Forbes Burnham et de Peter D'Aguiar pour les élections de décembre 1964, qui écartent Jagan du pouvoir, selon les archives FRUS.",Guyane britannique,"6.8,-58.16",https://fr.wikipedia.org/w/index.php?search=Forbes%20Burnham
1964,crime,reconnu,Essais d'herbicides à Pranburi,"Pranburi, Thaïlande","Le Pentagone teste l'agent orange et d'autres défoliants sur la réserve militaire de Pranburi en 1964-1965. Des herbicides sont aussi épandus autour des bases américaines, ce que reconnaît le département des Anciens combattants.",Thaïlande,"12.39,99.9",https://en.wikipedia.org/w/index.php?search=Agent%20Orange%20Thailand%20Pranburi%20herbicide%20tests
1964-01-09,crime,reconnu,Jour des Martyrs au Panama,"Zone du canal, Panama",Des étudiants panaméens veulent hisser leur drapeau. Des troupes et policiers américains tirent : une vingtaine de Panaméens sont tués.,Panama,"8.98,-79.52",https://en.wikipedia.org/w/index.php?search=Martyrs%27%20Day%20%28Panama%29
1964-02-01,arme,reconnu,Raids secrets de l'OPLAN 34A,Côte du Vietnam du Nord,"Sous direction américaine, des commandos sud-vietnamiens attaquent la côte nord-vietnamienne. Hanoï lie ces raids aux patrouilles américaines dans le golfe du Tonkin.",Vietnam du Nord,"19.0,106.3",https://en.wikipedia.org/w/index.php?search=OPLAN%2034A
1964-03-19,crime,documenté,Attaque de Chantrea,"Svay Rieng, Cambodge",Des troupes sud-vietnamiennes accompagnées de conseillers américains attaquent ce village frontalier et tuent 17 civils. Le Cambodge saisit l'ONU.,Cambodge,"11.1,105.8",https://en.wikipedia.org/w/index.php?search=Chantrea%20incident
1964-03-27,coup,reconnu,Câble de Gordon réclamant armes et pétrole,"Rio de Janeiro, Brésil","L'ambassadeur Lincoln Gordon demande l'envoi clandestin d'armes, de carburant et d'une force navale pour appuyer les putschistes. Le câble est déclassifié et publié par les archives américaines.",Brésil,"-15.79,-47.88",https://en.wikipedia.org/w/index.php?search=Lincoln%20Gordon
1964-03-31,coup,reconnu,Coup d'État au Brésil,"Brasília, Brésil","L'armée renverse João Goulart. Les câbles de l'ambassadeur Lincoln Gordon montrent l'encouragement actif de Washington, qui reconnaît le nouveau régime en quelques heures.",Brésil,"-15.79,-47.88",https://en.wikipedia.org/w/index.php?search=1964%20Brazilian%20coup%20d%27%C3%A9tat
1964-03-31,arme,reconnu,Opération Brother Sam,"Au large de Santos, Brésil","Washington envoie un porte-avions, des destroyers et des pétroliers pour appuyer les putschistes en cas de résistance. L'escadre fait demi-tour, le coup ayant réussi.",Brésil,"-24.0,-46.3",https://en.wikipedia.org/w/index.php?search=Operation%20Brother%20Sam
1964-04-02,coup,reconnu,Johnson salue le régime en quelques heures,"Washington, États-Unis","Alors que Goulart est encore au Brésil, Lyndon Johnson adresse ses « chaleureux vœux » au président intérimaire Ranieri Mazzilli, légitimant de fait le coup d'État.",Brésil,"-15.79,-47.88",https://fr.wikipedia.org/w/index.php?search=Coup%20d%27%C3%89tat%20de%201964%20au%20Br%C3%A9sil
1964-05,arme,reconnu,Opération Yankee Team au Laos,Laos,"Des avions américains commencent des vols de reconnaissance armée au-dessus du Laos, officiellement neutre depuis les accords de Genève de 1962.",Laos,"17.97,102.6",https://en.wikipedia.org/w/index.php?search=Operation%20Yankee%20Team
1964-05,arme,reconnu,Plan LASO et assaut de Marquetalia,"Marquetalia, Colombie","Dans le cadre du plan LASO, conçu avec les États-Unis, l'armée colombienne attaque l'enclave paysanne de Marquetalia. Les FARC naissent de cette offensive.",Colombie,"3.1,-75.8",https://en.wikipedia.org/w/index.php?search=Plan%20Lazo
1964-07-07,espion,reconnu,U-2 taïwanais abattu au Fujian,"Zhangzhou, Chine",Un U-2 des « Chats noirs » est abattu au-dessus du Fujian. Le pilote Lee Nan-ping meurt.,Chine,"24.51,117.65",https://en.wikipedia.org/w/index.php?search=Black%20Cat%20Squadron
1964-07-26,sabot,reconnu,Sanctions collectives de l'OEA,"Washington, États-Unis","À la demande de Washington, l'OEA vote la rupture des relations diplomatiques et commerciales de ses membres avec Cuba. Seul le Mexique refuse d'appliquer la décision.",Cuba,"23.11,-82.37",https://en.wikipedia.org/w/index.php?search=OAS%20sanctions%20Cuba%201964
1964-08-04,info,reconnu,Incident du golfe du Tonkin,Golfe du Tonkin,"La seconde attaque contre des destroyers américains n'a pas eu lieu, conclut une étude de la NSA publiée en 2005. Elle sert de prétexte à la résolution du golfe du Tonkin.",Vietnam du Nord,"19.5,107.0",https://fr.wikipedia.org/w/index.php?search=Incidents%20du%20golfe%20du%20Tonkin
1964-08-05,arme,reconnu,Opération Pierce Arrow,Vietnam du Nord,"Premiers bombardements américains du Nord, en représailles à l'incident du golfe du Tonkin, contre des bases navales et un dépôt de carburant à Vinh.",Vietnam du Nord,"18.67,105.68",https://en.wikipedia.org/w/index.php?search=Operation%20Pierce%20Arrow
1964-09,arme,documenté,Attaque du cargo espagnol Sierra Aránzazu,Au large de Cuba,"Des commandos d'Artime, financés par la CIA, mitraillent un cargo espagnol qu'ils prennent pour un navire cubain. Le capitaine et deux marins sont tués. L'épisode accélère l'arrêt du programme.",Espagne; Cuba,"40.42,-3.7; 23.11,-82.37",https://en.wikipedia.org/w/index.php?search=Sierra%20Ar%C3%A1nzazu
1964-09-04,info,reconnu,Présidentielle chilienne de 1964,"Santiago, Chili",La CIA paie plus de la moitié de la campagne d'Eduardo Frei et finance une « campagne de la peur » contre Allende. La commission Church l'a établi.,Chili,"-33.45,-70.65",https://en.wikipedia.org/w/index.php?search=1964%20Chilean%20presidential%20election
1964-09-08,info,documenté,Rupture de l'Uruguay avec Cuba,"Montevideo, Uruguay",L'Uruguay rompt avec La Havane après une campagne de pressions et de propagande que l'ex-agent Philip Agee attribue à la station de la CIA de Montevideo.,Uruguay,"-34.9,-56.16",https://fr.wikipedia.org/w/index.php?search=Philip%20Agee
1964-10-13,arme,reconnu,Immunité des militaires américains en Iran,"Téhéran, Iran","À la demande de Washington, le Majlis étend l'immunité diplomatique aux militaires américains et à leurs familles. Khomeini dénonce une « capitulation » et le chah l'exile le 4 novembre.",Iran,"35.69,51.39",https://fr.wikipedia.org/w/index.php?search=Loi%20sur%20le%20statut%20des%20forces%20am%C3%A9ricaines%20en%20Iran
1964-11,espion,documenté,Drones espions au-dessus de la Chine,Chine du Sud et Hainan,"Des drones de reconnaissance Ryan « Lightning Bug » survolent la Chine à partir de 1964. Pékin en abat une vingtaine, notamment au-dessus du Guangxi et de Hainan, et expose les épaves.",Chine,"20.02,110.35",https://en.wikipedia.org/w/index.php?search=Ryan%20Model%20147
1964-11-04,coup,documenté,Coup de Barrientos en Bolivie,"La Paz, Bolivie",Le général René Barrientos renverse Paz Estenssoro. Des historiens établissent ses liens étroits avec l'attaché militaire américain et l'encouragement de Washington.,Bolivie,"-16.5,-68.15",https://en.wikipedia.org/w/index.php?search=1964%20Bolivian%20coup%20d%27%C3%A9tat
1964-11-24,arme,reconnu,Opération Dragon rouge à Stanleyville,"Stanleyville, Congo","Des C-130 de l'US Air Force larguent des parachutistes belges sur la ville tenue par les Simba. Des centaines d'otages sont libérés, d'autres sont tués.",Congo-Léopoldville (RDC),"0.52,25.19",https://fr.wikipedia.org/w/index.php?search=Op%C3%A9ration%20Dragon%20rouge
1964-11-26,arme,reconnu,Opération Dragon noir à Paulis,"Paulis (Isiro), Congo","Deux jours après Stanleyville, des C-130 américains larguent des parachutistes belges sur Paulis, tenue par les Simba, pour libérer des otages.",Congo-Léopoldville,"2.77,27.62",https://fr.wikipedia.org/w/index.php?search=Op%C3%A9ration%20Dragon%20rouge
1964-12-07,info,reconnu,Scrutin proportionnel contre Jagan,"Georgetown, Guyane britannique","Poussé par Washington, Londres impose la proportionnelle. Forbes Burnham, financé par la CIA, forme le gouvernement bien que le parti de Jagan arrive en tête.",Guyane britannique,"6.8,-58.16",https://en.wikipedia.org/w/index.php?search=1964%20British%20Guiana%20general%20election
1964-12-14,arme,reconnu,Opération Barrel Roll au Laos,Nord du Laos,"Début d'une campagne de bombardement secrète au nord du Laos, en appui aux forces royales et hmong. Elle dure jusqu'en 1973.",Laos,"19.45,103.2",https://en.wikipedia.org/w/index.php?search=Operation%20Barrel%20Roll
1965,crime,documenté,Herbicides épandus sur le Laos,Sud du Laos,"Des archives militaires montrent que des herbicides, dont l'agent orange, ont été épandus sur la piste Hô Chi Minh au Laos, notamment en 1965 et 1966.",Laos,"16.3,106.3",https://fr.wikipedia.org/w/index.php?search=Agent%20orange
1965,crime,reconnu,Usage massif du napalm,Vietnam,"L'armée américaine largue des centaines de milliers de tonnes de napalm, dont le napalm B de Dow Chemical. Il fournit aussi l'aviation sud-vietnamienne, auteur de la frappe de Trảng Bàng en 1972.",Vietnam du Sud,"11.2,106.6",https://fr.wikipedia.org/w/index.php?search=Napalm
1965,crime,reconnu,Zones de tir libre,Vietnam du Sud,Des régions entières sont déclarées zones où toute personne peut être considérée comme ennemie et visée sans autorisation préalable.,Vietnam du Sud,"15.12,108.8",https://en.wikipedia.org/w/index.php?search=Free-fire%20zone
1965,crime,allégué,Bombardements de la léproserie de Quỳnh Lập,"Quỳnh Lập, Vietnam du Nord",Hanoï accuse l'aviation américaine d'avoir bombardé à plusieurs reprises la léproserie de Quỳnh Lập et d'y avoir tué des patients.,Vietnam du Nord,"19.25,105.72",https://en.wikipedia.org/w/index.php?search=Qu%E1%BB%B3nh%20L%E1%BA%ADp%20leprosarium
1965,arme,documenté,Contre-guérilla de 1965 au Pérou,"Andes centrales, Pérou",L'armée péruvienne écrase les foyers du MIR avec des unités formées et équipées par les États-Unis. Des témoins et la presse ont évoqué l'usage de napalm.,Pérou,"-12.0,-74.5",https://en.wikipedia.org/w/index.php?search=Movimiento%20de%20Izquierda%20Revolucionaria%20%28Peru%29
1965,arme,documenté,Vedettes de la CIA sur le lac Tanganyika,"Lac Tanganyika, Congo",La CIA arme des vedettes pilotées par des exilés cubains pour couper les approvisionnements des rebelles et de la colonne de Che Guevara venue de Tanzanie.,Congo-Léopoldville,"-4.3,29.2",https://en.wikipedia.org/w/index.php?search=Che%20Guevara%20in%20Congo
1965,mort,reconnu,Armes et silencieux livrés à Rolando Cubela,Cuba,"La CIA met Cubela en relation avec l'exilé Manuel Artime, qui lui fournit un fusil muni d'un silencieux. Des caches d'armes sont livrées à Cuba en 1964 et 1965. La CIA rompt le contact mi-1965, selon la commission Church.",Cuba,"23.11,-82.37",https://en.wikipedia.org/w/index.php?search=Rolando%20Cubela
1965,arme,reconnu,Réacteur SAFARI-1 livré à Pretoria,"Pelindaba, Afrique du Sud","Fourni par les États-Unis dans le cadre de l'Atome pour la paix, le réacteur de Pelindaba fonctionne à l'uranium hautement enrichi américain. Washington coopère ainsi avec le programme nucléaire du régime d'apartheid.",Afrique du Sud,"-25.8,27.91",https://en.wikipedia.org/w/index.php?search=SAFARI-1
1965,arme,documenté,ORDEN et ANSESAL créés avec Washington,"San Salvador, Salvador","Au milieu des années 1960, le général Medrano crée la milice ORDEN et le service ANSESAL avec l'aide de conseillers américains, selon l'enquête d'Allan Nairn (1984). Ils nourrissent les escadrons de la mort.",Salvador,"13.69,-89.19",https://en.wikipedia.org/w/index.php?search=ORDEN
1965,crime,documenté,Un tiers des femmes stérilisées,Porto Rico,"Une enquête de 1965 établit qu'environ un tiers des femmes portoricaines mariées de 20 à 49 ans ont été stérilisées, souvent sans information complète sur l'irréversibilité.",Porto Rico,"18.47,-66.11",https://en.wikipedia.org/w/index.php?search=Sterilization%20of%20Puerto%20Rican%20women
1965-01,coup,allégué,Diplomates américains expulsés de Tanzanie,"Dar es Salaam, Tanzanie","Le gouvernement de Nyerere expulse deux diplomates américains, dont Frank Carlucci, en les accusant d'activités subversives. Washington dément.",Tanzanie,"-6.82,39.28",https://en.wikipedia.org/w/index.php?search=Frank%20Carlucci
1965-01-10,espion,reconnu,U-2 taïwanais abattu à Baotou,"Baotou, Chine","Un U-2 des « Chats noirs » est abattu en Mongolie-Intérieure. Le pilote Chang Liyi, capturé, reste détenu dix-sept ans.",Chine,"40.66,109.84",https://en.wikipedia.org/w/index.php?search=Chang%20Liyi
1965-02-07,arme,reconnu,Opération Flaming Dart,"Đồng Hới, Vietnam du Nord","Après l'attaque de la base de Pleiku, l'aviation américaine bombarde des cibles au Nord, dont Đồng Hới.",Vietnam du Nord,"17.47,106.6",https://en.wikipedia.org/w/index.php?search=Operation%20Flaming%20Dart
1965-03,crime,reconnu,Usage de gaz incapacitants,Vietnam du Sud,Washington reconnaît l'emploi de gaz lacrymogènes au Vietnam. Le gaz CS est ensuite utilisé massivement pour déloger des occupants de tunnels et d'abris.,Vietnam du Sud,"11.2,106.6",https://fr.wikipedia.org/w/index.php?search=CS%20%28gaz%29
1965-03,info,reconnu,Législatives chiliennes de 1965,"Santiago, Chili","La CIA finance une vingtaine de candidats pour les élections au Congrès, selon le rapport de la commission Church sur l'action clandestine au Chili.",Chili,"-33.45,-70.67",https://en.wikipedia.org/w/index.php?search=Covert%20Action%20in%20Chile
1965-03-02,arme,reconnu,Opération Rolling Thunder,Vietnam du Nord,"Campagne de bombardement du Nord jusqu'en novembre 1968, avec environ 860 000 tonnes de bombes. Elle frappe routes, ponts, usines et villes.",Vietnam du Nord,"21.03,105.85; 19.8,105.78",https://fr.wikipedia.org/w/index.php?search=Op%C3%A9ration%20Rolling%20Thunder
1965-03-08,arme,reconnu,Débarquement des Marines à Đà Nẵng,"Đà Nẵng, Vietnam du Sud",Premières unités de combat américaines au Vietnam. Les effectifs atteignent plus de 500 000 soldats en 1968.,Vietnam du Sud,"16.05,108.22",https://fr.wikipedia.org/w/index.php?search=Guerre%20du%20Vi%C3%AAt%20Nam
1965-04,info,reconnu,Fausses atrocités et liste de communistes,"Saint-Domingue, République dominicaine","Pour justifier l'invasion, Johnson évoque des décapitations et l'ambassade publie une liste de « communistes » parmi les rebelles. Journalistes et diplomates démontrent vite que ces affirmations sont fausses ou exagérées.",République dominicaine,"18.49,-69.93",https://en.wikipedia.org/w/index.php?search=United%20States%20occupation%20of%20the%20Dominican%20Republic%20%281965%E2%80%931966%29
1965-04-03,arme,reconnu,Opération Steel Tiger sur la piste Hô Chi Minh,Sud du Laos,"L'aviation américaine bombarde la piste Hô Chi Minh dans le sud du Laos, sans déclaration ni information du public américain.",Laos,"16.6,106.2",https://en.wikipedia.org/w/index.php?search=Operation%20Steel%20Tiger
1965-04-28,arme,reconnu,Invasion de la République dominicaine,"Saint-Domingue, République dominicaine","Plus de 20 000 soldats américains débarquent pour empêcher le retour au pouvoir de Juan Bosch, élu en 1962. Opération Power Pack.",République dominicaine,"18.49,-69.93",https://en.wikipedia.org/w/index.php?search=United%20States%20occupation%20of%20the%20Dominican%20Republic%20%281965%E2%80%931966%29
1965-05,info,reconnu,Force interaméricaine de paix,"Saint-Domingue, République dominicaine","Washington obtient de l'OEA la création d'une force interaméricaine, dominée par les troupes américaines, pour donner un cadre multilatéral à l'occupation de 1965-1966.",République dominicaine,"18.49,-69.93",https://en.wikipedia.org/w/index.php?search=Inter-American%20Peace%20Force
1965-06,espion,reconnu,Projet Camelot,"Santiago, Chili",L'armée américaine finance une étude de sciences sociales sur la contre-insurrection en Amérique latine. Le scandale éclate au Chili et le projet est annulé.,Chili,"-33.45,-70.65",https://en.wikipedia.org/w/index.php?search=Project%20Camelot
1965-06-18,arme,reconnu,Premières frappes Arc Light des B-52,Vietnam du Sud,"Des B-52 basés à Guam bombardent le Sud pour la première fois. Les tapis de bombes Arc Light frappent ensuite le Sud, le Laos et le Cambodge.",Vietnam du Sud,"11.2,106.4",https://en.wikipedia.org/w/index.php?search=Operation%20Arc%20Light
1965-08-03,crime,reconnu,Incendie de Cam Ne,"Cam Ne, Vietnam du Sud","Des Marines incendient les maisons d'un village, parfois au briquet Zippo. Le reportage de Morley Safer, de CBS, choque l'opinion américaine.",Vietnam du Sud,"16.0,108.18",https://en.wikipedia.org/w/index.php?search=Cam%20Ne
1965-10,espion,documenté,Capteur nucléaire perdu sur la Nanda Devi,"Nanda Devi, Inde",Une équipe de la CIA et du renseignement indien perd dans une avalanche un capteur alimenté au plutonium destiné à espionner les essais nucléaires chinois. L'engin n'a jamais été retrouvé.,Inde; Chine,"30.38,79.97; 41.5,89.9",https://en.wikipedia.org/w/index.php?search=Nanda%20Devi%20plutonium%20mission
1965-10,crime,documenté,Listes de communistes remises à l'armée,"Jakarta, Indonésie","Des diplomates de l'ambassade américaine, dont Robert Martens, remettent à l'armée des listes de milliers de cadres communistes. Les massacres de 1965-1966 font au moins 500 000 morts.",Indonésie,"-6.21,106.85",https://fr.wikipedia.org/w/index.php?search=Massacres%20de%201965-1966%20en%20Indon%C3%A9sie
1965-10,arme,reconnu,Opération Shining Brass au Laos,Sud du Laos,Le MACV-SOG lance des raids terrestres secrets de commandos américains et sud-vietnamiens le long de la piste Hô Chi Minh au Laos (plus tard Prairie Fire).,Laos,"16.3,106.3",https://en.wikipedia.org/w/index.php?search=MACV-SOG
1965-10-01,coup,allégué,Mouvement du 30 septembre,"Jakarta, Indonésie","Après le putsch avorté imputé au PKI, le général Suharto prend le contrôle de l'armée. Des chercheurs évoquent un rôle américain en amont, que les archives publiées ne démontrent pas.",Indonésie,"-6.2,106.85",https://fr.wikipedia.org/w/index.php?search=Mouvement%20du%2030%20septembre
1965-10-05,info,reconnu,Consigne de propagande contre le PKI,"Jakarta, Indonésie","L'ambassadeur Marshall Green recommande de répandre « l'histoire de la culpabilité, de la traîtrise et de la brutalité du PKI ». Le télégramme, publié par le Département d'État, précède les massacres.",Indonésie,"-6.2,106.85",https://en.wikipedia.org/w/index.php?search=Indonesian%20mass%20killings%20of%201965%E2%80%9366%20United%20States%20role
1965-10-29,mort,allégué,Enlèvement de Mehdi Ben Barka,"Paris, France",L'opposant marocain est enlevé à Paris et disparaît. Des policiers français et les services marocains sont en cause. Un rôle de la CIA est allégué et Washington n'a pas ouvert tous ses dossiers.,France; Maroc,"48.86,2.35; 34.02,-6.84",https://fr.wikipedia.org/w/index.php?search=Affaire%20Ben%20Barka
1965-11,crime,documenté,Radios et équipements à l'armée indonésienne,"Jakarta, Indonésie",Washington fournit à l'armée indonésienne du matériel de communication pendant la campagne d'extermination du PKI. Les câbles déclassifiés en 2017 montrent que l'ambassade suit les tueries en détail.,Indonésie,"-6.21,106.85",https://en.wikipedia.org/w/index.php?search=Indonesian%20mass%20killings%20of%201965%E2%80%9366
1965-11-24,coup,documenté,Second coup d'État de Mobutu,"Léopoldville, Congo","Mobutu prend le pouvoir pour trente ans. Il est depuis 1960 un contact rémunéré de la CIA, qui continue de le soutenir.",Congo-Léopoldville (RDC),"-4.32,15.31",https://fr.wikipedia.org/w/index.php?search=Mobutu%20Sese%20Seko
1965-12,crime,reconnu,Fonds secrets au mouvement anti-PKI,"Jakarta, Indonésie","L'ambassadeur Marshall Green approuve le versement de 50 millions de roupies au mouvement KAP-Gestapu, qui mène la chasse aux communistes. Le fait figure dans les archives FRUS.",Indonésie,"-6.21,106.85",https://en.wikipedia.org/w/index.php?search=Indonesian%20mass%20killings%20of%201965%E2%80%9366
1965-12-05,arme,reconnu,Bombe H perdue au large d'Okinawa,"Mer des Philippines, près d'Okinawa","Un A-4 Skyhawk armé d'une bombe thermonucléaire B43 tombe du porte-avions Ticonderoga, à environ 130 km des îles Ryūkyū. La bombe n'est jamais récupérée. Le Japon ne l'apprend qu'en 1989.",Japon,"27.6,131.3",https://en.wikipedia.org/w/index.php?search=1965%20Philippine%20Sea%20A-4%20incident
1965-12-24,crime,documenté,Décret 3398 sur l'autodéfense,"Bogotá, Colombie","Dans la ligne des recommandations de la mission Yarborough, un décret autorise l'armée à armer des civils. Il sert de base légale aux premiers groupes paramilitaires.",Colombie,"4.71,-74.07",https://en.wikipedia.org/w/index.php?search=Paramilitarism%20in%20Colombia
1966,arme,reconnu,Soldats philippins au Vietnam payés par Washington,"Manille, Philippines","Les auditions de la commission Symington au Sénat, en 1969, révèlent que Washington a financé les allocations et l'équipement du contingent civique philippin (PHILCAG) envoyé au Vietnam.",Philippines,"14.6,120.98",https://en.wikipedia.org/w/index.php?search=Philippine%20Civic%20Action%20Group%20Vietnam%20Symington
1966,sabot,reconnu,Embargo sur les ordinateurs du programme nucléaire,"Paris, France",Washington refuse d'autoriser l'exportation d'ordinateurs Control Data destinés aux calculs nucléaires français. Ce blocage pousse de Gaulle à lancer le plan Calcul.,France,"48.86,2.35",https://fr.wikipedia.org/w/index.php?search=Plan%20Calcul
1966-01-17,arme,reconnu,Bombes H perdues à Palomares,"Palomares, Espagne",Un B-52 entre en collision avec un avion ravitailleur. Deux des quatre bombes thermonucléaires se brisent et contaminent au plutonium les terres agricoles du village.,Espagne,"37.25,-1.78",https://fr.wikipedia.org/w/index.php?search=Accident%20nucl%C3%A9aire%20de%20Palomares
1966-02-24,coup,allégué,Chute de Nkrumah,"Accra, Ghana","Des documents montrent que Washington connaissait les préparatifs et s'en réjouissait. Un rôle direct de la CIA, affirmé par John Stockwell, reste discuté.",Ghana,"5.6,-0.19",https://fr.wikipedia.org/w/index.php?search=Coup%20d%27%C3%89tat%20de%201966%20au%20Ghana
1966-03,mort,documenté,Disparition des « 28 » au Guatemala,"Guatemala, Guatemala","Une trentaine d'opposants sont capturés, torturés et exécutés lors de l'« opération Limpieza ». Elle est montée avec l'aide du conseiller américain de sécurité publique John Longan.",Guatemala,"14.63,-90.51",https://en.wikipedia.org/w/index.php?search=Guatemalan%20Civil%20War
1966-03,mort,reconnu,Procès de Rolando Cubela à La Havane,"La Havane, Cuba",Cubela est arrêté et jugé pour avoir comploté avec la CIA contre Castro. Le procureur requiert la mort ; Castro demande la clémence et Cubela est condamné à 25 ans de prison. Le complot AMLASH est confirmé par la commission Church.,Cuba,"23.11,-82.37",https://en.wikipedia.org/w/index.php?search=Rolando%20Cubela
1966-06,info,documenté,Soutien secret à Balaguer,"Saint-Domingue, République dominicaine","Sous occupation, Washington aide en secret la campagne de Joaquín Balaguer, qui bat Juan Bosch à la présidentielle.",République dominicaine,"18.49,-69.93",https://en.wikipedia.org/w/index.php?search=1966%20Dominican%20Republic%20general%20election
1966-06,crime,reconnu,Agent orange testé à Gagetown,"Gagetown, Nouveau-Brunswick","Avec l'accord d'Ottawa, l'armée américaine teste l'agent orange et d'autres défoliants sur la base canadienne en 1966 et 1967 ; des militaires et riverains exposés seront indemnisés.",Canada,"45.85,-66.13",https://fr.wikipedia.org/w/index.php?search=CFB%20Gagetown%20Agent%20Orange
1966-06-29,arme,reconnu,Bombardement des dépôts de Hanoï et Haïphong,"Hanoï et Haïphong, Vietnam du Nord",Première frappe américaine contre les dépôts pétroliers autour des deux principales villes du Nord.,Vietnam du Nord,"21.03,105.85; 20.86,106.68",https://fr.wikipedia.org/w/index.php?search=Op%C3%A9ration%20Rolling%20Thunder
1966-07,info,reconnu,Financement de Barrientos,"La Paz, Bolivie","Le comité 303 approuve des fonds secrets pour la campagne de Barrientos à la présidentielle de 1966, selon la série officielle FRUS.",Bolivie,"-16.5,-68.15",https://en.wikipedia.org/w/index.php?search=Ren%C3%A9%20Barrientos
1966-10,arme,reconnu,Contre-insurrection de Zacapa,"Zacapa, Guatemala","Des Bérets verts américains encadrent la campagne du colonel Arana Osorio contre la guérilla dans l'Est. Elle fait des milliers de morts, pour la plupart civils.",Guatemala,"14.97,-89.53",https://en.wikipedia.org/w/index.php?search=Guatemalan%20Civil%20War
1966-12,crime,documenté,Dégâts civils à Nam Định,"Nam Định, Vietnam du Nord","Harrison Salisbury, du New York Times, décrit depuis le Nord les destructions civiles causées par les bombardements. Le Pentagone admet des dégâts « accidentels ».",Vietnam du Nord,"20.42,106.17",https://en.wikipedia.org/w/index.php?search=Harrison%20Salisbury
1966-12-09,espion,reconnu,Accord créant la base de Pine Gap,"Alice Springs, Australie","L'Australie et les États-Unis signent l'accord créant près d'Alice Springs une station de contrôle de satellites espions, liée à la CIA. Sa véritable fonction reste longtemps cachée au Parlement australien.",Australie,"-23.8,133.74",https://fr.wikipedia.org/w/index.php?search=Pine%20Gap
1966-12-30,crime,reconnu,Accord anglo-américain sur Diego Garcia,"Diego Garcia, Chagos","Londres met les Chagos à la disposition des États-Unis pour une base militaire, en échange d'une remise sur les missiles Polaris. Washington exige des îles vidées de leurs habitants.",Chagos,"-7.31,72.42",https://en.wikipedia.org/w/index.php?search=Diego%20Garcia
1967,crime,documenté,Destruction de la province de Quảng Ngãi,"Quảng Ngãi, Vietnam du Sud",Le journaliste Jonathan Schell constate que la majorité des villages de la province ont été détruits par les bombardements et les incendies.,Vietnam du Sud,"15.12,108.8",https://en.wikipedia.org/w/index.php?search=Jonathan%20Schell
1967,mort,reconnu,Programme Phoenix,Vietnam du Sud,"Programme de la CIA pour détruire l'infrastructure du Việt Cộng par arrestations, torture et assassinats. William Colby admet plus de 20 000 morts devant le Congrès en 1971.",Vietnam du Sud,"10.78,106.7; 15.12,108.8",https://fr.wikipedia.org/w/index.php?search=Programme%20Phoenix
1967,arme,reconnu,Opération Daniel Boone au Cambodge,Frontière cambodgienne,Des équipes du MACV-SOG mènent des reconnaissances secrètes au Cambodge neutre (plus tard Salem House).,Cambodge,"12.0,106.3",https://en.wikipedia.org/w/index.php?search=MACV-SOG
1967,espion,documenté,Second capteur nucléaire posé sur le Nanda Kot,"Nanda Kot, Inde","Après la perte du premier appareil sur la Nanda Devi, une équipe CIA et Intelligence Bureau installe un capteur à plutonium sur le Nanda Kot pour surveiller les essais chinois. L'opération est révélée en 1978.",Inde,"30.28,80.06",https://en.wikipedia.org/w/index.php?search=Nanda%20Devi%20plutonium%20mission
1967,arme,reconnu,Troupes thaïlandaises au Vietnam payées,"Bangkok, Thaïlande","Washington finance solde et équipement des « Cobras de la reine », puis de la division des « Panthères noires » envoyés au Vietnam, comme le révèlent les auditions Symington au Sénat en 1969.",Thaïlande,"13.75,100.5",https://en.wikipedia.org/w/index.php?search=Thailand%20in%20the%20Vietnam%20War%20Queen%27s%20Cobras
1967-01-08,crime,reconnu,Opération Cedar Falls et rasage de Bến Súc,"Bến Súc, Vietnam du Sud","L'armée évacue de force les habitants du Triangle de fer, puis rase le village de Bến Súc au bulldozer et à l'explosif.",Vietnam du Sud,"11.17,106.52",https://fr.wikipedia.org/w/index.php?search=Op%C3%A9ration%20Cedar%20Falls
1967-03,arme,reconnu,Opération Popeye : modification du climat,"Piste Hô Chi Minh, Laos","L'US Air Force ensemence les nuages pour prolonger la mousson sur la piste Hô Chi Minh jusqu'en 1972. Révélée en 1971, elle conduit à la convention ENMOD de 1977.",Laos; Vietnam,"16.6,106.2; 16.5,107.0",https://fr.wikipedia.org/w/index.php?search=Op%C3%A9ration%20Popeye
1967-04,arme,reconnu,Rangers boliviens formés contre le Che,"Santa Cruz, Bolivie",Des Bérets verts américains forment le 2e bataillon de Rangers boliviens pour traquer la guérilla d'Ernesto Guevara.,Bolivie,"-17.78,-63.18",https://en.wikipedia.org/w/index.php?search=Che%20Guevara
1967-04,arme,reconnu,B-52 basés à U-Tapao,"U-Tapao, Thaïlande","Les bombardiers stratégiques décollent désormais de Thaïlande vers le Vietnam, le Laos et le Cambodge. Avec Udorn, Takhli, Korat, Ubon et Nakhon Phanom, le pays accueille l'essentiel de la guerre aérienne.",Thaïlande,"12.68,101.0",https://en.wikipedia.org/w/index.php?search=U-Tapao%20Royal%20Thai%20Navy%20Airfield
1967-04-07,sabot,documenté,Contrat de Freeport en Papouasie,"Jakarta, Indonésie","L'américaine Freeport Sulphur signe avec le régime de Suharto le premier contrat minier étranger, pour la montagne d'Ertsberg, deux ans avant le vote contesté de 1969 sur le statut de la Papouasie.",Indonésie,"-4.05,137.1",https://en.wikipedia.org/w/index.php?search=Freeport-McMoRan%20Ertsberg%201967%20contract%20of%20work
1967-04-21,coup,allégué,Coup d'État des colonels,"Athènes, Grèce","Georgios Papadopoulos, chef de la junte, avait des liens anciens avec la CIA. Un rôle américain direct dans le putsch n'est pas prouvé. Bill Clinton exprime en 1999 des regrets pour le soutien à la dictature.",Grèce,"37.98,23.73",https://fr.wikipedia.org/w/index.php?search=Dictature%20des%20colonels
1967-05,crime,reconnu,Exactions de la Tiger Force,"Vallée de la Song Ve, Vietnam du Sud",Une unité d'élite tue des centaines de civils selon la Toledo Blade (2003). Une enquête de l'armée menée de 1971 à 1975 confirme des crimes mais n'entraîne aucune poursuite.,Vietnam du Sud,"15.0,108.7",https://en.wikipedia.org/w/index.php?search=Tiger%20Force
1967-07,arme,reconnu,Trois C-130 pour Mobutu,"Kinshasa, Congo","Face à la révolte des mercenaires, Johnson envoie trois avions de transport militaires et leurs équipages à Mobutu, ce qui suscite des protestations au Sénat.",Congo-Léopoldville,"-4.32,15.31",https://en.wikipedia.org/w/index.php?search=Mercenaries%27%20revolt
1967-09-08,espion,reconnu,U-2 taïwanais abattu à Jiaxing,"Jiaxing, Chine",Un U-2 des « Chats noirs » est abattu au Zhejiang par un missile chinois. Le pilote Huang Jung-pei meurt.,Chine,"30.75,120.75",https://en.wikipedia.org/w/index.php?search=Black%20Cat%20Squadron
1967-10-09,mort,reconnu,Capture et exécution du Che en Bolivie,"La Higuera, Bolivie","Che Guevara est capturé par des rangers boliviens formés par des bérets verts, puis exécuté. L'agent de la CIA Félix Rodríguez est présent. Selon les archives, l'ordre d'exécution vient du commandement bolivien.",Bolivie,"-18.79,-64.2",https://fr.wikipedia.org/w/index.php?search=Mort%20de%20Che%20Guevara
1968,crime,reconnu,Agent orange dans la zone démilitarisée,"DMZ, Corée du Sud","En 1968 et 1969, l'agent orange et d'autres herbicides sont épandus le long de la DMZ par des soldats sud-coréens, avec l'accord et le matériel de Washington. Washington reconnaît l'exposition des militaires.",Corée du Sud,"38.2,127.2",https://en.wikipedia.org/w/index.php?search=Agent%20Orange%20Korean%20DMZ
1968,crime,reconnu,Bikini déclaré habitable,"Bikini, Îles Marshall","Lyndon Johnson annonce que Bikini peut être réhabité. Des familles reviennent, mais des mesures révèlent dans les années 1970 une forte contamination par le césium, et l'atoll est de nouveau évacué en 1978.",Îles Marshall (tutelle américaine),"11.6,165.4",https://en.wikipedia.org/w/index.php?search=Bikini%20Atoll%20resettlement%201968
1968-01-21,crime,reconnu,Crash du B-52 de Thulé,"Thulé, Groenland",Un B-52 porteur de quatre bombes H s'écrase sur la banquise. Le plutonium contamine la zone. Des travailleurs danois du nettoyage demandent ensuite réparation pour des maladies.,Groenland (Danemark),"76.53,-68.7",https://fr.wikipedia.org/w/index.php?search=Accident%20du%20B-52%20de%20Thul%C3%A9
1968-01-23,espion,reconnu,Navire espion USS Pueblo,"Wonsan, Corée du Nord",La Corée du Nord capture le navire espion de la NSA USS Pueblo au large de Wonsan. L'équipage est détenu onze mois et Washington signe des excuses pour obtenir sa libération.,Corée du Nord,"39.3,127.9",https://fr.wikipedia.org/w/index.php?search=Incident%20du%20USS%20Pueblo
1968-02,crime,reconnu,Destruction de Bến Tre,"Bến Tre, Vietnam du Sud","Pendant l'offensive du Têt, l'artillerie et l'aviation rasent une grande partie de la ville. Un officier déclare à l'AP qu'« il fallait détruire la ville pour la sauver ».",Vietnam du Sud,"10.24,106.38",https://fr.wikipedia.org/w/index.php?search=B%E1%BA%BFn%20Tre
1968-02,crime,reconnu,Destruction de Huế,"Huế, Vietnam","Pour reprendre la ville pendant l'offensive du Têt, artillerie, aviation et Marines détruisent une grande partie de Huế et de sa citadelle. Des milliers de civils meurent, aussi victimes du massacre commis par le camp communiste.",Vietnam du Sud,"16.46,107.58",https://fr.wikipedia.org/w/index.php?search=Bataille%20de%20Hu%C3%AA
1968-03-16,crime,reconnu,Massacre de Mỹ Lai,"Sơn Mỹ, Vietnam du Sud","La compagnie Charlie tue entre 347 et 504 civils. Le lieutenant William Calley est le seul condamné, puis voit sa peine allégée.",Vietnam du Sud,"15.18,108.87",https://fr.wikipedia.org/w/index.php?search=Massacre%20de%20M%E1%BB%B9%20Lai
1968-03-16,crime,reconnu,Massacre de Mỹ Khê,"Sơn Mỹ, Vietnam du Sud","Le même jour, la compagnie Bravo tue des dizaines de civils dans un hameau voisin. La commission Peers le confirme, sans condamnation.",Vietnam du Sud,"15.17,108.9",https://en.wikipedia.org/w/index.php?search=My%20Khe%20massacre
1968-03-29,crime,reconnu,Mémo Vaky sur la contre-terreur,"Guatemala, Guatemala","Un diplomate du département d'État, Viron Vaky, écrit que Washington a toléré et encouragé la « contre-terreur » de l'armée guatémaltèque, avec meurtres et tortures. Le mémo a été déclassifié.",Guatemala,"14.63,-90.51",https://en.wikipedia.org/w/index.php?search=Viron%20P.%20Vaky
1968-07-17,coup,allégué,Retour du Baas au pouvoir en 1968,"Bagdad, Irak","Le parti Baas renverse le président Abdel Rahman Aref. Des auteurs, dont Saïd Aburish, évoquent des contacts avec la CIA ; aucun document public n'établit un rôle américain.",Irak,"33.31,44.37",https://en.wikipedia.org/w/index.php?search=17%20July%20Revolution
1968-10,info,documenté,Affaire Chennault,"Saïgon, Vietnam du Sud","L'entourage de Nixon, via Anna Chennault, pousse Thiệu à boycotter les pourparlers de paix avant l'élection. Écoutes du FBI et notes de Haldeman l'attestent.",Vietnam du Sud,"10.78,106.7",https://en.wikipedia.org/w/index.php?search=Chennault%20Affair
1968-10,sabot,documenté,Blocus de crédits contre Velasco,"Lima, Pérou","Après la nationalisation de l'International Petroleum Company, filiale d'Exxon, Washington bloque discrètement les crédits internationaux au Pérou jusqu'à l'accord Greene de 1974.",Pérou,"-12.05,-77.04",https://fr.wikipedia.org/w/index.php?search=Juan%20Velasco%20Alvarado
1968-11-15,arme,reconnu,Opération Commando Hunt sur la piste Hô Chi Minh,Sud du Laos,"Campagne aérienne massive contre la piste Hô Chi Minh au Laos, avec capteurs électroniques et B-52. Elle dure jusqu'en 1972.",Laos,"16.6,106.2",https://en.wikipedia.org/w/index.php?search=Operation%20Commando%20Hunt
1968-11-24,crime,documenté,Massacre de la grotte de Tham Piu,"Xieng Khouang, Laos","Une roquette tirée par un avion frappe la grotte où s'abritaient des villageois. Environ 374 personnes sont tuées, selon les autorités laotiennes et des témoins.",Laos,"19.5,103.45",https://en.wikipedia.org/w/index.php?search=Tham%20Piu
1968-12,crime,documenté,Opération Speedy Express,"Delta du Mékong, Vietnam du Sud",La 9e division revendique près de 11 000 ennemis tués pour 748 armes saisies. Newsweek (1972) estime que des milliers de victimes étaient des civils.,Vietnam du Sud,"10.2,106.3",https://en.wikipedia.org/w/index.php?search=Operation%20Speedy%20Express
1969,crime,reconnu,Bombardement de la plaine des Jarres,"Plaine des Jarres, Laos",Les bombardements vident la région de ses habitants. Les réfugiés décrivent des années passées dans des grottes. Le Sénat américain en entend les témoignages en 1970.,Laos,"19.45,103.15",https://fr.wikipedia.org/w/index.php?search=Plaine%20des%20Jarres
1969,crime,documenté,Dan Mitrione et la torture en Uruguay,"Montevideo, Uruguay",Le conseiller américain de l'OPS Dan Mitrione forme la police uruguayenne. Un ancien agent cubain l'accuse d'avoir enseigné la torture sur des prisonniers. Il est tué par les Tupamaros en 1970.,Uruguay,"-34.9,-56.16",https://en.wikipedia.org/w/index.php?search=Dan%20Mitrione
1969-02-25,crime,documenté,Massacre de Thạnh Phong,"Thạnh Phong, Vietnam du Sud","Un commando de SEAL dirigé par Bob Kerrey tue une vingtaine de civils, surtout des femmes et des enfants. Révélé en 2001, Kerrey reconnaît des morts civiles.",Vietnam du Sud,"9.93,106.6",https://en.wikipedia.org/w/index.php?search=Thanh%20Phong%20raid
1969-03,info,reconnu,Législatives chiliennes de 1969,"Santiago, Chili","Le comité 303 approuve des fonds pour soutenir des candidats choisis et affaiblir la gauche aux élections parlementaires, selon la commission Church.",Chili,"-33.45,-70.67",https://en.wikipedia.org/w/index.php?search=Covert%20Action%20in%20Chile
1969-03-18,arme,reconnu,Opération Menu : bombardement secret du Cambodge,Est du Cambodge,Des B-52 bombardent en secret les sanctuaires vietnamiens au Cambodge jusqu'en mai 1970. Les comptes rendus de vol sont falsifiés pour cacher l'opération au Congrès.,Cambodge,"11.8,106.2",https://fr.wikipedia.org/w/index.php?search=Op%C3%A9ration%20Menu
1969-04,crime,documenté,Défoliation des plantations de Kompong Cham,"Kompong Cham, Cambodge",Des herbicides épandus depuis le Vietnam du Sud ravagent des plantations d'hévéas et des cultures. Une mission américaine conclut à un épandage délibéré.,Cambodge,"12.0,105.46",https://fr.wikipedia.org/w/index.php?search=Agent%20orange
1969-04-15,espion,reconnu,Avion espion EC-121 abattu,Mer du Japon,Des MiG nord-coréens abattent un avion de renseignement électronique EC-121 de l'US Navy en mission d'écoute au large de la Corée du Nord. Les 31 membres d'équipage meurent.,Corée du Nord,"41.5,131.0",https://en.wikipedia.org/w/index.php?search=1969%20EC-121%20shootdown%20incident
1969-06,mort,reconnu,Affaire des Bérets verts,"Nha Trang, Vietnam du Sud","Des Bérets verts exécutent Thái Khắc Chuyên, agent vietnamien soupçonné de double jeu. Les poursuites sont abandonnées quand la CIA refuse de laisser témoigner ses agents.",Vietnam du Sud,"12.24,109.19",https://en.wikipedia.org/w/index.php?search=Green%20Beret%20Affair
1969-07,crime,reconnu,Fuite de gaz VX à Okinawa,"Chibana, Okinawa, Japon","Une fuite d'agent neurotoxique VX intoxique des militaires américains à Okinawa. L'affaire révèle le stockage secret d'armes chimiques sur l'île, évacuées en 1971 par l'opération Red Hat.",Japon,"26.37,127.79",https://en.wikipedia.org/w/index.php?search=Operation%20Red%20Hat
1969-08,info,documenté,Annexion de la Papouasie occidentale,"Jayapura, Indonésie","Washington soutient l'« Acte de libre choix », où 1 025 délégués choisis votent sous contrainte le rattachement à l'Indonésie. Des documents américains déclassifiés montrent que le résultat était connu d'avance.",Indonésie,"-2.53,140.72",https://en.wikipedia.org/w/index.php?search=Act%20of%20Free%20Choice
1969-08,arme,reconnu,Offensive Kou Kiet de Vang Pao,"Plaine des Jarres, Laos","L'armée hmong de la CIA, appuyée par l'aviation américaine, prend la plaine des Jarres. Les populations sont évacuées de force.",Laos,"19.45,103.15",https://en.wikipedia.org/w/index.php?search=Operation%20Kou%20Kiet
1969-09,arme,reconnu,Le Manhattan dans le passage du Nord-Ouest,Arctique canadien,"Un pétrolier américain renforcé traverse le passage sans demander l'autorisation d'Ottawa, qui revendique ces eaux comme intérieures.",Canada,"74.0,-100.0",https://en.wikipedia.org/w/index.php?search=SS%20Manhattan%20Northwest%20Passage%201969
1969-09-21,sabot,reconnu,Opération Intercept,Frontière mexicaine,Nixon fait fouiller chaque véhicule à la frontière pendant trois semaines pour forcer Mexico à lutter contre la marijuana. Le commerce frontalier est paralysé.,Mexique,"32.53,-117.04",https://en.wikipedia.org/w/index.php?search=Operation%20Intercept
1969-11,info,reconnu,Pacte nucléaire secret sur Okinawa,Washington et Tokyo,Nixon et Satō signent une note secrète autorisant la réintroduction d'armes nucléaires à Okinawa en cas de crise après sa restitution au Japon. Le document a été rendu public en 2009.,Japon,"26.21,127.68",https://en.wikipedia.org/w/index.php?search=Okinawa%20reversion%20agreement
1969-11-12,info,reconnu,Dissimulation du massacre de Mỹ Lai,"Sơn Mỹ, Vietnam du Sud",Le massacre est étouffé par la hiérarchie jusqu'aux révélations de Seymour Hersh. La commission Peers établit la dissimulation et met en cause des dizaines d'officiers.,Vietnam du Sud,"15.18,108.87",https://fr.wikipedia.org/w/index.php?search=Massacre%20de%20M%E1%BB%B9%20Lai
1969-11-15,espion,documenté,Collision de l'USS Gato avec le K-19,"Mer de Barents, URSS","Le sous-marin américain Gato, en mission de surveillance, heurte le sous-marin nucléaire soviétique K-19 au large de la péninsule de Kola.",URSS,"69.5,37.0",https://en.wikipedia.org/w/index.php?search=USS%20Gato%20%28SSN-615%29
1969-12-12,crime,allégué,Attentat de la piazza Fontana,"Milan, Italie","La bombe tue 17 personnes. Les enquêtes visent l'extrême droite. Le juge Guido Salvini a relevé des liens de certains protagonistes avec le renseignement américain, sans que le rôle américain soit établi.",Italie,"45.46,9.19",https://fr.wikipedia.org/w/index.php?search=Attentat%20de%20la%20piazza%20Fontana
1970,arme,reconnu,NSSM 39 : soutien au Portugal colonial,Afrique australe,"Kissinger fait adopter une politique de rapprochement avec les régimes blancs et le Portugal, jugés durables. Les armes livrées à Lisbonne via l'OTAN servent dans ses guerres coloniales.",Angola; Mozambique; Guinée-Bissau,"-8.84,13.23; -25.97,32.59; 11.86,-15.6",https://en.wikipedia.org/w/index.php?search=National%20Security%20Study%20Memorandum%2039
1970,coup,reconnu,Fonds à Patria y Libertad,"Santiago, Chili","Pendant Track II, la CIA verse par un intermédiaire des fonds au groupe d'extrême droite Patria y Libertad, selon la commission Church.",Chili,"-33.45,-70.67",https://en.wikipedia.org/w/index.php?search=Patria%20y%20Libertad
1970,arme,reconnu,Engagement secret envers l'Éthiopie révélé,"Addis-Abeba, Éthiopie","Les auditions de la sous-commission sénatoriale Symington révèlent qu'en 1960 Washington s'est engagé en secret à soutenir l'armée éthiopienne, en échange de Kagnew, et que des conseillers américains appuient la contre-insurrection en Érythrée.",Éthiopie; Érythrée,"9.03,38.75; 15.33,38.93",https://en.wikipedia.org/w/index.php?search=Kagnew%20Station%20Symington%20hearings%20Ethiopia
1970,arme,reconnu,Bataillons thaïlandais au Laos pour la CIA,"Udon Thani, Thaïlande","La CIA recrute, paie et encadre des milliers de « volontaires » thaïlandais pour combattre au Laos, depuis son quartier général d'Udorn. Un rapport du Sénat les révèle en 1971.",Thaïlande,"17.4,102.79",https://en.wikipedia.org/w/index.php?search=Thai%20volunteers%20Laos%20Unity%20CIA
1970-02-19,crime,reconnu,Massacre de Sơn Thắng,"Quế Sơn, Vietnam du Sud","Une patrouille de Marines tue 16 femmes et enfants. Des cours martiales condamnent deux soldats, dont les peines sont vite réduites.",Vietnam du Sud,"15.72,108.15",https://en.wikipedia.org/w/index.php?search=Son%20Thang%20massacre
1970-03,arme,reconnu,Aide militaire au régime de Lon Nol,"Phnom Penh, Cambodge","Washington arme et finance la République khmère jusqu'à sa chute en avril 1975, dans sa guerre contre les Khmers rouges.",Cambodge,"11.56,104.92",https://fr.wikipedia.org/w/index.php?search=R%C3%A9publique%20khm%C3%A8re
1970-03,info,reconnu,Campagne anti-Allende de 1970,"Santiago, Chili","La CIA finance affiches, articles et tracts contre Allende avant la présidentielle, avec l'accord du comité 40. La commission Church l'a établi.",Chili,"-33.45,-70.65",https://en.wikipedia.org/w/index.php?search=United%20States%20intervention%20in%20Chile
1970-03-18,coup,allégué,Renversement de Sihanouk,"Phnom Penh, Cambodge","Lon Nol renverse Sihanouk, qui accuse la CIA. Le rôle direct de Washington reste contesté, mais le nouveau régime est aussitôt reconnu et armé.",Cambodge,"11.56,104.92",https://fr.wikipedia.org/w/index.php?search=Coup%20d%27%C3%89tat%20de%201970%20au%20Cambodge
1970-05,arme,reconnu,Invasion du Cambodge,Est du Cambodge,Nixon envoie des troupes américaines et sud-vietnamiennes dans le Bec de canard et l'Hameçon pour détruire les sanctuaires communistes.,Cambodge,"11.8,106.2; 11.2,105.9",https://fr.wikipedia.org/w/index.php?search=Campagne%20du%20Cambodge
1970-05,crime,reconnu,Destruction de Snuol,"Snuol, Cambodge","Lors de l'invasion, la ville cambodgienne de Snuol est détruite par l'aviation et les blindés américains.",Cambodge,"12.07,106.42",https://en.wikipedia.org/w/index.php?search=Cambodian%20campaign
1970-05,arme,reconnu,Opération Freedom Deal,Cambodge,Campagne de bombardement du Cambodge qui prend la suite de Menu et s'étend à presque tout le pays. Elle dure jusqu'au 15 août 1973.,Cambodge,"12.0,105.5",https://en.wikipedia.org/w/index.php?search=Operation%20Freedom%20Deal
1970-06-20,espion,documenté,Collision de l'USS Tautog avec le K-108,"Petropavlovsk-Kamtchatski, URSS","L'USS Tautog, qui pistait le sous-marin soviétique K-108 près de sa base du Kamtchatka, entre en collision avec lui. Le K-108 regagne le port endommagé.",URSS,"53.0,158.65",https://en.wikipedia.org/w/index.php?search=USS%20Tautog%20%28SSN-639%29
1970-07,crime,reconnu,Cages à tigres de Côn Sơn,"Côn Sơn, Vietnam du Sud","Tom Harkin et deux élus du Congrès révèlent des cellules où des prisonniers sont entassés et maltraités, dans une prison financée et conseillée par les États-Unis.",Vietnam du Sud,"8.68,106.6",https://fr.wikipedia.org/w/index.php?search=Cages%20%C3%A0%20tigres
1970-07,info,reconnu,ITT offre un million de dollars,"Santiago, Chili","Le PDG d'ITT, Harold Geneen, propose à la CIA de financer une action contre Allende. L'affaire est révélée par le journaliste Jack Anderson puis par une enquête du Sénat.",Chili,"-33.45,-70.65",https://en.wikipedia.org/w/index.php?search=ITT%20Corporation
1970-09,arme,reconnu,Reprise des livraisons d'armes à la junte,"Athènes, Grèce",Nixon lève l'embargo partiel sur les armes lourdes décidé après le coup de 1967. Washington arme la dictature grecque au nom de l'OTAN jusqu'à sa chute en 1974.,Grèce,"37.98,23.73",https://fr.wikipedia.org/w/index.php?search=Dictature%20des%20colonels
1970-09,coup,reconnu,Track I,"Santiago, Chili",Le comité 40 autorise 250 000 dollars pour pousser le Congrès chilien à ne pas élire Allende et Frei à se prêter à un montage constitutionnel. La manœuvre échoue.,Chili,"-33.45,-70.65",https://en.wikipedia.org/w/index.php?search=Project%20FUBELT
1970-09,coup,reconnu,Agustín Edwards à Washington,"Washington, États-Unis","Le propriétaire d'El Mercurio rencontre le directeur de la CIA et des proches de Nixon pour réclamer une action contre Allende, juste avant l'ordre présidentiel de Track II.",Chili,"-33.45,-70.67",https://en.wikipedia.org/w/index.php?search=Agust%C3%ADn%20Edwards%20Eastman
1970-09,arme,documenté,Septembre noir sous protection américaine,"Amman, Jordanie","Pendant l'affrontement entre l'armée jordanienne et les fedayins, Nixon met la 6e flotte en alerte et sollicite une menace israélienne contre les chars syriens entrés en Jordanie.",Jordanie,"31.95,35.93",https://fr.wikipedia.org/w/index.php?search=Septembre%20noir%20%28Jordanie%29
1970-09-15,coup,reconnu,Track II,"Santiago, Chili","Nixon ordonne au directeur de la CIA, Richard Helms, d'empêcher par un coup militaire l'arrivée d'Allende, à l'insu du département d'État. Les notes de Helms en attestent.",Chili,"-33.45,-70.65",https://en.wikipedia.org/w/index.php?search=Project%20FUBELT
1970-09-15,sabot,reconnu,« Faire hurler l'économie »,"Santiago, Chili","Les notes manuscrites de Richard Helms, déclassifiées, rapportent l'ordre de Nixon de « faire hurler l'économie » chilienne.",Chili,"-33.45,-70.65",https://en.wikipedia.org/w/index.php?search=United%20States%20intervention%20in%20Chile
1970-09-29,sabot,reconnu,Plan Broe pour le chaos économique,"Santiago, Chili","William Broe, chef de la division Amérique latine de la CIA, propose à ITT d'aggraver la crise économique pour pousser à un coup. Le Sénat l'établit en 1973.",Chili,"-33.45,-70.67",https://en.wikipedia.org/w/index.php?search=ITT%20Chile
1970-10-16,coup,reconnu,« Allende doit être renversé par un coup »,"Santiago, Chili",Un câble du siège de la CIA à la station de Santiago affirme que la « politique ferme et constante » est de renverser Allende par un coup. Il a été déclassifié.,Chili,"-33.45,-70.67",https://en.wikipedia.org/w/index.php?search=Project%20FUBELT
1970-10-22,mort,reconnu,Assassinat du général Schneider,"Santiago, Chili","Le chef de l'armée, légaliste, est mortellement blessé lors d'un enlèvement. La CIA avait armé un autre groupe conjuré et paie ensuite 35 000 dollars aux ravisseurs.",Chili,"-33.45,-70.65",https://en.wikipedia.org/w/index.php?search=Ren%C3%A9%20Schneider
1970-11-21,arme,reconnu,Raid de Sơn Tây,"Sơn Tây, Vietnam du Nord","Des commandos américains attaquent un camp de prisonniers près de Hanoï, déjà vidé. L'aviation bombarde en diversion.",Vietnam du Nord,"21.14,105.5",https://fr.wikipedia.org/w/index.php?search=Raid%20de%20S%C6%A1n%20T%C3%A2y
1970-12-08,coup,allégué,Golpe Borghese,"Rome, Italie",Tentative de putsch néofasciste avortée dans la nuit. Des documents déclassifiés montrent que l'ambassade américaine avait eu vent des préparatifs. Un soutien américain reste allégué.,Italie,"41.9,12.5",https://fr.wikipedia.org/w/index.php?search=Golpe%20Borghese
1970-12-20,crime,reconnu,Émeute de Koza contre l'impunité,"Koza, Okinawa, Japon","Après l'acquittement par une cour martiale d'un soldat qui avait tué une passante en voiture, un nouvel accident provoque une émeute. Des milliers d'Okinawaïens incendient des dizaines de véhicules américains.",Japon,"26.33,127.8",https://en.wikipedia.org/w/index.php?search=Koza%20riot
1971,espion,reconnu,Opération Ivy Bells,Mer d'Okhotsk,Des sous-marins américains posent des capteurs sur un câble militaire soviétique sous-marin. L'opération est révélée par la trahison de Ronald Pelton.,URSS,"53.0,150.0",https://en.wikipedia.org/w/index.php?search=Operation%20Ivy%20Bells
1971,crime,reconnu,Expulsion des habitants de Diego Garcia,"Diego Garcia, Chagos",Les Britanniques déportent vers Maurice et les Seychelles les habitants de Diego Garcia pour construire la base américaine. Leurs chiens sont gazés. La construction de la base commence en 1971.,Chagos; Maurice,"-7.31,72.42; -20.16,57.5",https://fr.wikipedia.org/w/index.php?search=Expulsion%20des%20Chagossiens
1971,sabot,allégué,Peste porcine africaine à Cuba,Cuba,"Une épidémie oblige à abattre environ un demi-million de porcs. En 1977, Newsday affirme qu'une source liée à la CIA a introduit le virus. La CIA dément.",Cuba,"23.11,-82.37",https://en.wikipedia.org/w/index.php?search=African%20swine%20fever%20virus
1971,sabot,reconnu,Blocus financier invisible,"Santiago, Chili","Washington fait bloquer les crédits de l'Eximbank, de la Banque mondiale et de la BID au Chili d'Allende, tout en maintenant l'aide à l'armée.",Chili,"-33.45,-70.65",https://en.wikipedia.org/w/index.php?search=United%20States%20intervention%20in%20Chile
1971,info,reconnu,Financement secret de l'opposition chilienne,"Santiago, Chili","Entre 1970 et 1973, la CIA verse environ 8 millions de dollars aux partis, syndicats patronaux et médias opposés à Allende, selon la commission Church.",Chili,"-33.45,-70.65",https://en.wikipedia.org/w/index.php?search=United%20States%20intervention%20in%20Chile
1971,mort,allégué,Escadron de la mort uruguayen,"Montevideo, Uruguay","Arrêté par les Tupamaros, le policier Nelson Bardesio affirme que l'escadron de la mort est lié à des policiers formés par l'OPS et à un conseiller américain. Accusation non corroborée officiellement.",Uruguay,"-34.9,-56.16",https://en.wikipedia.org/w/index.php?search=Escuadr%C3%B3n%20de%20la%20Muerte%20Uruguay
1971,arme,reconnu,Champ de tir de Culebra,"Culebra, Porto Rico",L'US Navy bombarde l'île habitée de Culebra lors de ses exercices. Rubén Berríos et des militants occupent une plage et sont arrêtés ; la Navy quitte Culebra en 1975.,Porto Rico,"18.31,-65.3",https://en.wikipedia.org/w/index.php?search=Culebra%2C%20Puerto%20Rico
1971,crime,documenté,Prostitution encadrée autour des bases,"Dongducheon, Corée du Sud","L'État sud-coréen organise la prostitution autour des bases américaines, avec contrôles sanitaires forcés, en concertation avec l'armée américaine. En 2022, la Cour suprême condamne l'État à indemniser les victimes.",Corée du Sud,"37.9,127.06",https://en.wikipedia.org/w/index.php?search=Camptown%20%28South%20Korea%29
1971-02-08,arme,reconnu,Opération Lam Son 719 au Laos,"Tchepone, Laos",L'armée sud-vietnamienne envahit le sud du Laos avec un appui aérien et héliporté américain massif. L'offensive tourne à la déroute.,Laos,"16.7,106.2",https://fr.wikipedia.org/w/index.php?search=Op%C3%A9ration%20Lam%20Son%20719
1971-04,info,reconnu,Municipales chiliennes de 1971,"Santiago, Chili","La CIA finance les partis d'opposition pour les élections municipales d'avril 1971, selon la commission Church.",Chili,"-33.45,-70.67",https://en.wikipedia.org/w/index.php?search=Covert%20Action%20in%20Chile
1971-04-06,crime,reconnu,Télégramme Blood ignoré,"Dacca, Pakistan oriental","Le consul Archer Blood dénonce un « génocide sélectif » de l'armée pakistanaise. Nixon et Kissinger maintiennent leur soutien à Yahya Khan pendant les massacres, qui font des centaines de milliers de morts.",Bangladesh (Pakistan oriental),"23.81,90.41",https://en.wikipedia.org/w/index.php?search=Blood%20telegram
1971-06,arme,reconnu,Armes livrées au Pakistan malgré l'embargo,"Karachi, Pakistan","En pleine répression au Pakistan oriental, des cargos chargés de matériel militaire américain partent vers Karachi. Le New York Times le révèle le 22 juin 1971 et le département d'État admet des licences antérieures.",Pakistan,"24.86,67.0",https://en.wikipedia.org/w/index.php?search=1971%20Bangladesh%20genocide%20United%20States
1971-06-17,info,reconnu,Accord secret sur la rétrocession d'Okinawa,"Tokyo, Japon","Le Japon s'engage en secret à payer des frais que Washington devait assumer lors de la rétrocession. Le journaliste Nishiyama, qui l'a révélé, est condamné. Des archives américaines déclassifiées en 2000 confirment l'accord.",Japon,"35.69,139.69",https://en.wikipedia.org/w/index.php?search=Nishiyama%20Takichi
1971-08,sabot,reconnu,Refus du prêt Eximbank pour LAN Chile,"Santiago, Chili","L'Eximbank refuse de financer l'achat de Boeing par la compagnie aérienne nationale, un des actes du blocus financier contre le gouvernement Allende.",Chili,"-33.45,-70.67",https://en.wikipedia.org/w/index.php?search=Chile%E2%80%93United%20States%20relations
1971-08-21,coup,documenté,Coup de Banzer en Bolivie,"La Paz, Bolivie",Hugo Banzer renverse le général Torres. Des documents américains attestent un soutien à ses conjurés.,Bolivie,"-16.5,-68.15",https://en.wikipedia.org/w/index.php?search=1971%20Bolivian%20coup%20d%27%C3%A9tat
1971-09,info,reconnu,Financement d'El Mercurio,"Santiago, Chili","Le comité 40 approuve des centaines de milliers de dollars pour le quotidien El Mercurio, principal média d'opposition. D'autres versements suivent en 1972.",Chili,"-33.45,-70.65",https://en.wikipedia.org/w/index.php?search=El%20Mercurio
1971-09-16,espion,documenté,Écoutes des limousines du Kremlin,"Moscou, URSS","Le chroniqueur Jack Anderson révèle l'opération Gamma Guppy : depuis l'ambassade de Moscou, les services américains interceptent les radiotéléphones des voitures des dirigeants soviétiques.",URSS,"55.75,37.62",https://en.wikipedia.org/w/index.php?search=Project%20GAMMA
1971-10,sabot,reconnu,Plan en dix-huit points d'ITT,"Washington, États-Unis",ITT propose à la Maison-Blanche un plan en dix-huit points pour empêcher Allende de tenir six mois. Une sous-commission du Sénat le publie en 1973.,Chili,"-33.45,-70.67",https://en.wikipedia.org/w/index.php?search=ITT%20Chile
1971-10-12,sabot,allégué,Raid sur Boca de Samá,"Boca de Samá, Cuba","Un commando venu de la mer attaque ce village de pêcheurs de l'est de Cuba : deux morts et plusieurs blessés, dont des enfants. Cuba accuse Alpha 66 et Washington. Le rôle américain n'est pas prouvé.",Cuba,"21.12,-75.77",https://en.wikipedia.org/w/index.php?search=Boca%20de%20Sam%C3%A1
1971-11,mort,allégué,Complot contre Castro au Chili,"Santiago, Chili","Pendant la visite de Castro au Chili, des exilés cubains munis de faux papiers de journalistes vénézuéliens et d'une caméra dissimulant une arme renoncent à tirer. Antonio Veciana attribue le projet à son contact de la CIA, « Maurice Bishop », dont le rôle n'a jamais été corroboré.",Chili; Cuba,"-33.45,-70.65; 23.11,-82.37",https://en.wikipedia.org/w/index.php?search=Antonio%20Veciana%20Chile%201971%20Castro
1971-11,sabot,reconnu,Amendement Byrd sur le chrome rhodésien,"Salisbury, Rhodésie",L'amendement du sénateur Harry Byrd autorise l'importation de chrome rhodésien malgré les sanctions obligatoires de l'ONU contre le régime blanc de Ian Smith. Les États-Unis violent l'embargo jusqu'à son abrogation en mars 1977.,Rhodésie,"-17.83,31.05",https://en.wikipedia.org/w/index.php?search=Byrd%20Amendment%20%281971%29
1971-11-28,info,documenté,Élection uruguayenne de 1971,"Montevideo, Uruguay","Face au Frente Amplio, Nixon et le Brésil de Médici évoquent un soutien discret ; Nixon dit ensuite au Premier ministre Heath que le Brésil a « aidé à truquer » l'élection, selon des archives déclassifiées.",Uruguay,"-34.9,-56.16",https://fr.wikipedia.org/w/index.php?search=%C3%89lections%20g%C3%A9n%C3%A9rales%20uruguayennes%20de%201971
1971-12,arme,reconnu,Accord des Açores,"Açores, Portugal","Contre l'usage de la base de Lajes, Washington accorde au Portugal de Caetano des centaines de millions de dollars d'aide, pendant ses guerres en Afrique.",Portugal (Açores),"38.76,-27.09",https://en.wikipedia.org/w/index.php?search=Lajes%20Field
1971-12,arme,reconnu,Avions transférés au Pakistan en secret,Pakistan,"Nixon et Kissinger encouragent la Jordanie et l'Iran à transférer au Pakistan des avions de combat américains pendant la guerre contre l'Inde, en violation de la loi américaine.",Pakistan; Inde,"33.68,73.05; 28.61,77.21",https://en.wikipedia.org/w/index.php?search=Indo-Pakistani%20war%20of%201971
1971-12,arme,reconnu,USS Enterprise dans le golfe du Bengale,Golfe du Bengale,Nixon envoie la Task Force 74 menée par le porte-avions USS Enterprise dans le golfe du Bengale pour faire pression sur l'Inde lors de la guerre de libération du Bangladesh.,Bangladesh; Inde,"20.5,89.5; 28.61,77.21",https://en.wikipedia.org/w/index.php?search=Task%20Force%2074
1971-12,espion,reconnu,Une taupe de la CIA au cabinet d'Indira Gandhi,"New Delhi, Inde",Les archives déclassifiées montrent que la CIA recevait d'une source au sein du gouvernement indien les plans de guerre discutés en conseil des ministres. Nixon et Kissinger s'en servent pour justifier leur soutien au Pakistan.,Inde,"28.61,77.21",https://en.wikipedia.org/w/index.php?search=Nixon%20Kissinger%201971%20India%20CIA%20source%20cabinet
1971-12-06,sabot,reconnu,Aide économique à l'Inde suspendue,"New Delhi, Inde","Pendant la guerre indo-pakistanaise, l'administration Nixon suspend environ 87 millions de dollars d'aide économique à l'Inde, jugée agresseur, dans le cadre de sa politique de « pencher » vers le Pakistan.",Inde,"28.61,77.21",https://en.wikipedia.org/w/index.php?search=Indo-Pakistani%20war%20of%201971%20United%20States
1971-12-09,coup,reconnu,Nixon et Médici contre Allende et Castro,"Washington, États-Unis",Un mémorandum déclassifié rapporte que Nixon et le dictateur brésilien Médici discutent d'une coopération pour renverser Allende et Castro. Nixon propose une aide « discrète ».,Brésil; Chili,"-15.79,-47.88; -33.45,-70.65",https://en.wikipedia.org/w/index.php?search=Em%C3%ADlio%20Garrastazu%20M%C3%A9dici
1971-12-10,arme,reconnu,Kissinger pousse la Chine à menacer l'Inde,"New York, États-Unis / frontière sino-indienne","Selon les transcriptions déclassifiées, Kissinger suggère au représentant chinois Huang Hua des mouvements de troupes vers la frontière indienne, en promettant le soutien américain face à une réaction soviétique.",Inde,"27.3,88.6",https://en.wikipedia.org/w/index.php?search=Indo-Pakistani%20war%20of%201971%20China%20Kissinger%20Huang%20Hua
1972,info,reconnu,800 000 dollars au général Miceli,"Rome, Italie","Selon le rapport de la commission Pike, l'ambassadeur Graham Martin remet 800 000 dollars au chef du renseignement militaire italien, Vito Miceli, en marge des financements de partis par la CIA.",Italie,"41.9,12.5",https://en.wikipedia.org/w/index.php?search=Pike%20Committee
1972,arme,reconnu,Armes secrètes aux Kurdes d'Irak,Kurdistan irakien,"Nixon et Kissinger approuvent une aide clandestine de la CIA, avec l'Iran, aux Kurdes de Barzani contre Bagdad. La commission Pike dit qu'elle visait à affaiblir l'Irak, pas à les faire gagner.",Irak (Kurdistan),"36.6,44.0",https://en.wikipedia.org/w/index.php?search=Pike%20Committee
1972,crime,documenté,Air America et le trafic d'opium,"Long Tieng, Laos",L'historien Alfred McCoy documente le transport d'opium par des appareils liés à la CIA pour des alliés laotiens. La CIA nie toute implication directe.,Laos,"19.13,102.95",https://en.wikipedia.org/w/index.php?search=The%20Politics%20of%20Heroin%20in%20Southeast%20Asia
1972-05,arme,reconnu,Carte blanche de Nixon au chah,"Téhéran, Iran","En visite à Téhéran, Nixon et Kissinger autorisent le chah à acheter toute arme conventionnelle américaine. L'Iran devient le premier client de l'industrie d'armement américaine.",Iran,"35.69,51.39",https://fr.wikipedia.org/w/index.php?search=Doctrine%20Nixon
1972-05-09,arme,reconnu,Minage du port de Haïphong,"Haïphong, Vietnam du Nord",Opération Pocket Money : des avions de l'US Navy minent Haïphong et les ports du Nord.,Vietnam du Nord,"20.86,106.68",https://en.wikipedia.org/w/index.php?search=Operation%20Pocket%20Money
1972-05-10,arme,reconnu,Opération Linebacker,Vietnam du Nord,"Reprise des bombardements massifs du Nord jusqu'en octobre 1972, avec des bombes guidées contre ponts, dépôts et voies ferrées.",Vietnam du Nord,"21.03,105.85; 20.86,106.68",https://fr.wikipedia.org/w/index.php?search=Op%C3%A9ration%20Linebacker
1972-07,crime,allégué,Bombardement des digues du fleuve Rouge,"Delta du fleuve Rouge, Vietnam du Nord",Hanoï accuse Washington de viser délibérément les digues pour provoquer des inondations. Le gouvernement américain parle de dégâts accidentels.,Vietnam du Nord,"20.6,106.0",https://en.wikipedia.org/w/index.php?search=Red%20River%20Delta
1972-07,crime,reconnu,Destruction de Quảng Trị,"Quảng Trị, Vietnam","La contre-offensive sud-vietnamienne, appuyée par les B-52 et l'artillerie navale américaine, rase la ville et sa citadelle entre juillet et septembre 1972.",Vietnam du Sud,"16.75,107.19",https://en.wikipedia.org/w/index.php?search=Second%20Battle%20of%20Qu%E1%BA%A3ng%20Tr%E1%BB%8B
1972-09,coup,documenté,Loi martiale de Marcos acceptée,"Manille, Philippines","Ferdinand Marcos proclame la loi martiale. Informée à l'avance, l'administration Nixon ne s'y oppose pas et maintient l'aide militaire, en échange de la sécurité des bases de Clark et Subic.",Philippines,"14.6,120.98",https://fr.wikipedia.org/w/index.php?search=Loi%20martiale%20aux%20Philippines
1972-09-10,info,reconnu,Premier veto américain pour Israël,"Conseil de sécurité, New York",Les États-Unis mettent leur veto à un projet condamnant les raids israéliens au Liban et en Syrie après Munich. C'est le premier veto américain sur le Proche-Orient.,Liban; Syrie,"33.89,35.5; 33.51,36.29",https://en.wikipedia.org/w/index.php?search=List%20of%20vetoed%20United%20Nations%20Security%20Council%20resolutions
1972-10,sabot,documenté,Grève des camionneurs d'octobre 1972,"Santiago, Chili","Une grève patronale des transporteurs paralyse le pays pendant des semaines. La CIA finance des groupes du secteur privé qui la soutiennent, selon la commission Church.",Chili,"-33.45,-70.65",https://en.wikipedia.org/w/index.php?search=1972%20Chilean%20truckers%20strike
1972-12-18,crime,reconnu,Opération Linebacker II,"Hanoï et Haïphong, Vietnam du Nord",Bombardements dits « de Noël » par des B-52 sur Hanoï et Haïphong jusqu'au 29 décembre. Hanoï dénombre environ 1 600 civils tués.,Vietnam du Nord,"21.03,105.85; 20.86,106.68",https://fr.wikipedia.org/w/index.php?search=Op%C3%A9ration%20Linebacker%20II
1972-12-22,crime,reconnu,Bombardement de l'hôpital Bạch Mai,"Hanoï, Vietnam du Nord",Des bombes de B-52 détruisent une grande partie du principal hôpital de Hanoï et tuent des membres du personnel et des patients.,Vietnam du Nord,"21.0,105.84",https://fr.wikipedia.org/w/index.php?search=H%C3%B4pital%20B%E1%BA%A1ch%20Mai
1972-12-26,crime,reconnu,Bombardement de la rue Khâm Thiên,"Hanoï, Vietnam du Nord",Un tapis de bombes de B-52 rase ce quartier populaire de Hanoï. Environ 280 habitants sont tués.,Vietnam du Nord,"21.02,105.83",https://en.wikipedia.org/w/index.php?search=Kh%C3%A2m%20Thi%C3%AAn
1973-02,crime,reconnu,Intensification des bombardements au Cambodge,Cambodge,"Après le cessez-le-feu au Vietnam, les B-52 bombardent massivement le Cambodge. Le Congrès impose l'arrêt au 15 août 1973.",Cambodge,"11.56,104.92; 11.5,105.3",https://fr.wikipedia.org/w/index.php?search=Bombardement%20du%20Cambodge%20par%20les%20%C3%89tats-Unis
1973-03,info,reconnu,Législatives chiliennes de 1973,"Santiago, Chili","La CIA finance les partis d'opposition pour les élections législatives de mars 1973, où ils espèrent obtenir les deux tiers pour destituer Allende, selon la commission Church.",Chili,"-33.45,-70.67",https://en.wikipedia.org/w/index.php?search=Covert%20Action%20in%20Chile
1973-05,crime,reconnu,Derniers Chagossiens déportés,"Peros Banhos, Chagos",Les derniers habitants de Peros Banhos et Salomon sont embarqués vers Maurice. Entre 1 500 et 2 000 personnes ont été expulsées de l'archipel au total.,Chagos; Maurice,"-5.3,71.78; -20.16,57.5",https://en.wikipedia.org/w/index.php?search=Chagossians
1973-07,sabot,documenté,Seconde grève des camionneurs chiliens,"Santiago, Chili","Les transporteurs reprennent la grève à la fin juillet 1973 et la tiennent jusqu'au coup d'État. Des groupes privés financés par la CIA la soutiennent, selon la commission Church.",Chili,"-33.45,-70.65",https://en.wikipedia.org/w/index.php?search=1973%20Chilean%20truckers%20strike
1973-07-26,info,reconnu,Veto sur l'occupation des territoires,"Conseil de sécurité, New York",Washington bloque un projet qui déplore la poursuite de l'occupation israélienne des territoires conquis en 1967 et appelle à une solution tenant compte des droits des Palestiniens.,Palestine,"31.9,35.2",https://en.wikipedia.org/w/index.php?search=List%20of%20vetoed%20United%20Nations%20Security%20Council%20resolutions
1973-08-06,crime,reconnu,Bombardement de Neak Luong,"Neak Luong, Cambodge","Un B-52 largue par erreur ses bombes sur la ville, tenue par les forces de Lon Nol. L'ambassade américaine reconnaît plus de 130 morts.",Cambodge,"11.26,105.28",https://en.wikipedia.org/w/index.php?search=Neak%20Luong
1973-09,mort,documenté,Morts de Charles Horman et Frank Teruggi,"Santiago, Chili",Deux Américains sont exécutés par l'armée après le coup. Un mémo du département d'État de 1976 évoque un possible rôle du renseignement américain.,Chili,"-33.45,-70.65",https://en.wikipedia.org/w/index.php?search=Charles%20Horman
1973-09-11,coup,documenté,Coup d'État de Pinochet,"Santiago, Chili","L'armée renverse Allende, qui meurt à La Moneda. La CIA n'a pas organisé le coup, mais ses actions ont préparé le terrain et elle entretenait des liens avec les putschistes, selon le rapport Hinchey (2000).",Chili,"-33.45,-70.65",https://en.wikipedia.org/w/index.php?search=1973%20Chilean%20coup%20d%27%C3%A9tat
1973-10,info,reconnu,Libro Blanco et le « plan Z »,"Santiago, Chili","Des collaborateurs de la CIA aident la junte à rédiger le Livre blanc qui justifie le coup par un prétendu « plan Z » d'assassinat par la gauche, selon la commission Church.",Chili,"-33.45,-70.67",https://en.wikipedia.org/w/index.php?search=Plan%20Z
1973-10-14,arme,reconnu,Pont aérien Nickel Grass,"Tel-Aviv, Israël","Pendant la guerre du Kippour, l'US Air Force livre à Israël plus de 22 000 tonnes d'armes et de munitions en un mois. Les pays arabes répliquent par l'embargo pétrolier.",Israël,"32.08,34.78",https://fr.wikipedia.org/w/index.php?search=Op%C3%A9ration%20Nickel%20Grass
1973-12-20,mort,allégué,Assassinat de Carrero Blanco,"Madrid, Espagne","ETA revendique l'attentat qui tue le chef du gouvernement franquiste, au lendemain d'une visite d'Henry Kissinger. Des auteurs évoquent une complicité de la CIA, sans preuve publique.",Espagne,"40.42,-3.7",https://fr.wikipedia.org/w/index.php?search=Op%C3%A9ration%20Ogro
1974,espion,reconnu,Projet Azorian,Océan Pacifique,La CIA fait construire le Glomar Explorer pour remonter l'épave du sous-marin soviétique K-129. Seule une partie de la coque est récupérée.,URSS,"55.75,37.62",https://en.wikipedia.org/w/index.php?search=Project%20Azorian
1974,sabot,reconnu,Aide alimentaire bloquée pendant la famine,"Dacca, Bangladesh","Pendant la famine de 1974, Washington retarde les livraisons de blé au titre du PL-480 parce que le Bangladesh vend du jute à Cuba. Le pays doit renoncer à ces ventes. La famine fait des dizaines de milliers de morts au moins.",Bangladesh,"23.81,90.41",https://en.wikipedia.org/w/index.php?search=Bangladesh%20famine%20of%201974
1974,espion,reconnu,"Alexandre Ogorodnik, source TRIGON","Moscou, URSS","Diplomate soviétique recruté par la CIA, il photographie des câbles du ministère des Affaires étrangères. Arrêté en 1977, il se suicide avec une capsule de poison fournie par la CIA.",URSS,"55.75,37.62",https://en.wikipedia.org/w/index.php?search=Aleksandr%20Ogorodnik
1974-01,arme,reconnu,Vente de 80 avions F-14 à l'Iran,"Téhéran, Iran","L'Iran est le seul pays étranger à acheter le chasseur Grumman F-14 Tomcat, livré avec ses missiles Phoenix.",Iran,"35.69,51.39",https://fr.wikipedia.org/w/index.php?search=Grumman%20F-14%20Tomcat
1974-01,info,reconnu,Fausse lettre rebelle fabriquée par la CIA,"Sakon Nakhon, Thaïlande","Un agent de la CIA rédige une lettre attribuée à un chef communiste proposant une trêve au Premier ministre Sanya Dharmasakti. Démasqué, Washington présente des excuses officielles à Bangkok.",Thaïlande,"17.16,104.15",https://en.wikipedia.org/w/index.php?search=CIA%20fake%20letter%20Thailand%201974%20Sanya
1974-04-11,crime,reconnu,La CIA informée des exécutions sous Geisel,"Brasília, Brésil",Un mémo du directeur de la CIA William Colby à Kissinger rapporte que le président Geisel autorise la poursuite des exécutions sommaires d'opposants. Washington maintient son soutien. Révélé en 2018.,Brésil,"-15.79,-47.88",https://en.wikipedia.org/w/index.php?search=Ernesto%20Geisel%20CIA%20memorandum
1974-07-15,coup,allégué,Coup d'État contre Makarios,"Nicosie, Chypre","La junte grecque renverse le président chypriote, puis la Turquie envahit l'île. Kissinger est accusé d'avoir laissé faire. Un rôle américain direct n'est pas prouvé.",Chypre,"35.17,33.36",https://fr.wikipedia.org/w/index.php?search=Coup%20d%27%C3%89tat%20de%201974%20%C3%A0%20Chypre
1975,info,documenté,Ingérence au Portugal révolutionnaire,"Lisbonne, Portugal",L'ambassadeur Frank Carlucci coordonne l'appui aux socialistes contre les communistes. La presse américaine révèle en 1975 des financements de la CIA via des partis européens.,Portugal,"38.72,-9.14",https://en.wikipedia.org/w/index.php?search=Frank%20Carlucci
1975,mort,reconnu,Manuel Contreras payé par la CIA,"Santiago, Chili","La CIA fait du chef de la police secrète DINA un contact et lui verse une fois de l'argent, malgré ses crimes connus. Elle l'a reconnu en 2000.",Chili,"-33.45,-70.65",https://en.wikipedia.org/w/index.php?search=Manuel%20Contreras
1975-01-03,sabot,reconnu,Amendement Jackson-Vanik,"Washington, États-Unis","La loi sur le commerce de 1974 prive l'URSS du statut commercial normal tant qu'elle limite l'émigration, notamment des Juifs. La Russie n'en sort qu'en 2012.",URSS,"55.75,37.62",https://fr.wikipedia.org/w/index.php?search=Amendement%20Jackson-Vanik
1975-03,crime,reconnu,Réfugiés kurdes laissés sans aide,"Haji Omeran, Irak","Selon le rapport Pike, après l'effondrement de la rébellion, plus de 200 000 Kurdes fuient en Iran ; Washington refuse toute aide humanitaire et n'accorde l'asile à aucun d'eux. L'Iran en renvoie de force plus de 40 000.",Irak,"36.66,44.87",https://en.wikipedia.org/w/index.php?search=Pike%20Committee
1975-03-06,crime,reconnu,Les Kurdes lâchés après l'accord d'Alger,Kurdistan irakien,"Le shah signe un accord avec Bagdad et Washington coupe l'aide. L'armée irakienne écrase les Kurdes et Kissinger ignore leurs appels, selon le rapport Pike.",Irak (Kurdistan),"36.6,44.0",https://fr.wikipedia.org/w/index.php?search=Accord%20d%27Alger%20%281975%29
1975-04,sabot,reconnu,Scandale « Bananagate »,"Tegucigalpa, Honduras","La SEC révèle qu'United Brands, ex-United Fruit, a versé 1,25 million de dollars à des responsables honduriens pour réduire une taxe sur la banane. Le général López Arellano est renversé.",Honduras,"14.07,-87.21",https://en.wikipedia.org/w/index.php?search=Bananagate
1975-05,sabot,reconnu,Embargo sur le Vietnam réunifié,"Hanoï, Vietnam",L'embargo commercial imposé au Nord est étendu à tout le Vietnam et au Cambodge. Washington bloque aussi l'aide internationale. Il est levé en 1994.,Vietnam,"21.03,105.85",https://fr.wikipedia.org/w/index.php?search=Embargo%20des%20%C3%89tats-Unis%20contre%20le%20Vi%C3%AAt%20Nam
1975-05-14,arme,reconnu,Opération Mayaguez lancée depuis la Thaïlande,"U-Tapao, Thaïlande","Washington fait partir Marines et hélicoptères de la base d'U-Tapao vers le Cambodge sans l'accord du gouvernement thaïlandais, qui proteste officiellement contre la violation de sa souveraineté.",Thaïlande,"12.68,101.0",https://fr.wikipedia.org/w/index.php?search=Incident%20du%20Mayaguez
1975-05-15,arme,reconnu,"Assaut de Koh Tang, affaire du Mayaguez","Koh Tang, Cambodge","Après la saisie du cargo Mayaguez, les Marines attaquent l'île de Koh Tang alors que l'équipage est déjà libéré.",Cambodge,"10.3,103.13",https://fr.wikipedia.org/w/index.php?search=Incident%20du%20Mayaguez
1975-05-15,arme,reconnu,Bombardement de Kompong Som,"Kompong Som, Cambodge","Pendant l'affaire du Mayaguez, des avions de l'US Navy bombardent la base de Ream et le port de Kompong Som.",Cambodge,"10.63,103.52",https://fr.wikipedia.org/w/index.php?search=Incident%20du%20Mayaguez
1975-06,coup,allégué,Mobutu accuse la CIA d'un complot,"Kinshasa, Zaïre",Mobutu expulse l'ambassadeur américain Deane Hinton et affirme avoir déjoué un coup d'État soutenu par la CIA. Washington dément et aucune preuve publique n'a été produite.,Zaïre,"-4.32,15.31",https://en.wikipedia.org/w/index.php?search=Deane%20R.%20Hinton
1975-07,arme,reconnu,Opération IAFEATURE en Angola,Angola,"Ford approuve l'envoi d'armes et d'argent au FNLA et à l'UNITA contre le MPLA. Le Sénat coupe les fonds en décembre 1975 (amendement Tunney), puis l'amendement Clark de 1976 interdit toute aide.",Angola,"-8.84,13.23",https://en.wikipedia.org/w/index.php?search=Operation%20IA%20Feature
1975-08-15,coup,allégué,Assassinat de Mujibur Rahman,"Dacca, Bangladesh",Des officiers tuent le président Sheikh Mujibur Rahman et sa famille. Le journaliste Lawrence Lifschultz affirme que l'ambassade américaine était en contact avec les conjurés. Washington dément tout rôle.,Bangladesh,"23.81,90.41",https://en.wikipedia.org/w/index.php?search=Assassination%20of%20Sheikh%20Mujibur%20Rahman
1975-10,arme,allégué,Coordination alléguée avec Pretoria,Sud de l'Angola,"L'Afrique du Sud envahit l'Angola (opération Savannah). L'ancien agent John Stockwell affirme que la CIA coordonnait son action avec Pretoria, ce que Washington a nié.",Angola,"-14.0,15.0",https://en.wikipedia.org/w/index.php?search=Operation%20Savannah%20%28Angola%29
1975-11,coup,documenté,Soutien à la Marche verte,"Laâyoune, Sahara occidental","Selon les archives déclassifiées, Henry Kissinger soutient la revendication marocaine sur le Sahara espagnol pendant la Marche verte. L'accord de Madrid du 14 novembre partage le territoire entre Maroc et Mauritanie, sans les Sahraouis.",Sahara occidental,"27.15,-13.2",https://en.wikipedia.org/w/index.php?search=Green%20March
1975-11,coup,documenté,Message de la CIA contre Whitlam,"Canberra, Australie","Un télex de la CIA, attribué au chef de sa division Asie Ted Shackley, avertit l'ASIO que Whitlam menace la coopération du renseignement, quelques jours avant son renvoi. Aucun lien avec la décision du gouverneur général n'est prouvé.",Australie,"-35.28,149.13",https://en.wikipedia.org/w/index.php?search=1975%20Australian%20constitutional%20crisis%20CIA%20Shackley%20telex
1975-11-11,coup,allégué,Renvoi de Gough Whitlam,"Canberra, Australie","Le gouverneur général démet le Premier ministre Whitlam, qui menaçait de révéler des liens de la CIA à Pine Gap. Une implication américaine est alléguée par plusieurs auteurs, mais pas démontrée.",Australie,"-35.28,149.13",https://fr.wikipedia.org/w/index.php?search=Crise%20constitutionnelle%20australienne%20de%201975
1975-11-20,mort,reconnu,Rapport Church sur les complots d'assassinat,"Washington, États-Unis",La commission sénatoriale présidée par Frank Church publie son rapport sur les complots d'assassinat. Elle établit au moins huit complots de la CIA contre Fidel Castro entre 1960 et 1965.,Cuba,"23.11,-82.37",https://en.wikipedia.org/w/index.php?search=Church%20Committee%20Alleged%20Assassination%20Plots%20Involving%20Foreign%20Leaders
1975-11-25,mort,documenté,Plan Condor,Cône Sud,"Les dictatures du Cône Sud coordonnent la traque et l'assassinat d'opposants. La CIA est informée et un réseau de communication de l'armée américaine au Panama est utilisé, selon des archives.",Chili; Argentine; Uruguay; Paraguay; Bolivie; Brésil,"-33.45,-70.65; -34.6,-58.38; -34.9,-56.16; -25.26,-57.58; -16.5,-68.15; -15.79,-47.88",https://en.wikipedia.org/w/index.php?search=Operation%20Condor
1975-12,sabot,documenté,Gulf Oil pressée de geler les redevances,"Cabinda, Angola","Sous la pression du département d'État, Gulf Oil suspend ses activités à Cabinda et bloque ses paiements au gouvernement MPLA installé à Luanda. La compagnie reprend ses versements en 1976.",Angola,"-5.55,12.2",https://en.wikipedia.org/w/index.php?search=Cabinda%20Gulf%20Oil%201975%20MPLA%20royalties
1975-12,info,reconnu,Moynihan neutralise l'ONU sur le Timor,"New York, États-Unis",L'ambassadeur à l'ONU Daniel Patrick Moynihan écrit dans ses mémoires que le Département d'État voulait que l'ONU se montre « totalement inefficace » et qu'il s'en est chargé « avec un succès non négligeable ».,Timor oriental,"-8.56,125.57",https://en.wikipedia.org/w/index.php?search=Daniel%20Patrick%20Moynihan%20East%20Timor%20United%20Nations
1975-12-06,crime,reconnu,Feu vert à l'invasion du Timor oriental,"Dili, Timor oriental","La veille de l'invasion, Ford et Kissinger donnent leur accord à Suharto à Jakarta, selon un compte rendu déclassifié en 2001. L'occupation fait entre 100 000 et 200 000 morts.",Timor oriental,"-8.56,125.57",https://fr.wikipedia.org/w/index.php?search=Invasion%20indon%C3%A9sienne%20du%20Timor%20oriental
1976,espion,documenté,Écoutes de la Maison-Bleue,"Séoul, Corée du Sud","En pleine affaire Koreagate, la presse américaine révèle que les services américains ont écouté la présidence sud-coréenne de Park Chung-hee.",Corée du Sud,"37.59,126.98",https://en.wikipedia.org/w/index.php?search=Koreagate
1976,coup,allégué,Déstabilisation de Michael Manley,"Kingston, Jamaïque","Manley et d'anciens agents, dont Philip Agee, accusent la CIA d'avoir armé et financé des violences avant les élections de 1976. Washington dément.",Jamaïque,"18.0,-76.79",https://en.wikipedia.org/w/index.php?search=Michael%20Manley
1976,crime,documenté,Coopération avec la SAVAK,"Téhéran, Iran","La CIA, qui a aidé à créer la police politique du chah, maintient avec elle une liaison étroite jusqu'à la révolution de 1979, malgré la torture documentée par Amnesty International.",Iran,"35.69,51.39",https://fr.wikipedia.org/w/index.php?search=SAVAK
1976,espion,documenté,Montesinos renseigne l'ambassade,"Lima, Pérou",Le capitaine Vladimiro Montesinos transmet des informations militaires aux États-Unis. Il est chassé de l'armée et emprisonné.,Pérou,"-12.05,-77.04",https://fr.wikipedia.org/w/index.php?search=Vladimiro%20Montesinos
1976,sabot,documenté,Crise du FMI de 1976,"Londres, Royaume-Uni",Le Trésor américain soutient les exigences d'austérité du FMI envers le gouvernement Callaghan. Les historiens ont documenté ce rôle dans les coupes budgétaires imposées.,Royaume-Uni,"51.51,-0.13",https://en.wikipedia.org/w/index.php?search=1976%20IMF%20crisis
1976-01,arme,documenté,Mercenaires payés par la CIA en Angola,Nord de l'Angola,"D'après l'ancien officier de la CIA John Stockwell, l'agence finance des mercenaires français et portugais pour le FNLA. Des mercenaires, dont l'Américain Daniel Gearhart, sont jugés à Luanda ; Gearhart est fusillé en juillet 1976.",Angola,"-7.6,14.9",https://en.wikipedia.org/w/index.php?search=Luanda%20Trial
1976-01,sabot,reconnu,Programme nucléaire de Park bloqué,"Séoul, Corée du Sud","Washington force Séoul à renoncer à l'achat d'une usine française de retraitement, en menaçant l'alliance et l'aide. Park Chung-hee doit mettre en sommeil son programme d'armement nucléaire secret.",Corée du Sud,"37.57,126.98",https://en.wikipedia.org/w/index.php?search=South%20Korea%20and%20weapons%20of%20mass%20destruction
1976-01-26,info,reconnu,Veto sur l'autodétermination palestinienne,"Conseil de sécurité, New York","Les États-Unis bloquent un projet affirmant le droit du peuple palestinien à l'autodétermination et à un État, et demandant le retrait israélien des territoires occupés.",Palestine,"31.9,35.2",https://en.wikipedia.org/w/index.php?search=List%20of%20vetoed%20United%20Nations%20Security%20Council%20resolutions
1976-03,crime,reconnu,Ford Argentine et les ouvriers enlevés,"General Pacheco, Argentine","Dès le coup, des délégués de l'usine Ford sont enlevés et torturés dans l'usine même. En 2018, la justice argentine condamne deux anciens cadres de la filiale américaine pour complicité.",Argentine,"-34.45,-58.63",https://en.wikipedia.org/w/index.php?search=Ford%20Motor%20Argentina%20dictatorship%20trial
1976-03-24,coup,documenté,Junte argentine,"Buenos Aires, Argentine","L'armée renverse Isabel Perón. Washington, informé à l'avance, reconnaît vite la junte, qui fait des milliers de disparus.",Argentine,"-34.6,-58.38",https://en.wikipedia.org/w/index.php?search=1976%20Argentine%20coup%20d%27%C3%A9tat
1976-06,info,documenté,Fonds secrets pour les élections italiennes,"Rome, Italie","Fin 1975, l'administration Ford approuve environ 6 millions de dollars pour les partis anticommunistes avant les législatives de juin 1976. La fuite est publiée par la presse américaine en janvier 1976.",Italie,"41.9,12.5",https://en.wikipedia.org/w/index.php?search=CIA%20involvement%20in%20Italian%20elections
1976-06,mort,documenté,Création de la CORU,"Bonao, République dominicaine","Orlando Bosch et d'autres exilés fondent la Coordination des organisations révolutionnaires unies, qui revendique des dizaines d'attentats contre des intérêts cubains. Des archives déclassifiées montrent que la CIA et le FBI en étaient informés.",République dominicaine; Cuba,"18.94,-70.41; 23.11,-82.37",https://en.wikipedia.org/w/index.php?search=Coordination%20of%20United%20Revolutionary%20Organizations
1976-06,sabot,reconnu,Menace de couper les crédits à l'Italie,"San Juan, Porto Rico","Au sommet de Porto Rico, Washington, Londres, Paris et Bonn conviennent de refuser tout prêt à l'Italie si le PCI entre au gouvernement. Helmut Schmidt révèle cet accord.",Italie,"41.9,12.5",https://fr.wikipedia.org/w/index.php?search=Sommet%20du%20G7%201976
1976-06-08,arme,reconnu,Kissinger rassure Pinochet,"Santiago, Chili",Le secrétaire d'État assure en privé à Pinochet de sa sympathie et qualifie ses critiques de droits de l'homme de gêne mineure. Le compte rendu de l'entretien a été déclassifié.,Chili,"-33.45,-70.67",https://en.wikipedia.org/w/index.php?search=Henry%20Kissinger
1976-06-10,crime,reconnu,Feu vert de Kissinger à la junte argentine,"Santiago, Chili","Kissinger dit au ministre argentin Guzzetti que si des choses doivent être faites, il faut les faire vite. Le compte rendu, déclassifié, montre un feu vert à la répression.",Argentine,"-34.6,-58.38",https://en.wikipedia.org/w/index.php?search=Dirty%20War
1976-08,arme,reconnu,Rapport du Sénat sur les armes vendues au chah,"Washington, États-Unis",Un rapport de la commission des Affaires étrangères du Sénat constate que l'Iran est le plus gros acheteur d'armes américaines et dépend de milliers de techniciens américains.,Iran,"35.69,51.39",https://en.wikipedia.org/w/index.php?search=Iran%E2%80%93United%20States%20relations
1976-08-21,arme,reconnu,Opération Paul Bunyan,"Panmunjom, Corée","Après la mort de deux officiers américains à la hache, une force massive appuyée par des bombardiers B-52 abat l'arbre de la zone de sécurité commune, au risque d'une reprise de la guerre.",Corée du Nord,"37.96,126.68",https://en.wikipedia.org/w/index.php?search=Operation%20Paul%20Bunyan
1976-09,mort,reconnu,Démarche contre Condor abandonnée,Cône Sud,"Un avertissement aux régimes de Condor contre les assassinats à l'étranger n'est pas délivré, sur instruction relayée au nom de Kissinger. Orlando Letelier est tué peu après.",Chili; Argentine; Uruguay,"-33.45,-70.65; -34.6,-58.38; -34.9,-56.16",https://en.wikipedia.org/w/index.php?search=Assassination%20of%20Orlando%20Letelier
1976-10-06,crime,allégué,Massacre de l'université Thammasat,"Bangkok, Thaïlande","Police, dont des unités de gardes-frontières formées avec l'aide américaine, et milices tuent des dizaines d'étudiants. Le rôle américain au-delà de cette formation n'est pas établi.",Thaïlande,"13.76,100.49",https://fr.wikipedia.org/w/index.php?search=Massacre%20de%20l%27universit%C3%A9%20Thammasat
1976-10-06,mort,documenté,Attentat contre le vol Cubana 455,Au large de la Barbade,"Deux bombes détruisent un avion cubain : 73 morts. Luis Posada Carriles, ex-agent de la CIA, et Orlando Bosch sont désignés. Des archives montrent que la CIA avait eu vent de projets d'attentat.",Cuba; Barbade,"23.11,-82.37; 13.15,-59.6",https://en.wikipedia.org/w/index.php?search=Cubana%20de%20Aviaci%C3%B3n%20Flight%20455
1976-10-07,crime,reconnu,Kissinger reçoit Guzzetti à New York,"New York, États-Unis","Kissinger redit au ministre argentin des Affaires étrangères souhaiter que la junte réussisse vite. L'ambassadeur Robert Hill proteste : Guzzetti rentre « euphorique », selon son câble déclassifié.",Argentine,"-34.6,-58.38",https://en.wikipedia.org/w/index.php?search=C%C3%A9sar%20Augusto%20Guzzetti
1976-12,espion,reconnu,"Noriega, atout de la CIA","Panama, Panama","Manuel Noriega, chef du renseignement panaméen, est payé par les services américains pendant des années. Le directeur de la CIA George Bush le rencontre en 1976.",Panama,"8.98,-79.52",https://en.wikipedia.org/w/index.php?search=Manuel%20Noriega
1976-12,espion,documenté,Espionnage des négociateurs micronésiens,"Saipan, Micronésie",La presse américaine révèle que la CIA a espionné les délégués du Congrès de Micronésie qui négociaient le futur statut du territoire sous tutelle avec Washington.,Micronésie,"6.92,158.16",https://en.wikipedia.org/w/index.php?search=CIA%20spying%20Congress%20of%20Micronesia%20negotiations%201976
1977,crime,reconnu,Dôme de Runit à Enewetak,"Runit, Îles Marshall","De 1977 à 1980, l'armée enfouit des déchets radioactifs des essais dans un cratère de l'île de Runit, recouvert d'un dôme de béton sans fond étanche.",Îles Marshall (tutelle américaine),"11.55,162.35",https://en.wikipedia.org/w/index.php?search=Runit%20Island
1977,arme,reconnu,Avions OV-10 Bronco pour l'Indonésie,Timor oriental,"Washington livre à l'Indonésie des avions d'attaque OV-10 Bronco, employés contre les zones tenues par la résistance au Timor oriental pendant les campagnes d'encerclement de 1977-1978.",Timor oriental,"-8.56,125.57",https://en.wikipedia.org/w/index.php?search=Indonesian%20occupation%20of%20East%20Timor
1977,arme,reconnu,Aide à Mobutu pendant Shaba I,"Shaba, Zaïre","Face à l'incursion de rebelles katangais, Washington envoie du matériel militaire non létal à Mobutu, soutenu aussi par le Maroc et la France.",Zaïre,"-4.32,15.31; -10.7,25.5",https://fr.wikipedia.org/w/index.php?search=Guerre%20du%20Shaba
1977,arme,reconnu,Vente d'avions AWACS au chah,"Téhéran, Iran","Malgré l'opposition d'une partie du Congrès, Carter fait approuver la vente de 7 avions radar AWACS à l'Iran. La révolution empêche la livraison.",Iran,"35.69,51.39",https://fr.wikipedia.org/w/index.php?search=Boeing%20E-3%20Sentry
1977-07,arme,documenté,Armes promises « en principe » à Siad Barre,"Ogaden, Éthiopie",Washington se dit prêt « en principe » à fournir des armes défensives à la Somalie. Mogadiscio y voit un feu vert au moment où il envahit l'Ogaden éthiopien ; l'offre est retirée peu après.,Éthiopie; Somalie,"9.35,42.8; 2.04,45.34",https://en.wikipedia.org/w/index.php?search=Ogaden%20War%20United%20States
1977-07-05,coup,allégué,Chute de Zulfikar Ali Bhutto,"Islamabad, Pakistan","Le général Zia renverse Bhutto. Celui-ci avait accusé Washington de vouloir sa perte à cause de son programme nucléaire, citant une menace de Kissinger. Aucun rôle américain dans le coup n'est prouvé.",Pakistan,"33.68,73.05",https://fr.wikipedia.org/w/index.php?search=Op%C3%A9ration%20Fair%20Play
1978,crime,reconnu,Bikini évacué de nouveau,"Bikini, Îles Marshall","Des habitants revenus sur Bikini au début des années 1970, sur assurance des autorités, présentent de fortes doses de césium. Ils sont évacués de nouveau en 1978.",Îles Marshall (tutelle américaine),"11.58,165.38",https://en.wikipedia.org/w/index.php?search=Bikini%20Atoll
1978-01-12,info,reconnu,Washington contre les communistes au pouvoir,"Rome, Italie","Le département d'État publie une déclaration hostile à toute participation du PCI au gouvernement italien, en pleine négociation du « compromis historique ».",Italie,"41.9,12.5",https://fr.wikipedia.org/w/index.php?search=Compromis%20historique
1978-03-16,mort,allégué,Affaire Moro : rôle américain allégué,"Rome, Italie","Les Brigades rouges enlèvent puis tuent Aldo Moro. Steve Pieczenik, envoyé du département d'État au comité de crise, a affirmé en 2008 avoir œuvré à ce qu'il ne soit pas sauvé. Ses propos sont contestés.",Italie,"41.9,12.5",https://fr.wikipedia.org/w/index.php?search=Enl%C3%A8vement%20et%20assassinat%20d%27Aldo%20Moro
1978-05,arme,reconnu,Transport des parachutistes à Kolwezi,"Kolwezi, Zaïre","Lors de Shaba II, l'US Air Force transporte les troupes belges et le matériel français engagés pour sauver le régime de Mobutu.",Zaïre,"-10.72,25.47",https://fr.wikipedia.org/w/index.php?search=Bataille%20de%20Kolwezi
1978-07-25,mort,documenté,Affaire du Cerro Maravilla,"Villalba, Porto Rico",Deux jeunes indépendantistes attirés par un agent infiltré sont tués par la police. L'enquête fédérale du FBI les blanchit ; des policiers sont condamnés après une enquête du Sénat portoricain.,Porto Rico,"18.15,-66.55",https://en.wikipedia.org/w/index.php?search=Cerro%20Maravilla%20murders
1978-09,arme,reconnu,Soutien au chah après le « Vendredi noir »,"Téhéran, Iran","Deux jours après que l'armée a tiré sur la foule place Jaleh, Carter téléphone au chah pour lui redire son soutien.",Iran,"35.69,51.39",https://fr.wikipedia.org/w/index.php?search=Vendredi%20noir%20%281978%29
1978-10,mort,reconnu,Condor communique via la zone du canal,"Zone du canal, Panama",L'ambassadeur Robert White rapporte que les services du plan Condor communiquent par une installation américaine de la zone du canal de Panama. Câble déclassifié.,Paraguay; Argentine; Chili; Uruguay; Bolivie; Brésil,"-25.26,-57.58; -34.6,-58.38; -33.45,-70.65; -34.9,-56.16; -16.5,-68.15; -15.79,-47.88",https://fr.wikipedia.org/w/index.php?search=Op%C3%A9ration%20Condor
1979,arme,documenté,Encouragement au soutien chinois à Pol Pot,Cambodge,"Selon la journaliste Elizabeth Becker, Zbigniew Brzezinski lui a dit avoir encouragé la Chine à soutenir Pol Pot contre le Vietnam après 1979.",Cambodge,"11.56,104.92",https://fr.wikipedia.org/w/index.php?search=Zbigniew%20Brzezinski
1979,espion,reconnu,"Adolf Tolkatchev, espion de la CIA","Moscou, URSS","Ingénieur dans l'aéronautique militaire, Tolkatchev livre à la CIA de 1979 à 1985 des secrets sur les radars soviétiques. Trahi, il est arrêté en 1985 et exécuté en 1986.",URSS,"55.75,37.62",https://en.wikipedia.org/w/index.php?search=Adolf%20Tolkachev
1979,sabot,allégué,Moisissure bleue du tabac,Cuba,Une épidémie de moisissure bleue ravage la récolte de tabac cubaine. La Havane accuse les États-Unis de l'avoir introduite. Aucune preuve publique ne l'établit.,Cuba,"23.11,-82.37",https://en.wikipedia.org/w/index.php?search=Blue%20mold%20tobacco%20Cuba%201979
1979,sabot,allégué,Rouille de la canne à sucre,Cuba,Une épidémie de rouille frappe la principale variété de canne cubaine. Cuba y voit une agression biologique américaine. L'accusation n'est pas prouvée.,Cuba,"23.11,-82.37",https://en.wikipedia.org/w/index.php?search=Sugarcane%20rust%20Cuba%201979
1979-01,coup,reconnu,Mission Huyser à Téhéran,"Téhéran, Iran",Carter envoie le général Robert Huyser maintenir l'armée iranienne derrière Chapour Bakhtiar et étudier l'option d'un coup militaire. L'armée se déclare neutre en février.,Iran,"35.69,51.39",https://en.wikipedia.org/w/index.php?search=Robert%20E.%20Huyser
1979-01,crime,allégué,La CIA accusée d'avoir formé des tortionnaires,"Téhéran, Iran","Jesse Leaf, ancien analyste de la CIA sur l'Iran, affirme dans le New York Times que l'agence a enseigné des techniques d'interrogatoire à la SAVAK. La CIA dément.",Iran,"35.69,51.39",https://fr.wikipedia.org/w/index.php?search=SAVAK
1979-06,info,reconnu,Force interaméricaine contre les sandinistes,"Washington, États-Unis",Le secrétaire d'État Cyrus Vance propose à l'OEA une force de paix pour empêcher la victoire sandiniste après le départ de Somoza. L'OEA refuse.,Nicaragua,"12.13,-86.25",https://en.wikipedia.org/w/index.php?search=Nicaraguan%20Revolution
1979-07-03,arme,reconnu,"Opération Cyclone, première directive",Afghanistan,"Carter signe une directive autorisant l'aide secrète aux opposants au régime communiste de Kaboul, six mois avant l'intervention soviétique. Brzezinski l'a confirmé en 1998.",Afghanistan,"34.53,69.17",https://fr.wikipedia.org/w/index.php?search=Op%C3%A9ration%20Cyclone
1979-09,info,reconnu,Soutien au siège des Khmers rouges à l'ONU,"New York, États-Unis","Après l'invasion vietnamienne, Washington vote pour que le Kampuchéa démocratique des Khmers rouges garde le siège du Cambodge à l'ONU, puis la coalition qu'ils dominent, jusqu'en 1991.",Cambodge,"11.56,104.92",https://fr.wikipedia.org/w/index.php?search=Kampuch%C3%A9a%20d%C3%A9mocratique
1979-09-22,info,allégué,Incident Vela minimisé,"Atlantique Sud, Afrique du Sud","Un satellite américain détecte un double flash, probablement un essai nucléaire israélo-sud-africain. Un panel de la Maison Blanche conclut à un faux signal ; des documents déclassifiés montrent des doutes internes.",Afrique du Sud,"-47.0,37.0",https://fr.wikipedia.org/w/index.php?search=Incident%20Vela
1979-10,arme,reconnu,Armes pour la guerre du Sahara occidental,Sahara occidental,Carter approuve la vente d'avions OV-10 et d'hélicoptères au Maroc pour combattre le Polisario. Reagan amplifie l'aide militaire.,Sahara occidental; Maroc,"27.15,-13.2; 34.02,-6.84",https://fr.wikipedia.org/w/index.php?search=Guerre%20du%20Sahara%20occidental
1979-11,espion,documenté,Crypto AG : l'Iran déchiffré,"Téhéran, Iran","La CIA et le BND possèdent en secret Crypto AG, fournisseur suisse de machines de chiffrement. Pendant la crise des otages, Washington lit les communications iraniennes. Révélé en 2020.",Iran,"35.69,51.39",https://fr.wikipedia.org/w/index.php?search=Crypto%20AG
1979-11-12,sabot,reconnu,Arrêt des importations de pétrole iranien,"Washington, États-Unis","Une semaine après la prise d'otages, Carter suspend tous les achats de pétrole iranien.",Iran,"35.69,51.39",https://fr.wikipedia.org/w/index.php?search=Crise%20des%20otages%20am%C3%A9ricains%20en%20Iran
1979-11-14,sabot,reconnu,Gel des avoirs iraniens,"Téhéran, Iran","Après la prise d'otages à l'ambassade, Carter gèle par décret plusieurs milliards de dollars d'avoirs de l'État iranien aux États-Unis.",Iran,"35.69,51.39",https://en.wikipedia.org/w/index.php?search=Iran%20hostage%20crisis
1979-12-12,coup,documenté,Coup de Chun Doo-hwan toléré,"Séoul, Corée du Sud",Chun Doo-hwan déplace des troupes sous commandement combiné sans l'accord américain pour prendre le pouvoir. Des câbles déclassifiés montrent que Washington proteste mais s'accommode vite du fait accompli.,Corée du Sud,"37.57,126.98",https://fr.wikipedia.org/w/index.php?search=Coup%20d%27%C3%89tat%20du%2012%20d%C3%A9cembre%201979
1979-12-29,sabot,reconnu,Libye classée État soutenant le terrorisme,"Tripoli, Libye","La Libye figure sur la première liste américaine des États soutenant le terrorisme, qui restreint l'aide, les exportations d'armes et de biens sensibles. Elle en est retirée en 2006.",Libye,"32.89,13.19",https://en.wikipedia.org/w/index.php?search=State%20Sponsors%20of%20Terrorism%20%28U.S.%20list%29
1979-12-29,sabot,reconnu,Syrie inscrite sur la liste terroriste,"Damas, Syrie","Le département d'État inscrit la Syrie sur la liste des États soutenant le terrorisme, dès sa création. L'inscription entraîne des restrictions commerciales et financières durables.",Syrie,"33.51,36.29",https://en.wikipedia.org/w/index.php?search=State%20Sponsors%20of%20Terrorism
1980,arme,reconnu,Aide massive au régime de Doe,"Monrovia, Libéria","Après le coup d'État sanglant de Samuel Doe, le Libéria devient l'un des premiers bénéficiaires d'aide américaine en Afrique, environ 500 millions de dollars dans la décennie.",Libéria,"6.3,-10.8",https://fr.wikipedia.org/w/index.php?search=Samuel%20Doe
1980,arme,reconnu,Accès aux bases kényanes,"Mombasa, Kenya","Un accord ouvre aux forces américaines le port de Mombasa et des aérodromes kényans pour la Force de déploiement rapide, en échange d'une aide militaire au régime de Daniel arap Moi.",Kenya,"-4.04,39.67",https://en.wikipedia.org/w/index.php?search=Kenya%E2%80%93United%20States%20relations
1980-01,arme,reconnu,Armes aux moudjahidines via le Pakistan,"Peshawar, Pakistan","Après l'invasion soviétique, la CIA fournit des armes létales aux moudjahidines, acheminées par les services pakistanais de l'ISI, avec un financement saoudien à parité.",Afghanistan; Pakistan,"34.53,69.17; 34.01,71.58",https://en.wikipedia.org/w/index.php?search=Operation%20Cyclone
1980-01-04,sabot,reconnu,Embargo céréalier contre l'URSS,"Moscou, URSS","En représailles à l'invasion de l'Afghanistan, Carter suspend l'essentiel des ventes de céréales à l'URSS. Reagan lève l'embargo en 1981.",URSS,"55.75,37.62",https://en.wikipedia.org/w/index.php?search=1980%20United%20States%20grain%20embargo%20against%20the%20Soviet%20Union
1980-01-27,espion,reconnu,Exfiltration des six diplomates,"Téhéran, Iran","La CIA, avec le Canada, fait sortir d'Iran six diplomates américains sous l'identité d'une fausse équipe de cinéma. Le rôle de la CIA est rendu public en 1997.",Iran,"35.69,51.39",https://en.wikipedia.org/w/index.php?search=Canadian%20caper
1980-01-27,sabot,allégué,Effondrement de la Nugan Hand Bank,"Sydney, Australie","La banque de Sydney, qui emploie d'anciens militaires et agents américains et a William Colby pour avocat, s'effondre après la mort de Frank Nugan. Des journalistes, dont Jonathan Kwitny, allèguent des liens avec la CIA ; la commission royale Stewart n'en trouve pas.",Australie,"-33.87,151.2",https://en.wikipedia.org/w/index.php?search=Nugan%20Hand%20Bank
1980-02,arme,reconnu,Lettre de Mgr Romero à Carter,"San Salvador, Salvador","L'archevêque Óscar Romero demande à Jimmy Carter de cesser l'aide militaire à la junte, qui sert à réprimer. Washington maintient son aide.",Salvador,"13.69,-89.19",https://fr.wikipedia.org/w/index.php?search=%C3%93scar%20Romero
1980-03-21,sabot,reconnu,Boycott des JO de Moscou,"Moscou, URSS","Après l'invasion de l'Afghanistan, Carter confirme que les États-Unis ne participeront pas aux Jeux de Moscou et entraîne une soixantaine de pays dans le boycott.",URSS,"55.75,37.62",https://fr.wikipedia.org/w/index.php?search=Boycott%20des%20Jeux%20olympiques%20d%27%C3%A9t%C3%A9%20de%201980
1980-03-24,mort,documenté,Assassinat de Mgr Romero,"San Salvador, Salvador","La commission de la vérité de l'ONU attribue l'ordre à Roberto D'Aubuisson, formé aux États-Unis. Des câbles déclassifiés montrent que Washington connaissait son rôle dès 1981.",Salvador,"13.69,-89.19",https://fr.wikipedia.org/w/index.php?search=Assassinat%20d%27%C3%93scar%20Romero
1980-04-07,sabot,reconnu,Rupture et embargo contre l'Iran,"Washington, États-Unis","Carter rompt les relations diplomatiques et interdit les exportations vers l'Iran, puis les importations le 17 avril.",Iran,"35.69,51.39",https://fr.wikipedia.org/w/index.php?search=Relations%20entre%20les%20%C3%89tats-Unis%20et%20l%27Iran
1980-04-24,arme,reconnu,Opération Eagle Claw,"Tabas, Iran",Raid pour libérer les otages de l'ambassade. L'opération échoue dans le désert : un hélicoptère percute un avion et 8 militaires américains meurent.,Iran,"33.07,55.9",https://fr.wikipedia.org/w/index.php?search=Op%C3%A9ration%20Eagle%20Claw
1980-05,crime,reconnu,Feu vert à la répression de Gwangju,"Gwangju, Corée du Sud",Washington accepte que des troupes sous commandement combiné soient retirées pour réprimer le soulèvement de Gwangju. L'armée de Chun Doo-hwan tue des centaines de civils ; les câbles déclassifiés documentent le rôle américain.,Corée du Sud,"35.16,126.85",https://fr.wikipedia.org/w/index.php?search=Soul%C3%A8vement%20de%20Gwangju
1980-06-27,crime,allégué,Catastrophe d'Ustica,"Mer Tyrrhénienne, Italie","Un DC-9 d'Itavia s'abîme au large d'Ustica : 81 morts. La justice italienne retient la piste d'un missile tiré lors d'un combat aérien impliquant des avions de l'OTAN, dont des appareils américains ou français. Rien n'est établi.",Italie,"38.7,13.17",https://fr.wikipedia.org/w/index.php?search=Catastrophe%20a%C3%A9rienne%20d%27Ustica
1980-07,coup,allégué,Complot de Nojeh,"Hamadan, Iran","Téhéran déjoue un coup d'État d'officiers partisans de Bakhtiar, préparé depuis la base aérienne de Nojeh. L'Iran accuse la CIA, rôle jamais établi.",Iran,"35.21,48.72",https://en.wikipedia.org/w/index.php?search=Nojeh%20coup%20plot
1980-08,arme,reconnu,Accord militaire avec Siad Barre,"Berbera, Somalie","En échange de l'accès à la base de Berbera, Washington fournit une aide militaire au régime de Siad Barre tout au long des années 1980.",Somalie,"10.44,45.01; 2.04,45.34",https://fr.wikipedia.org/w/index.php?search=Siad%20Barre
1980-08-02,crime,allégué,Attentat de la gare de Bologne,"Bologne, Italie","Une bombe tue 85 personnes. Des néofascistes sont condamnés. Des liens avec la loge P2, les services italiens et, selon certains auteurs, les réseaux « stay-behind » liés à la CIA sont allégués, sans preuve d'un rôle américain.",Italie,"44.51,11.34",https://fr.wikipedia.org/w/index.php?search=Attentat%20de%20la%20gare%20de%20Bologne
1980-09,arme,allégué,Feu vert présumé à l'invasion irakienne,"Bagdad, Irak","Selon des notes de voyage d'Alexander Haig en 1981, le prince saoudien Fahd lui aurait dit que Carter avait donné à Saddam Hussein un « feu vert » via l'Arabie saoudite. L'Iran accuse Washington ; les responsables de Carter le nient et aucune preuve directe n'a été publiée.",Iran,"35.69,51.39",https://fr.wikipedia.org/w/index.php?search=Guerre%20Iran-Irak
1980-09-12,coup,allégué,Coup d'État militaire en Turquie,"Ankara, Turquie","L'armée prend le pouvoir. Selon le journaliste Mehmet Ali Birand, Paul Henze, ancien chef de station de la CIA à Ankara alors au Conseil de sécurité nationale, aurait dit « nos gars l'ont fait ». Henze a démenti.",Turquie,"39.93,32.85",https://fr.wikipedia.org/w/index.php?search=Coup%20d%27%C3%89tat%20du%2012%20septembre%201980%20en%20Turquie
1981,sabot,allégué,Épidémie de dengue hémorragique,Cuba,"Une épidémie touche plus de 300 000 personnes et tue environ 150 personnes, dont une majorité d'enfants. Cuba accuse les États-Unis de guerre biologique. Rien ne l'a prouvé.",Cuba,"23.11,-82.37",https://en.wikipedia.org/w/index.php?search=1981%20dengue%20epidemic%20in%20Cuba
1981,espion,reconnu,Écoute sous-marine Ivy Bells découverte,"Mer d'Okhotsk, URSS","Depuis 1971, des sous-marins américains posaient des écoutes sur un câble militaire soviétique. Trahie par Ronald Pelton, l'opération est découverte par les Soviétiques en 1981.",URSS,"52.0,155.0",https://fr.wikipedia.org/w/index.php?search=Op%C3%A9ration%20Ivy%20Bells
1981,arme,documenté,Instructeurs argentins pour les Contras,Honduras,"La CIA s'appuie sur des militaires argentins de la dictature pour former les premiers Contras au Honduras, selon des enquêtes journalistiques et historiques.",Nicaragua,"12.13,-86.25",https://fr.wikipedia.org/w/index.php?search=Contras
1981,coup,documenté,Plan de la CIA contre Kadhafi révélé,"Tripoli, Libye","Newsweek révèle à l'été 1981 un plan de la CIA pour déstabiliser et renverser Kadhafi, mêlant désinformation et action paramilitaire. Des membres de la commission du renseignement de la Chambre protestent auprès de Reagan.",Libye,"32.89,13.19",https://en.wikipedia.org/w/index.php?search=Libya%E2%80%93United%20States%20relations
1981,arme,reconnu,"Aide militaire de 3,2 milliards à Zia","Islamabad, Pakistan","L'administration Reagan accorde au régime militaire du général Zia un programme d'aide de 3,2 milliards de dollars sur six ans, avec des F-16, et fait lever par le Congrès l'amendement Symington lié au nucléaire.",Pakistan,"33.68,73.05",https://en.wikipedia.org/w/index.php?search=Muhammad%20Zia-ul-Haq%20United%20States%20aid%201981
1981,info,reconnu,« Engagement constructif » avec Pretoria,"Pretoria, Afrique du Sud","La politique de Chester Crocker rapproche Washington du régime d'apartheid et lie l'indépendance de la Namibie au départ des Cubains d'Angola. Ses critiques y voient un frein à l'indépendance namibienne, acquise en 1990.",Afrique du Sud; Namibie,"-25.75,28.19; -22.56,17.08",https://en.wikipedia.org/w/index.php?search=Constructive%20engagement
1981,espion,documenté,Opérations PSYOP aux frontières soviétiques,URSS,"Sous Reagan, bombardiers et navires américains multiplient les approches des frontières de l'URSS pour tester ses défenses et l'inquiéter. Un historien de la CIA, Benjamin Fischer, les a documentées.",URSS,"55.75,37.62",https://en.wikipedia.org/w/index.php?search=Able%20Archer%2083
1981-01,arme,reconnu,Aide militaire à l'armée salvadorienne,"San Salvador, Salvador","Washington finance, arme et conseille l'armée salvadorienne pendant la guerre civile, qui fait environ 75 000 morts, surtout civils.",Salvador,"13.69,-89.19",https://en.wikipedia.org/w/index.php?search=Salvadoran%20Civil%20War
1981-02-23,info,reconnu,Livre blanc sur l'ingérence communiste,"San Salvador, Salvador",Le département d'État publie un rapport accusant Cuba et le bloc soviétique d'armer le FMLN. Le Wall Street Journal montre en juin que plusieurs de ses conclusions reposent sur des documents mal interprétés.,Salvador,"13.69,-89.19",https://en.wikipedia.org/w/index.php?search=Salvadoran%20Civil%20War
1981-02-23,coup,allégué,Haig et le 23-F : « affaire intérieure »,"Madrid, Espagne","Pendant la tentative de coup d'État, le secrétaire d'État Alexander Haig qualifie la situation d'« affaire intérieure ». Des soupçons de connaissance préalable n'ont jamais été établis.",Espagne,"40.42,-3.7",https://fr.wikipedia.org/w/index.php?search=Tentative%20de%20coup%20d%27%C3%89tat%20du%2023%20f%C3%A9vrier%201981%20en%20Espagne
1981-03,arme,reconnu,Création du bataillon Atlacatl,"San Salvador, Salvador",Des forces spéciales américaines forment le bataillon d'intervention rapide Atlacatl. Il commet ensuite plusieurs des pires massacres de la guerre.,Salvador,"13.69,-89.19",https://en.wikipedia.org/w/index.php?search=Atlacatl%20Battalion
1981-03,espion,allégué,Diplomates américains expulsés de Maputo,"Maputo, Mozambique",Le Mozambique expulse des diplomates américains accusés d'espionnage pour la CIA et de liens avec le raid sud-africain de Matola. Washington dément et suspend son aide.,Mozambique,"-25.97,32.58",https://en.wikipedia.org/w/index.php?search=Mozambique%E2%80%93United%20States%20relations
1981-03,arme,reconnu,Conseillers militaires américains,"San Salvador, Salvador","Reagan envoie des conseillers militaires, officiellement limités à 55, pour former et encadrer l'armée salvadorienne. Certains sont vus en zone de combat.",Salvador,"13.69,-89.19",https://en.wikipedia.org/w/index.php?search=Salvadoran%20Civil%20War
1981-03,info,reconnu,Haig et les religieuses « au barrage »,"San Salvador, Salvador",Le secrétaire d'État Alexander Haig suggère que les quatre religieuses américaines tuées par la Garde nationale ont pu forcer un barrage. Des gardes sont condamnés en 1984.,Salvador,"13.69,-89.19",https://en.wikipedia.org/w/index.php?search=1980%20murders%20of%20U.S.%20missionaries%20in%20El%20Salvador
1981-04,sabot,reconnu,Suspension de l'aide au Nicaragua,"Managua, Nicaragua","L'administration Reagan suspend l'aide économique au gouvernement sandiniste, y compris des crédits pour l'achat de blé.",Nicaragua,"12.13,-86.25",https://en.wikipedia.org/w/index.php?search=Nicaragua%E2%80%93United%20States%20relations
1981-04-27,coup,allégué,Opération Red Dog,"Roseau, Dominique","Des suprémacistes américains et canadiens, dont Don Black, préparent un coup pour réinstaller Patrick John. Arrêtés à La Nouvelle-Orléans par les agents fédéraux, ils affirment avoir cru à un feu vert tacite de Washington.",Dominique,"15.3,-61.39",https://en.wikipedia.org/w/index.php?search=Operation%20Red%20Dog
1981-04-30,info,reconnu,Veto aux sanctions pour la Namibie,"New York, ONU","Les États-Unis, avec le Royaume-Uni et la France, opposent leur veto à quatre résolutions qui prévoyaient des sanctions contre l'Afrique du Sud pour son occupation illégale de la Namibie.",Namibie,"-22.56,17.08",https://en.wikipedia.org/w/index.php?search=South%20West%20Africa%20Security%20Council%20veto%201981
1981-05-24,mort,allégué,Mort du président Jaime Roldós,"Huairapungo, Équateur",Le président meurt dans un accident d'avion. John Perkins et des proches accusent la CIA ; les enquêtes officielles concluent à un accident. Aucune preuve publique d'un rôle américain.,Équateur,"-4.27,-79.33",https://fr.wikipedia.org/w/index.php?search=Jaime%20Rold%C3%B3s%20Aguilera
1981-06,arme,reconnu,Camions militaires vendus au Guatemala,"Guatemala, Guatemala",L'administration Reagan vend des camions et des jeeps militaires à l'armée guatémaltèque en les retirant de la liste des biens soumis aux restrictions liées aux droits de l'homme.,Guatemala,"14.63,-90.51",https://en.wikipedia.org/w/index.php?search=Guatemalan%20genocide
1981-06-23,info,reconnu,Washington inquiet des ministres communistes,"Paris, France",Le département d'État dit sa « préoccupation » après l'entrée de quatre ministres communistes dans le gouvernement Mauroy. Paris dénonce une ingérence.,France,"48.86,2.35",https://fr.wikipedia.org/w/index.php?search=Gouvernement%20Pierre%20Mauroy%20%282%29
1981-07,sabot,documenté,Plan de déstabilisation de la Grenade,"Saint-Georges, Grenade","La CIA propose une opération de déstabilisation économique du gouvernement de Maurice Bishop. La commission du renseignement du Sénat s'y oppose, selon le Washington Post.",Grenade,"12.06,-61.75",https://fr.wikipedia.org/w/index.php?search=Maurice%20Bishop
1981-08,arme,reconnu,Manœuvres Ocean Venture 81,Porto Rico,"Lors de ces grandes manœuvres, l'US Navy simule l'invasion d'une île fictive « Amber et les Amberdines », que le gouvernement grenadien interprète comme une répétition contre la Grenade.",Porto Rico; Grenade,"18.12,-65.44; 12.06,-61.75",https://en.wikipedia.org/w/index.php?search=Ocean%20Venture%2081
1981-08-19,arme,reconnu,Incident du golfe de Syrte,"Golfe de Syrte, Libye","Lors de manœuvres dans les eaux revendiquées par la Libye, deux F-14 abattent deux Su-22 libyens.",Libye,"31.8,18.5",https://fr.wikipedia.org/w/index.php?search=Incident%20du%20golfe%20de%20Syrte%20%281981%29
1981-08-31,info,reconnu,Veto protégeant l'invasion sud-africaine,Sud de l'Angola,"Washington est seul à bloquer au Conseil de sécurité une résolution condamnant l'opération Protea, incursion de l'armée sud-africaine dans la province angolaise du Cunene.",Angola,"-17.07,15.73",https://en.wikipedia.org/w/index.php?search=Operation%20Protea
1981-11,espion,reconnu,Exfiltration du colonel Kukliński,"Varsovie, Pologne","Officier de l'état-major polonais, Ryszard Kukliński livre à la CIA des milliers de documents du pacte de Varsovie depuis 1972. La CIA l'exfiltre peu avant la loi martiale.",Pologne,"52.23,21.01",https://fr.wikipedia.org/w/index.php?search=Ryszard%20Kukli%C5%84ski
1981-12,info,documenté,Affaire des « tueurs libyens »,"Tripoli, Libye","Washington affirme que des commandos libyens ont été envoyés pour tuer Reagan et demande aux Américains de quitter la Libye. Aucun commando n'est trouvé ; la presse attribue ensuite l'information à un informateur peu fiable, Manucher Ghorbanifar.",Libye,"32.89,13.19",https://en.wikipedia.org/w/index.php?search=Libyan%20hit%20squad%201981%20Reagan
1981-12-01,arme,reconnu,Les Contras au Nicaragua,Nicaragua,Reagan signe un « finding » présidentiel qui autorise la CIA à armer les Contras contre le gouvernement sandiniste. La guerre fait des dizaines de milliers de morts.,Nicaragua,"12.13,-86.25",https://en.wikipedia.org/w/index.php?search=Contras
1981-12-11,crime,reconnu,Massacre d'El Mozote,"El Mozote, Salvador","Le bataillon Atlacatl tue près d'un millier de civils, dont de nombreux enfants. La Commission de la vérité de l'ONU l'établit. Washington avait nié les faits.",Salvador,"13.9,-88.11",https://en.wikipedia.org/w/index.php?search=El%20Mozote%20massacre
1981-12-29,sabot,reconnu,Sanctions après l'état de guerre en Pologne,"Moscou, URSS","Reagan suspend les vols d'Aeroflot, ferme la commission d'achat soviétique et gèle des exportations de technologies pétrolières, jugeant Moscou responsable de la répression de Solidarność.",URSS,"55.75,37.62",https://fr.wikipedia.org/w/index.php?search=Loi%20martiale%20en%20Pologne
1982,crime,reconnu,Bataillon 316,"Tegucigalpa, Honduras","Une unité militaire hondurienne formée par la CIA et l'armée américaine enlève, torture et tue des opposants. Un rapport de l'inspecteur général de la CIA reconnaît les liens en 1997.",Honduras,"14.07,-87.21",https://en.wikipedia.org/w/index.php?search=Battalion%203-16
1982,info,reconnu,Programme QRHELPFUL pour Solidarność,"Varsovie, Pologne","La CIA finance clandestinement le syndicat interdit : imprimeries, radios, matériel de communication, publications. Le programme dure jusqu'à la fin des années 1980.",Pologne,"52.23,21.01",https://en.wikipedia.org/w/index.php?search=QRHELPFUL
1982,sabot,documenté,Dossier Farewell : technologies piégées,"Moscou, URSS","Grâce à la liste d'achats du KGB livrée par Vladimir Vetrov à la DST, la CIA fait passer à l'URSS des puces, logiciels et plans volontairement défectueux. Gus Weiss l'a décrit dans une revue de la CIA en 1996.",URSS,"55.75,37.62",https://fr.wikipedia.org/w/index.php?search=Affaire%20Farewell
1982,cyber,allégué,Explosion alléguée du gazoduc sibérien,"Sibérie, URSS","Selon les mémoires de Thomas Reed (2004), un logiciel piégé par la CIA aurait provoqué une énorme explosion sur un gazoduc sibérien. Aucune source soviétique ne la confirme et le récit est contesté.",URSS,"61.0,73.0",https://en.wikipedia.org/w/index.php?search=Siberian%20pipeline%20sabotage
1982,crime,documenté,Soutien à la DDS de Habré,"N'Djamena, Tchad","Des documents exhumés par Human Rights Watch montrent que Washington a formé et équipé la police politique de Habré, accusée de dizaines de milliers de morts sous la torture.",Tchad,"12.13,15.04",https://fr.wikipedia.org/w/index.php?search=Direction%20de%20la%20Documentation%20et%20de%20la%20S%C3%A9curit%C3%A9
1982,sabot,reconnu,Abattage des cochons créoles,Haïti,"Après la peste porcine africaine, un programme financé surtout par l'USAID fait abattre tous les porcs haïtiens. Les paysans perdent leur principale épargne ; les porcs de remplacement sont mal adaptés.",Haïti,"18.54,-72.34",https://en.wikipedia.org/w/index.php?search=Eradication%20of%20the%20Haitian%20pig
1982,info,documenté,Rapports de l'ambassade expurgés,"Tegucigalpa, Honduras","Sous l'ambassadeur John Negroponte, les rapports annuels sur les droits humains au Honduras minimisent les disparitions, selon l'enquête du Baltimore Sun de 1995.",Honduras,"14.07,-87.21",https://en.wikipedia.org/w/index.php?search=John%20Negroponte
1982-01-20,info,reconnu,Veto sur l'annexion du Golan,"Conseil de sécurité, New York","Washington bloque un projet prévoyant des mesures contre Israël, qui venait d'annexer le plateau du Golan syrien en décembre 1981.",Syrie,"33.0,35.8",https://en.wikipedia.org/w/index.php?search=List%20of%20vetoed%20United%20Nations%20Security%20Council%20resolutions
1982-01-28,info,reconnu,Certification des droits humains au Salvador,"San Salvador, Salvador","Reagan certifie au Congrès que le Salvador progresse en matière de droits humains, six semaines après le massacre d'El Mozote, pour maintenir l'aide militaire.",Salvador,"13.69,-89.19",https://en.wikipedia.org/w/index.php?search=El%20Mozote%20massacre
1982-02,info,reconnu,El Mozote nié devant le Congrès,"El Mozote, Salvador","Les responsables du département d'État Thomas Enders et Elliott Abrams contestent devant le Congrès les récits de presse sur le massacre d'El Mozote, confirmé en 1993 par la Commission de la vérité.",Salvador,"13.9,-88.11",https://en.wikipedia.org/w/index.php?search=El%20Mozote%20massacre
1982-02,arme,reconnu,Irak retiré de la liste des États terroristes,"Bagdad, Irak","L'administration Reagan retire l'Irak de la liste des États soutenant le terrorisme, ce qui ouvre la voie aux crédits et aux exportations américaines en pleine guerre contre l'Iran.",Irak,"33.31,44.37",https://en.wikipedia.org/w/index.php?search=State%20Sponsors%20of%20Terrorism
1982-03-01,sabot,reconnu,Cuba inscrite sur la liste des États terroristes,"Washington, États-Unis","Le département d'État ajoute Cuba à la liste des États soutenant le terrorisme, pour son appui à des guérillas latino-américaines. Cuba y reste jusqu'en 2015.",Cuba,"23.11,-82.37",https://en.wikipedia.org/w/index.php?search=State%20Sponsors%20of%20Terrorism%20Cuba%201982
1982-03-10,sabot,reconnu,Embargo sur le pétrole libyen,"Tripoli, Libye",Reagan interdit l'importation de pétrole brut libyen et soumet à licence l'exportation de technologies américaines vers la Libye.,Libye,"32.89,13.19",https://en.wikipedia.org/w/index.php?search=Sanctions%20against%20Libya
1982-03-14,sabot,documenté,Destruction des ponts du Río Negro et d'Ocotal,"Chinandega, Nicaragua",Des Contras formés par la CIA font sauter deux ponts dans le nord du pays. C'est la première grande attaque de la guerre.,Nicaragua,"13.63,-86.47",https://en.wikipedia.org/w/index.php?search=Contras
1982-04,sabot,reconnu,Reagan rétablit l'interdiction de voyager,"Washington, États-Unis",L'administration Reagan interdit de nouveau la plupart des voyages touristiques et d'affaires vers Cuba. La Cour suprême valide la mesure en 1984.,Cuba,"23.11,-82.37",https://en.wikipedia.org/w/index.php?search=Regan%20v.%20Wald
1982-04,arme,reconnu,Missiles Sidewinder pour la Royal Navy,Île de l'Ascension,Le Pentagone de Caspar Weinberger livre des missiles air-air AIM-9L décisifs pour les Harrier britanniques. Weinberger est anobli par Londres en 1988.,Îles Malouines,"-51.7,-59.5",https://fr.wikipedia.org/w/index.php?search=Caspar%20Weinberger
1982-04-20,info,reconnu,Veto après la fusillade d'al-Aqsa,"Conseil de sécurité, New York","Les États-Unis sont seuls à voter contre un projet condamnant l'attaque d'un soldat israélien sur l'esplanade des Mosquées, qui a tué deux Palestiniens le 11 avril.",Palestine,"31.78,35.24",https://en.wikipedia.org/w/index.php?search=List%20of%20vetoed%20United%20Nations%20Security%20Council%20resolutions
1982-04-30,arme,reconnu,Washington choisit Londres aux Malouines,"Washington, États-Unis","Après l'échec de la médiation Haig, les États-Unis soutiennent le Royaume-Uni, suspendent les ventes d'armes à l'Argentine et fournissent carburant, bases et renseignements.",Îles Malouines; Argentine,"-51.7,-59.5; -34.6,-58.38",https://fr.wikipedia.org/w/index.php?search=Guerre%20des%20Malouines
1982-05,arme,allégué,Feu vert allégué à l'invasion du Liban,"Beyrouth, Liban",Ariel Sharon présente ses plans au secrétaire d'État Alexander Haig. Des historiens et diplomates accusent Haig d'avoir donné un feu vert ; il a nié.,Liban,"33.89,35.5",https://fr.wikipedia.org/w/index.php?search=Guerre%20du%20Liban%20de%201982
1982-06,sabot,reconnu,Sanctions contre le gazoduc euro-sibérien,"Moscou, URSS","Reagan étend les sanctions aux filiales et licenciés européens d'entreprises américaines pour bloquer le gazoduc Ourengoï-Europe. Les alliés européens protestent, les sanctions sont levées en novembre 1982.",URSS; France; RFA,"55.75,37.62; 48.86,2.35; 52.52,13.4",https://en.wikipedia.org/w/index.php?search=Urengoy%E2%80%93Pomary%E2%80%93Uzhhorod%20pipeline
1982-06,arme,documenté,Décision d'empêcher la défaite de l'Irak,"Bagdad, Irak","Selon une déclaration sous serment d'Howard Teicher, ancien du Conseil de sécurité nationale, Reagan décide d'éviter la défaite irakienne. La CIA aide l'Irak à obtenir des armes, dont des bombes à sous-munitions.",Irak,"33.31,44.37",https://en.wikipedia.org/w/index.php?search=United%20States%20support%20for%20Iraq%20during%20the%20Iran%E2%80%93Iraq%20War
1982-06-07,coup,documenté,Habré prend N'Djamena,"N'Djamena, Tchad","Les forces d'Hissène Habré, armées et financées par la CIA pour contrer Kadhafi, prennent la capitale et renversent Goukouni Oueddei.",Tchad,"12.13,15.04",https://fr.wikipedia.org/w/index.php?search=Hiss%C3%A8ne%20Habr%C3%A9
1982-06-08,info,reconnu,Veto sur le retrait israélien du Liban,"Conseil de sécurité, New York","Deux jours après l'invasion du Liban, les États-Unis sont seuls à voter contre un projet espagnol exigeant l'arrêt des combats et le retrait israélien sous peine de mesures.",Liban,"33.89,35.5",https://en.wikipedia.org/w/index.php?search=List%20of%20vetoed%20United%20Nations%20Security%20Council%20resolutions
1982-06-26,info,reconnu,Veto pendant le siège de Beyrouth,"Conseil de sécurité, New York",Les États-Unis bloquent un projet français demandant le désengagement des forces à Beyrouth et le retrait israélien de la périphérie de la ville.,Liban,"33.89,35.5",https://en.wikipedia.org/w/index.php?search=List%20of%20vetoed%20United%20Nations%20Security%20Council%20resolutions
1982-07,crime,reconnu,Bombes à sous-munitions sur Beyrouth,"Beyrouth, Liban","Israël utilise des bombes à sous-munitions américaines contre des zones habitées. Reagan suspend leurs livraisons en juillet, le département d'État jugeant probable une violation des accords de vente.",Liban,"33.89,35.5",https://fr.wikipedia.org/w/index.php?search=Guerre%20du%20Liban%20de%201982
1982-08-22,crime,reconnu,Massacre d'El Calabozo,"San Vicente, Salvador","Le bataillon Atlacatl, formé par les États-Unis, tue environ 200 civils. La Commission de la vérité de l'ONU l'établit.",Salvador,"13.64,-88.78",https://en.wikipedia.org/w/index.php?search=El%20Calabozo%20massacre
1982-10,espion,allégué,Sous-marins dans l'archipel de Stockholm,"Hårsfjärden, Suède","La Suède traque des sous-marins dans sa base navale et accuse l'URSS. Des chercheurs et d'anciens responsables, dont Caspar Weinberger, ont évoqué des sondages occidentaux. Rien n'est établi.",Suède,"59.02,18.13",https://fr.wikipedia.org/w/index.php?search=Incident%20de%20H%C3%A5rsfj%C3%A4rden
1982-12,coup,documenté,Projet contre Bouterse au Suriname,"Paramaribo, Suriname","Reagan autorise un plan de la CIA pour renverser Desi Bouterse. Les commissions du Congrès s'y opposent et il est abandonné, selon la presse américaine.",Suriname,"5.85,-55.2",https://en.wikipedia.org/w/index.php?search=D%C3%A9si%20Bouterse
1982-12-04,arme,reconnu,Reagan défend Ríos Montt,Honduras et Guatemala,"Le président Reagan déclare que Ríos Montt est « injustement accusé » (a bum rap), en pleine campagne de massacres dans les villages mayas. Washington reprend ensuite des ventes militaires.",Guatemala,"15.4,-91.15",https://en.wikipedia.org/w/index.php?search=Efra%C3%ADn%20R%C3%ADos%20Montt
1983,crime,reconnu,La CIA informée des massacres mayas,Guatemala,"Des câbles de la CIA et du département d'État, déclassifiés, décrivent la destruction de villages par l'armée. L'administration affirme pourtant au Congrès que les droits humains progressent.",Guatemala,"15.4,-91.15",https://en.wikipedia.org/w/index.php?search=Guatemalan%20genocide
1983,crime,reconnu,Manuel d'interrogatoire de la CIA,Honduras,"La CIA forme des militaires honduriens avec son « Human Resource Exploitation Training Manual », inspiré du manuel KUBARK de 1963. Il décrit des méthodes coercitives.",Honduras,"14.07,-87.21",https://en.wikipedia.org/w/index.php?search=KUBARK
1983,info,reconnu,Office of Public Diplomacy,Nicaragua,Un bureau du département d'État mène une campagne de propagande pro-Contras. Le GAO la juge en 1987 contraire à la loi.,Nicaragua,"12.13,-86.25",https://en.wikipedia.org/w/index.php?search=Office%20of%20Public%20Diplomacy
1983,mort,documenté,Liste du Toudeh livrée à Téhéran,"Téhéran, Iran","Selon plusieurs enquêtes, la CIA transmet au régime iranien des noms de membres du parti communiste Toudeh fournis par un transfuge du KGB. Des arrestations et des exécutions suivent.",Iran,"35.69,51.39",https://en.wikipedia.org/w/index.php?search=Tudeh%20Party%20of%20Iran
1983,arme,reconnu,Crédits agricoles garantis pour Bagdad,"Bagdad, Irak",Le programme de la Commodity Credit Corporation garantit des crédits à l'Irak pour acheter des produits agricoles américains. Ils atteignent environ un milliard de dollars par an à la fin de la décennie et libèrent des devises pour l'effort de guerre.,Irak,"33.31,44.37",https://en.wikipedia.org/w/index.php?search=Iraqgate
1983,sabot,reconnu,Opération Staunch,"Washington, États-Unis","Le département d'État lance une campagne pour empêcher tout pays de vendre des armes à l'Iran, alors en guerre contre l'Irak.",Iran,"35.69,51.39",https://en.wikipedia.org/w/index.php?search=Operation%20Staunch
1983,arme,reconnu,Aide militaire d'urgence à Habré,"N'Djamena, Tchad","Face à l'offensive des rebelles du GUNT appuyés par la Libye, Reagan accorde une aide militaire d'urgence au régime d'Hissène Habré, dont la police politique torture les opposants.",Tchad,"12.13,15.04",https://en.wikipedia.org/w/index.php?search=Chadian%E2%80%93Libyan%20conflict%201983%20United%20States
1983,arme,documenté,Base d'El Aguacate,"El Aguacate, Honduras","Construite avec l'armée américaine, la base sert à la logistique des Contras. Des restes humains y sont exhumés en 2001 ; elle est accusée d'avoir servi de centre de détention.",Honduras,"14.82,-86.3",https://fr.wikipedia.org/w/index.php?search=El%20Aguacate%20Honduras
1983,info,reconnu,Légion du mérite pour Álvarez Martínez,"Tegucigalpa, Honduras","L'administration Reagan décore le général Gustavo Álvarez Martínez, chef des forces armées sous lequel le bataillon 316 fait disparaître des opposants.",Honduras,"14.07,-87.21",https://en.wikipedia.org/w/index.php?search=Gustavo%20%C3%81lvarez%20Mart%C3%ADnez
1983-01,arme,reconnu,Levée partielle de l'embargo militaire,"Guatemala, Guatemala","Reagan autorise la vente de pièces détachées d'hélicoptères à l'armée guatémaltèque, malgré les massacres dans les hauts plateaux mayas.",Guatemala,"14.63,-90.51",https://en.wikipedia.org/w/index.php?search=Efra%C3%ADn%20R%C3%ADos%20Montt
1983-02,arme,reconnu,Manœuvres Big Pine au Honduras,Honduras,"Les forces américaines mènent au Honduras des manœuvres militaires répétées près de la frontière nicaraguayenne, qui servent à intimider Managua et à préparer des installations.",Nicaragua,"12.13,-86.25",https://en.wikipedia.org/w/index.php?search=Big%20Pine
1983-02,coup,documenté,Plébiscites répétés sur le Compact de Palau,"Koror, Palaos","La Constitution de 1979 interdit les armes nucléaires à Palau. Le Compact américain exige de la contourner ; une série de plébiscites échouent à la majorité de 75 % avant son adoption en 1993, seuil abaissé.",Palaos,"7.34,134.48",https://en.wikipedia.org/w/index.php?search=Compact%20of%20Free%20Association%20Palau%20plebiscites
1983-03-23,info,reconnu,Reagan et l'aéroport de Point Salines,"Point Salines, Grenade","Dans un discours télévisé, Reagan montre des photos aériennes de l'aéroport en construction et le présente comme une base militaire soviéto-cubaine. L'aéroport ouvre en 1984 pour le tourisme.",Grenade,"12.0,-61.79",https://fr.wikipedia.org/w/index.php?search=A%C3%A9roport%20international%20Maurice-Bishop
1983-06,arme,reconnu,Centre d'entraînement de Puerto Castilla,"Puerto Castilla, Honduras",Des Bérets verts ouvrent au Honduras un centre régional d'entraînement militaire pour former des soldats salvadoriens et honduriens. Il ferme en 1985.,Honduras,"15.99,-86.02",https://en.wikipedia.org/w/index.php?search=Regional%20Military%20Training%20Center%20Honduras
1983-09,sabot,reconnu,Sabotage de l'oléoduc de Puerto Sandino,"Puerto Sandino, Nicaragua",Des commandos de la CIA sabotent l'oléoduc sous-marin de Puerto Sandino. Les Contras revendiquent l'attaque.,Nicaragua,"12.18,-86.77",https://en.wikipedia.org/w/index.php?search=Contras
1983-09,mort,allégué,Disparition du père James Carney,Honduras,Le prêtre jésuite américain accompagne une colonne rebelle et disparaît. Sa famille accuse l'armée hondurienne et reproche à la CIA et au département d'État d'avoir caché ce qu'ils savaient.,Honduras,"14.07,-87.21",https://en.wikipedia.org/w/index.php?search=James%20Carney
1983-09-01,espion,allégué,Vol KAL 007 : mission d'espionnage alléguée,"Sakhaline, URSS",Moscou justifie la destruction du Boeing coréen (269 morts) en l'accusant d'espionnage coordonné avec un RC-135 américain. Aucune preuve n'a étayé cette thèse.,URSS,"46.6,141.3",https://fr.wikipedia.org/w/index.php?search=Vol%20007%20Korean%20Air%20Lines
1983-09-08,arme,documenté,Attaque de l'aéroport de Managua,"Managua, Nicaragua","Des avions de la Contra ARDE, fournis par la CIA, bombardent l'aéroport de Managua. L'un s'écrase près du terminal.",Nicaragua,"12.13,-86.25",https://en.wikipedia.org/w/index.php?search=Contras
1983-09-19,arme,reconnu,Tirs navals sur Souk el-Gharb,"Souk el-Gharb, Liban","Des navires américains bombardent les milices druzes pour soutenir l'armée libanaise, faisant de la force multinationale une partie au conflit.",Liban,"33.8,35.58",https://fr.wikipedia.org/w/index.php?search=Force%20multinationale%20de%20s%C3%A9curit%C3%A9%20%C3%A0%20Beyrouth
1983-10,sabot,reconnu,Attaque des dépôts de Corinto,"Corinto, Nicaragua",Des commandos dirigés par la CIA incendient des réservoirs de carburant à Corinto. Des milliers d'habitants sont évacués.,Nicaragua,"12.48,-87.17",https://en.wikipedia.org/w/index.php?search=Nicaragua%20v.%20United%20States
1983-10-21,info,documenté,Demande d'intervention de l'OECO,"Saint-Georges, Grenade","L'Organisation des États de la Caraïbe orientale demande une intervention, ce qui sert de base juridique. Plusieurs historiens établissent que Washington a sollicité et aidé à rédiger la demande.",Grenade; Dominique,"12.06,-61.75; 15.3,-61.39",https://fr.wikipedia.org/w/index.php?search=Invasion%20de%20la%20Grenade
1983-10-25,arme,reconnu,Invasion de la Grenade,"Saint-Georges, Grenade",Environ 7 000 soldats américains envahissent l'île après l'assassinat de Maurice Bishop. L'Assemblée générale de l'ONU condamne l'intervention.,Grenade,"12.06,-61.75",https://en.wikipedia.org/w/index.php?search=United%20States%20invasion%20of%20Grenada
1983-10-25,crime,reconnu,Bombardement de l'hôpital psychiatrique,"Saint-Georges, Grenade",Un avion américain bombarde par erreur l'hôpital psychiatrique de Richmond Hill et tue environ 18 patients. Le Pentagone reconnaît la frappe.,Grenade,"12.06,-61.75",https://en.wikipedia.org/w/index.php?search=United%20States%20invasion%20of%20Grenada
1983-10-25,info,documenté,"Les étudiants en médecine, prétexte","Saint-Georges, Grenade",Washington justifie l'invasion par la menace pesant sur les étudiants américains de l'université de St. George's. Les dirigeants de l'école avaient indiqué qu'ils n'étaient pas en danger.,Grenade,"12.06,-61.75",https://fr.wikipedia.org/w/index.php?search=Invasion%20de%20la%20Grenade
1983-10-25,info,reconnu,Presse tenue à l'écart de l'invasion,"Saint-Georges, Grenade",Le Pentagone interdit aux journalistes l'accès à l'île pendant les deux premiers jours. Les reporters qui tentent d'y aller en bateau sont interceptés.,Grenade,"12.06,-61.75",https://en.wikipedia.org/w/index.php?search=Invasion%20of%20Grenada
1983-10-28,info,reconnu,Veto sur la condamnation de l'invasion,"Saint-Georges, Grenade",Les États-Unis opposent leur veto à une résolution du Conseil de sécurité déplorant l'invasion. L'Assemblée générale la condamne le 2 novembre à une large majorité.,Grenade,"12.06,-61.75",https://fr.wikipedia.org/w/index.php?search=Invasion%20de%20la%20Grenade
1983-11-01,crime,reconnu,Washington informé du gaz « presque quotidien »,"Bagdad, Irak",Une note au secrétaire d'État George Shultz signale l'usage « presque quotidien » d'armes chimiques par l'Irak contre l'Iran. Rumsfeld est envoyé à Bagdad le mois suivant sans en faire un préalable.,Irak,"33.31,44.37",https://en.wikipedia.org/w/index.php?search=United%20States%20support%20for%20Iraq%20during%20the%20Iran%E2%80%93Iraq%20war
1983-12-04,arme,reconnu,Raid aérien sur les positions syriennes,"Montagne libanaise, Liban","Des avions de l'US Navy frappent les défenses syriennes au Liban. Deux appareils sont abattus : un pilote meurt, un autre est capturé.",Liban; Syrie,"33.85,35.75; 33.51,36.29",https://en.wikipedia.org/w/index.php?search=Multinational%20Force%20in%20Lebanon
1983-12-20,arme,reconnu,Rumsfeld envoyé auprès de Saddam Hussein,"Bagdad, Irak","Envoyé spécial de Reagan, Donald Rumsfeld rencontre Saddam Hussein alors que l'Irak utilise déjà des armes chimiques contre l'Iran. Les relations diplomatiques reprennent en 1984.",Irak,"33.31,44.37",https://fr.wikipedia.org/w/index.php?search=Relations%20entre%20les%20%C3%89tats-Unis%20et%20l%27Irak
1984,info,reconnu,Manuels scolaires du djihad,"Peshawar, Pakistan","L'USAID finance l'université du Nebraska à Omaha pour produire des manuels pour les écoles afghanes des camps de réfugiés, remplis d'images de guerre et d'appels au djihad.",Pakistan; Afghanistan,"34.01,71.58; 34.53,69.17",https://en.wikipedia.org/w/index.php?search=University%20of%20Nebraska%20Omaha%20Afghanistan%20textbooks
1984,info,reconnu,La NED finance Solidarność,"Varsovie, Pologne","La National Endowment for Democracy, financée par le Congrès, verse des fonds à Solidarność, notamment via le syndicat AFL-CIO, jusqu'aux élections de 1989.",Pologne,"52.23,21.01",https://fr.wikipedia.org/w/index.php?search=National%20Endowment%20for%20Democracy
1984,info,documenté,Corans et propagande en Asie centrale soviétique,"Ouzbékistan, URSS","La CIA finance la diffusion de Corans en ouzbek et de propagande en Asie centrale soviétique, relayée par les services pakistanais depuis l'Afghanistan. L'épisode est décrit par Steve Coll.",URSS (Ouzbékistan),"41.3,69.24",https://en.wikipedia.org/w/index.php?search=Ghost%20Wars
1984,info,reconnu,Manuel du combattant de la liberté,Nicaragua,"La CIA diffuse au Nicaragua une bande dessinée qui enseigne des actes de sabotage : crever des pneus, boucher des toilettes, couper des lignes électriques.",Nicaragua,"12.13,-86.25",https://en.wikipedia.org/w/index.php?search=Freedom%20Fighter%27s%20Manual
1984,arme,reconnu,Financement saoudien des Contras,"Washington, États-Unis","Après l'épuisement des fonds votés, Robert McFarlane obtient de l'Arabie saoudite un million de dollars par mois pour les Contras, selon l'enquête du Congrès sur l'Iran-Contra.",Nicaragua,"12.13,-86.25",https://en.wikipedia.org/w/index.php?search=Iran%E2%80%93Contra%20affair
1984,arme,reconnu,Force opérationnelle Bravo à Palmerola,"Comayagua, Honduras","Les États-Unis installent la Joint Task Force-Bravo sur la base de Palmerola, rebaptisée Soto Cano. Elle soutient les opérations régionales contre le Nicaragua et le FMLN.",Honduras,"14.38,-87.62",https://en.wikipedia.org/w/index.php?search=Soto%20Cano%20Air%20Base
1984,arme,documenté,Guerre aérienne avec des avions américains,Salvador,"Avec des A-37 et des hélicoptères fournis par Washington, l'armée bombarde les zones tenues par le FMLN. Americas Watch documente des victimes civiles.",Salvador,"13.69,-89.19",https://en.wikipedia.org/w/index.php?search=Salvadoran%20Civil%20War
1984,espion,reconnu,Vols de reconnaissance au-dessus du Salvador,Salvador,"Des avions américains basés au Honduras et au Panama survolent le Salvador et transmettent leurs renseignements à l'armée pour guider ses opérations, ce que le Pentagone reconnaît.",Salvador,"13.69,-89.19",https://en.wikipedia.org/w/index.php?search=Salvadoran%20Civil%20War
1984-01,arme,reconnu,Ports nicaraguayens minés,"Corinto, Nicaragua","La CIA mine les ports de Corinto, Puerto Sandino et El Bluff. Plusieurs navires étrangers sont endommagés.",Nicaragua,"12.48,-87.17",https://en.wikipedia.org/w/index.php?search=Nicaragua%20v.%20United%20States
1984-01,sabot,reconnu,L'Iran inscrit sur la liste des États terroristes,"Washington, États-Unis","Washington désigne l'Iran comme État soutenant le terrorisme, ce qui interdit ventes d'armes et aide, et impose de s'opposer à ses prêts internationaux.",Iran,"35.69,51.39",https://en.wikipedia.org/w/index.php?search=State%20Sponsors%20of%20Terrorism
1984-02-08,arme,reconnu,Bombardements du cuirassé New Jersey,"Chouf, Liban",L'USS New Jersey tire quelque 300 obus de 406 mm sur des positions druzes et syriennes. Des villages sont touchés et le nombre de victimes civiles reste inconnu.,Liban,"33.7,35.6",https://fr.wikipedia.org/w/index.php?search=USS%20New%20Jersey%20%28BB-62%29
1984-03,crime,reconnu,Seconde mission de Rumsfeld à Bagdad,"Bagdad, Irak","Trois semaines après une condamnation publique des armes chimiques irakiennes, Rumsfeld rencontre Tarek Aziz avec la consigne de dire que cette déclaration ne change rien aux relations, selon les archives du département d'État.",Irak,"33.31,44.37",https://en.wikipedia.org/w/index.php?search=United%20States%20support%20for%20Iraq%20during%20the%20Iran%E2%80%93Iraq%20war
1984-05,info,documenté,La CIA finance Duarte,"San Salvador, Salvador","La CIA verse en secret environ deux millions de dollars aux partis centristes, surtout à José Napoleón Duarte, pour la présidentielle salvadorienne. L'affaire est révélée par la presse américaine.",Salvador,"13.69,-89.19",https://en.wikipedia.org/w/index.php?search=1984%20Salvadoran%20presidential%20election
1984-05-08,coup,allégué,Attaque de Bab al-Aziziya par le FNSL,"Tripoli, Libye","Un commando du Front national pour le salut de la Libye attaque la caserne de Kadhafi à Tripoli et échoue. Le FNSL a reçu une aide de la CIA dans les années 1980, mais un rôle américain dans cette attaque n'est pas établi.",Libye,"32.87,13.17",https://en.wikipedia.org/w/index.php?search=National%20Front%20for%20the%20Salvation%20of%20Libya
1984-05-30,mort,allégué,Attentat de La Penca,"La Penca, Costa Rica","Une bombe vise le chef contra Edén Pastora, en rupture avec la CIA, lors d'une conférence de presse et fait plusieurs morts, dont des journalistes. Des journalistes ont soupçonné la CIA. Rien n'a été prouvé.",Costa Rica,"11.02,-84.52",https://en.wikipedia.org/w/index.php?search=La%20Penca%20bombing
1984-09,sabot,allégué,Arocena évoque des « germes » introduits à Cuba,"New York, États-Unis","Lors de son procès, le chef d'Omega 7 Eduardo Arocena déclare qu'une mission de son groupe a introduit des « germes » à Cuba en 1980. Cuba y voit la preuve de l'épidémie de dengue ; rien ne relie ce récit au gouvernement américain.",Cuba,"23.11,-82.37",https://en.wikipedia.org/w/index.php?search=Eduardo%20Arocena
1984-10,mort,reconnu,Manuel de guerre psychologique de la CIA,Nicaragua,Un manuel de la CIA pour les Contras conseille de « neutraliser » des responsables sandinistes. Sa révélation fait scandale.,Nicaragua,"12.13,-86.25",https://en.wikipedia.org/w/index.php?search=Psychological%20Operations%20in%20Guerrilla%20Warfare
1984-11,arme,reconnu,Bangs supersoniques sur Managua,"Managua, Nicaragua","Des SR-71 américains survolent le Nicaragua et provoquent des bangs supersoniques au-dessus de la capitale, sur fond de rumeurs d'invasion.",Nicaragua,"12.13,-86.25",https://en.wikipedia.org/w/index.php?search=Nicaragua%E2%80%93United%20States%20relations
1984-11-04,info,documenté,Boycott de l'élection sandiniste,"Managua, Nicaragua",Le candidat de l'opposition Arturo Cruz se retire. Des responsables américains ont reconnu avoir voulu discréditer le scrutin.,Nicaragua,"12.13,-86.25",https://en.wikipedia.org/w/index.php?search=1984%20Nicaraguan%20general%20election
1984-12,info,allégué,Élections de 1984 sous influence,"Saint-Georges, Grenade","Des enquêtes de presse affirment que Washington a financé et favorisé l'union des partis centristes derrière Herbert Blaize, qui remporte les élections de décembre 1984.",Grenade,"12.06,-61.75",https://en.wikipedia.org/w/index.php?search=1984%20Grenadian%20general%20election
1985,sabot,allégué,Contre-choc pétrolier contre l'URSS allégué,"Moscou, URSS","L'Arabie saoudite augmente fortement sa production fin 1985 et les prix s'effondrent, privant l'URSS de devises. Certains auteurs y voient un plan concerté avec Washington ; la thèse est discutée.",URSS,"55.75,37.62",https://fr.wikipedia.org/w/index.php?search=Contre-choc%20p%C3%A9trolier
1985,info,documenté,Piste bulgare : rapport de la CIA biaisé,"Rome, Italie","Une évaluation de la CIA de 1985 attribue l'attentat contre Jean-Paul II à l'URSS via la Bulgarie. En 1991, des analystes témoignent au Sénat qu'elle a été orientée sous Robert Gates.",Bulgarie; URSS,"42.7,23.32; 55.75,37.62",https://fr.wikipedia.org/w/index.php?search=Attentat%20contre%20Jean-Paul%20II
1985,arme,reconnu,Souches biologiques exportées vers l'Irak,"Bagdad, Irak","Un rapport sénatorial (Riegle, 1994) établit que des souches, dont l'anthrax, ont été exportées légalement vers l'Irak entre 1985 et 1989 avec licence du département du Commerce.",Irak,"33.31,44.37",https://en.wikipedia.org/w/index.php?search=Riegle%20Report
1985,arme,reconnu,Licences d'exportation à double usage,"Bagdad, Irak","De 1985 à 1990, le département du Commerce approuve des centaines de licences d'exportation vers l'Irak, dont des ordinateurs et équipements utilisables par ses programmes d'armement, selon des enquêtes du Congrès.",Irak,"33.31,44.37",https://en.wikipedia.org/w/index.php?search=United%20States%20support%20for%20Iraq%20during%20the%20Iran%E2%80%93Iraq%20war
1985,coup,documenté,Opération Tulip : aide aux exilés libyens,"Tripoli, Libye","Volet clandestin du plan Flower selon Bob Woodward : la CIA soutient les opposants libyens en exil, dont le FNSL, pour renverser Kadhafi. Le Washington Post révèle en novembre 1985 que Reagan a approuvé un plan de la CIA contre Kadhafi.",Libye,"32.89,13.19",https://en.wikipedia.org/w/index.php?search=Operation%20Flower%20Libya%20CIA%20Woodward
1985,arme,documenté,Plan Rose : attaque conjointe avec l'Égypte,"Tripoli, Libye","Volet militaire du plan Flower selon Bob Woodward : une attaque préventive de l'Égypte contre la Libye, appuyée par les États-Unis, est étudiée pour renverser Kadhafi. Le président Moubarak refuse.",Libye,"32.89,13.19",https://en.wikipedia.org/w/index.php?search=Operation%20Flower%20Libya%20CIA%20Woodward
1985,arme,reconnu,Abrogation de l'amendement Clark,"Washington, États-Unis","Le Congrès lève l'interdiction, en vigueur depuis 1976, de toute aide aux rebelles angolais. La voie est ouverte à l'aide clandestine à l'UNITA de Jonas Savimbi.",Angola,"-8.84,13.23",https://en.wikipedia.org/w/index.php?search=Clark%20Amendment
1985,arme,reconnu,"Ilopango, base du réseau North","Ilopango, Salvador","Le réseau d'Oliver North utilise l'aéroport militaire d'Ilopango pour ravitailler les Contras, avec l'ancien agent de la CIA Félix Rodríguez. Les enquêtes Iran-Contra l'établissent.",Salvador,"13.7,-89.12",https://en.wikipedia.org/w/index.php?search=Iran%E2%80%93Contra%20affair
1985,arme,documenté,Le ranch de John Hull,Costa Rica,"Ce fermier américain, lié à la CIA, prête ses pistes du nord du Costa Rica aux Contras. Il est inculpé au Costa Rica en 1989 et fuit aux États-Unis.",Costa Rica,"10.8,-84.6",https://en.wikipedia.org/w/index.php?search=John%20Hull%20%28rancher%29
1985-02,sabot,reconnu,Représailles après le refus de l'USS Buchanan,"Wellington, Nouvelle-Zélande","La Nouvelle-Zélande refuse l'escale d'un destroyer dont l'armement nucléaire n'est pas déclaré. Washington annule des exercices, restreint le partage du renseignement et gèle les contacts de haut niveau.",Nouvelle-Zélande,"-41.29,174.78",https://en.wikipedia.org/w/index.php?search=USS%20Buchanan%20New%20Zealand%201985%20nuclear-free
1985-03,arme,reconnu,Directive NSDD-166,Afghanistan,"Reagan signe la directive NSDD-166, qui vise à chasser les Soviétiques d'Afghanistan « par tous les moyens ». Le budget de l'aide secrète augmente fortement.",Afghanistan,"34.53,69.17",https://en.wikipedia.org/w/index.php?search=Operation%20Cyclone
1985-03,crime,documenté,Exactions des Contras documentées,Nicaragua,"Des enquêtes d'ONG, dont Americas Watch, décrivent meurtres, tortures et viols de civils par les Contras financés par Washington.",Nicaragua,"12.13,-86.25",https://en.wikipedia.org/w/index.php?search=Contras
1985-03-08,mort,documenté,Attentat de Bir al-Abed,"Beyrouth, Liban","Une voiture piégée visant le cheikh Fadlallah tue plus de 80 personnes. Selon Bob Woodward, le directeur de la CIA William Casey l'avait fait financer par l'Arabie saoudite.",Liban,"33.85,35.5",https://fr.wikipedia.org/w/index.php?search=Attentat%20de%20Bir%20al-Abed
1985-05,crime,documenté,Rongelap évacué par le Rainbow Warrior,"Rongelap, Îles Marshall","Faute de réponse américaine, Greenpeace évacue les habitants de Rongelap, qui jugent leur atoll encore contaminé. Le navire est coulé deux mois plus tard par les services français.",Îles Marshall,"11.16,166.85",https://en.wikipedia.org/w/index.php?search=Rongelap%20Atoll%20evacuation%201985%20Rainbow%20Warrior
1985-05,arme,reconnu,Bérets verts à El Murciélago,"El Murciélago, Costa Rica","Des forces spéciales américaines entraînent un bataillon de la garde civile, pays sans armée, sur une ancienne propriété de Somoza près de la frontière nicaraguayenne.",Costa Rica,"10.93,-85.78",https://fr.wikipedia.org/w/index.php?search=Costa%20Rica%20Contras%201985
1985-05-01,sabot,reconnu,Embargo contre le Nicaragua,"Managua, Nicaragua",Reagan décrète un embargo commercial total contre le Nicaragua.,Nicaragua,"12.13,-86.25",https://en.wikipedia.org/w/index.php?search=Nicaragua%E2%80%93United%20States%20relations
1985-05-20,info,reconnu,Radio Martí,Cuba,Le gouvernement américain lance une radio vers Cuba financée sur fonds publics. Cuba brouille ses émissions.,Cuba,"23.11,-82.37",https://en.wikipedia.org/w/index.php?search=Radio%20y%20Televisi%C3%B3n%20Mart%C3%AD
1985-06,arme,reconnu,27 millions pour les Contras,"Washington, États-Unis","Le Congrès vote une aide « humanitaire » de 27 millions de dollars aux Contras, gérée par le département d'État.",Nicaragua,"12.13,-86.25",https://en.wikipedia.org/w/index.php?search=Contras
1985-08,arme,reconnu,Missiles vendus en secret à l'Iran,"Téhéran, Iran","Première livraison via Israël de missiles TOW à l'Iran, sous embargo, en échange des otages du Liban. Les profits financeront les Contras. L'affaire Iran-Contra éclate en novembre 1986.",Iran,"35.69,51.39",https://fr.wikipedia.org/w/index.php?search=Affaire%20Iran-Contra
1985-08,arme,reconnu,Le Polar Sea défie la souveraineté arctique,Arctique canadien,Un brise-glace des garde-côtes américains franchit le passage du Nord-Ouest sans autorisation. Ottawa trace en riposte des lignes de base autour de l'archipel.,Canada,"74.5,-95.0",https://en.wikipedia.org/w/index.php?search=Polar%20Sea%201985%20Northwest%20Passage
1985-09,espion,allégué,Évasion de Charles Taylor,"Plymouth, Massachusetts","Détenu aux États-Unis en vue de son extradition vers le Liberia, Charles Taylor s'évade. Il affirme en 2009 avoir été aidé par des Américains ; en 2012, la DIA confirme qu'il fut un informateur du renseignement américain.",Liberia,"6.3,-10.8",https://en.wikipedia.org/w/index.php?search=Charles%20Taylor%20escape%20Plymouth
1985-10,coup,reconnu,Mission Laxalt auprès de Marcos,"Manille, Philippines","Ronald Reagan envoie le sénateur Paul Laxalt presser Ferdinand Marcos de réformer. Peu après, Marcos annonce à la télévision américaine une élection présidentielle anticipée.",Philippines,"14.6,120.98",https://en.wikipedia.org/w/index.php?search=Paul%20Laxalt%20Marcos%201985%20snap%20election
1985-10-01,arme,documenté,Raid israélien sur Hammam Chott,"Hammam Chott, Tunisie","L'aviation israélienne bombarde le QG de l'OLP près de Tunis et tue des dizaines de personnes. Reagan juge d'abord le raid « légitime », puis Washington s'abstient sur la résolution qui le condamne.",Tunisie,"36.72,10.29",https://en.wikipedia.org/w/index.php?search=Operation%20Wooden%20Leg
1985-10-10,arme,reconnu,Détournement de l'avion égyptien vers Sigonella,"Sigonella, Italie",Des F-14 américains interceptent l'avion de ligne égyptien qui emporte les pirates de l'Achille Lauro et le forcent à atterrir en Sicile. Carabiniers et commandos américains se font face sur la base.,Italie; Égypte,"37.4,14.92; 30.04,31.24",https://fr.wikipedia.org/w/index.php?search=Crise%20de%20Sigonella
1985-10-15,info,reconnu,Élection truquée validée par Washington,"Monrovia, Libéria","Doe se proclame élu malgré des fraudes massives. Devant le Congrès, le secrétaire d'État adjoint Chester Crocker défend le scrutin, et l'aide continue.",Libéria,"6.3,-10.8",https://fr.wikipedia.org/w/index.php?search=%C3%89lection%20pr%C3%A9sidentielle%20lib%C3%A9rienne%20de%201985
1986,espion,documenté,Création du SIN haïtien,"Port-au-Prince, Haïti","La CIA crée et finance un service de renseignement haïtien présenté comme antidrogue. Selon le New York Times, il sert surtout contre les opposants.",Haïti,"18.54,-72.34",https://en.wikipedia.org/w/index.php?search=National%20Intelligence%20Service%20%28Haiti%29
1986,arme,reconnu,Piste secrète de Santa Elena,"Santa Elena, Costa Rica",Le réseau d'Oliver North construit une piste d'atterrissage secrète au Costa Rica pour ravitailler les Contras du front sud.,Costa Rica,"10.9,-85.72",https://en.wikipedia.org/w/index.php?search=Iran%E2%80%93Contra%20affair
1986,arme,reconnu,Stinger et aide secrète à l'UNITA,"Jamba, Angola","Après l'abrogation de l'amendement Clark en 1985, Reagan reprend l'aide clandestine à la guérilla de Jonas Savimbi, dont des missiles Stinger. Elle se poursuit jusqu'en 1991.",Angola,"-17.5,22.7; -8.84,13.23",https://fr.wikipedia.org/w/index.php?search=UNITA
1986,arme,documenté,Base de Kamina pour l'UNITA,"Kamina, Zaïre","La CIA utilise la base zaïroise de Kamina, avec l'accord de Mobutu, pour acheminer des armes à l'UNITA.",Zaïre,"-8.73,25.0",https://en.wikipedia.org/w/index.php?search=Kamina%20Air%20Base
1986,espion,documenté,Renseignement partagé avec Pretoria,"Pretoria, Afrique du Sud","Le New York Times révèle en 1986 que les services américains échangent des renseignements avec le régime d'apartheid, y compris sur l'ANC.",Afrique du Sud,"-25.75,28.19",https://en.wikipedia.org/w/index.php?search=South%20Africa%E2%80%93United%20States%20relations
1986,info,documenté,Renseignements truqués aux deux camps,"Téhéran, Iran","Selon Bob Woodward, dans le Washington Post en 1987, la CIA fournit à l'Iran des renseignements partiellement faussés sur l'armée irakienne, tout en renseignant l'Irak.",Iran,"35.69,51.39",https://fr.wikipedia.org/w/index.php?search=Affaire%20Iran-Contra
1986-01,arme,reconnu,Opération Attain Document,"Golfe de Syrte, Libye","La VIe Flotte mène des manœuvres au large de la Libye et fait voler ses avions au sud du 32°30', la « ligne de la mort » proclamée par Kadhafi. Ces démonstrations préparent les combats de mars.",Libye,"31.9,18.5",https://en.wikipedia.org/w/index.php?search=Action%20in%20the%20Gulf%20of%20Sidra%20%281986%29
1986-01-07,sabot,reconnu,Embargo total contre la Libye,"Tripoli, Libye","Reagan interdit tout commerce avec la Libye, ordonne le départ des Américains et gèle les avoirs libyens.",Libye,"32.89,13.19",https://en.wikipedia.org/w/index.php?search=Libya%E2%80%93United%20States%20relations
1986-01-30,arme,reconnu,Savimbi reçu à la Maison-Blanche,"Washington, États-Unis","Ronald Reagan reçoit le chef de l'UNITA et lui promet un soutien efficace. L'aide clandestine de la CIA, avec des missiles Stinger, alimente la guerre civile angolaise.",Angola,"-8.84,13.23",https://en.wikipedia.org/w/index.php?search=Jonas%20Savimbi
1986-02-07,coup,reconnu,Exfiltration de Jean-Claude Duvalier,"Port-au-Prince, Haïti","Après que Washington lui a retiré son soutien, un avion de l'US Air Force emmène Jean-Claude Duvalier et sa famille en France. Un conseil militaire dirigé par le général Namphy prend le pouvoir.",Haïti,"18.54,-72.34",https://fr.wikipedia.org/w/index.php?search=Jean-Claude%20Duvalier
1986-02-25,coup,reconnu,Marcos évacué vers Hawaï,"Manille, Philippines","Après que Laxalt lui a conseillé de « couper net », Marcos quitte le palais dans des hélicoptères américains et est conduit de Clark à Hawaï. Washington reconnaît aussitôt Corazon Aquino.",Philippines,"14.6,120.98",https://fr.wikipedia.org/w/index.php?search=R%C3%A9volution%20EDSA
1986-03-24,arme,reconnu,Combats du golfe de Syrte,"Golfe de Syrte, Libye",La flotte américaine franchit la « ligne de la mort » : elle frappe des sites de missiles et coule des vedettes libyennes. Des dizaines de marins libyens sont tués.,Libye,"31.8,18.5",https://en.wikipedia.org/w/index.php?search=Action%20in%20the%20Gulf%20of%20Sidra%20%281986%29
1986-04,espion,documenté,Crypto AG : messages libyens lus,"Tripoli, Libye","Grâce aux machines Crypto AG truquées, la NSA lit les messages libyens et impute à Tripoli l'attentat de la discothèque La Belle à Berlin, avant les frappes d'avril 1986. Révélé en 2020.",Libye,"32.89,13.19",https://fr.wikipedia.org/w/index.php?search=Crypto%20AG
1986-04-15,arme,reconnu,Opération El Dorado Canyon,"Tripoli et Benghazi, Libye","En représailles à l'attentat de La Belle, des avions américains bombardent Tripoli et Benghazi. Des dizaines de morts, dont des civils. L'Assemblée générale de l'ONU condamne.",Libye,"32.89,13.19; 32.12,20.07",https://fr.wikipedia.org/w/index.php?search=Op%C3%A9ration%20El%20Dorado%20Canyon
1986-04-15,mort,documenté,Résidence de Kadhafi visée,"Bab al-Azizia, Tripoli, Libye","La caserne où vit Kadhafi figure parmi les cibles. Des enquêtes, dont celle de Seymour Hersh, concluent que sa mort était recherchée ; Washington l'a nié.",Libye,"32.87,13.17",https://fr.wikipedia.org/w/index.php?search=Bab%20al-Azizia
1986-05,arme,reconnu,Mission secrète de McFarlane à Téhéran,"Téhéran, Iran",L'ancien conseiller à la sécurité nationale Robert McFarlane et Oliver North se rendent à Téhéran avec des pièces de missiles pour négocier la libération des otages au Liban.,Iran,"35.69,51.39",https://fr.wikipedia.org/w/index.php?search=Affaire%20Iran-Contra
1986-06-25,arme,reconnu,100 millions de dollars pour les Contras,"Washington, États-Unis","La Chambre des représentants approuve 100 millions de dollars d'aide aux Contras, dont une part militaire, deux jours avant l'arrêt de la CIJ.",Nicaragua,"12.13,-86.25",https://en.wikipedia.org/w/index.php?search=Contras
1986-06-27,arme,reconnu,La CIJ condamne les États-Unis,"La Haye, vers le Nicaragua",La Cour internationale de justice juge que Washington a violé le droit international en armant les Contras et en minant les ports. Les États-Unis rejettent l'arrêt.,Nicaragua,"12.13,-86.25",https://en.wikipedia.org/w/index.php?search=Nicaragua%20v.%20United%20States
1986-07,arme,reconnu,Opération Blast Furnace,"Beni, Bolivie","Pour la première fois, des troupes américaines et des hélicoptères Black Hawk participent à des raids contre des laboratoires de cocaïne en Bolivie. Le déploiement provoque des protestations.",Bolivie,"-14.83,-64.9",https://en.wikipedia.org/w/index.php?search=Operation%20Blast%20Furnace
1986-08,sabot,reconnu,Rupture de l'ANZUS avec la Nouvelle-Zélande,"Wellington, Nouvelle-Zélande","Après l'interdiction des navires nucléaires dans les ports néo-zélandais, Washington suspend ses obligations de défense envers la Nouvelle-Zélande et coupe une partie du partage de renseignement.",Nouvelle-Zélande,"-41.29,174.78",https://en.wikipedia.org/w/index.php?search=ANZUS
1986-08,info,reconnu,Désinformation contre Kadhafi,"Tripoli, Libye",Un mémo de John Poindexter prévoit de faire croire à Kadhafi à un complot interne et à de nouvelles frappes. La presse américaine en reçoit de fausses informations. Le Washington Post le révèle en octobre.,Libye,"32.89,13.19",https://en.wikipedia.org/w/index.php?search=Libya%20disinformation%20campaign%201986
1986-08,mort,reconnu,Noriega propose d'assassiner les sandinistes,"Panama, Panama",Noriega offre à Oliver North de faire tuer des dirigeants sandinistes en échange d'une aide à redorer son image. North transmet à Poindexter. La proposition figure dans les dossiers de l'Iran-Contra.,Nicaragua,"12.13,-86.25",https://en.wikipedia.org/w/index.php?search=Manuel%20Noriega
1986-09-25,arme,reconnu,Premiers missiles Stinger,"Jalalabad, Afghanistan",Des moudjahidines abattent pour la première fois des hélicoptères soviétiques avec des missiles Stinger fournis par la CIA. Environ 2 000 missiles seront livrés.,Afghanistan,"34.43,70.45",https://en.wikipedia.org/w/index.php?search=FIM-92%20Stinger
1986-09-26,info,reconnu,Veto de Reagan contre les sanctions,"Washington, États-Unis","Ronald Reagan oppose son veto à la loi globale contre l'apartheid, qui impose des sanctions à Pretoria. Le Congrès passe outre le 2 octobre 1986.",Afrique du Sud,"-25.75,28.19",https://en.wikipedia.org/w/index.php?search=Comprehensive%20Anti-Apartheid%20Act
1986-10-05,arme,reconnu,Avion de Hasenfus abattu,Sud du Nicaragua,"Un avion cargo qui ravitaille les Contras est abattu. Le survivant Eugene Hasenfus révèle le réseau clandestin, point de départ de l'Iran-Contra.",Nicaragua,"11.5,-84.8",https://en.wikipedia.org/w/index.php?search=Eugene%20Hasenfus
1986-10-21,sabot,reconnu,Clause 177 : recours nucléaires éteints,"Majuro, Îles Marshall","En vigueur ce jour, le Compact de libre association fixe un fonds de 150 millions de dollars pour les dommages nucléaires et éteint toutes les plaintes des Marshallais devant les tribunaux américains.",Îles Marshall,"7.09,171.38",https://en.wikipedia.org/w/index.php?search=Compact%20of%20Free%20Association%20Section%20177
1986-11-03,arme,reconnu,Affaire Iran-Contra,Nicaragua,Des fonds tirés de ventes secrètes d'armes à l'Iran financent les Contras malgré l'interdiction du Congrès (amendement Boland). Une commission et un procureur spécial l'établissent.,Nicaragua,"12.13,-86.25",https://en.wikipedia.org/w/index.php?search=Iran%E2%80%93Contra%20affair
1987,crime,reconnu,Manuels de torture de l'École des Amériques,Amérique latine,"Des manuels utilisés de 1987 à 1991 recommandent chantage, torture et exécutions contre les insurgés. Le Pentagone les rend publics en 1996.",Salvador; Honduras; Guatemala; Colombie; Pérou,"13.69,-89.19; 14.07,-87.21; 14.63,-90.51; 4.71,-74.07; -12.05,-77.04",https://en.wikipedia.org/w/index.php?search=School%20of%20the%20Americas
1987,espion,documenté,L'agent K. V. Unnikrishnan retourné par la CIA,"Madras, Inde","Un officier du RAW en poste à Madras est arrêté pour avoir transmis à la CIA des informations sur l'intervention indienne au Sri Lanka, après avoir été piégé par une agente américaine selon l'enquête indienne.",Inde,"13.08,80.27",https://en.wikipedia.org/w/index.php?search=K.%20V.%20Unnikrishnan%20RAW%20CIA
1987,arme,reconnu,Opération Snowcap,"Chapare, Bolivie","La DEA et des gardes-frontières américains encadrent des opérations antidrogue dans les Andes, notamment en Bolivie et au Pérou. Le programme dure jusqu'en 1994.",Bolivie; Pérou,"-16.97,-65.42; -12.05,-77.04",https://en.wikipedia.org/w/index.php?search=Operation%20Snowcap
1987-04-17,sabot,reconnu,Droits de 100 % sur l'électronique japonaise,"Tokyo, Japon",Reagan impose des droits de douane de 100 % sur 300 millions de dollars de produits électroniques japonais. Il accuse Tokyo de ne pas respecter l'accord de 1986 sur les semi-conducteurs.,Japon,"35.69,139.69",https://fr.wikipedia.org/w/index.php?search=Accord%20nippo-am%C3%A9ricain%20sur%20les%20semi-conducteurs
1987-04-28,crime,documenté,Assassinat de Ben Linder,"San José de Bocay, Nicaragua","L'ingénieur américain Ben Linder, qui construisait une microcentrale, est tué par des Contras financés par Washington.",Nicaragua,"13.54,-85.54",https://en.wikipedia.org/w/index.php?search=Ben%20Linder
1987-05-14,coup,allégué,Coup d'État de Rabuka aux Fidji,"Suva, Fidji","Le colonel Rabuka renverse le gouvernement de Timoci Bavadra, favorable à un Pacifique dénucléarisé. Une implication de la CIA a été alléguée, sans preuve publique.",Fidji,"-18.14,178.44",https://fr.wikipedia.org/w/index.php?search=Coups%20d%27%C3%89tat%20de%201987%20aux%20Fidji
1987-07,arme,reconnu,Opération Earnest Will,Golfe Persique,"La marine américaine escorte des pétroliers koweïtiens passés sous pavillon américain, ce qui l'engage dans des affrontements avec l'Iran jusqu'en 1988.",Iran,"27.0,52.5",https://en.wikipedia.org/w/index.php?search=Operation%20Earnest%20Will
1987-09-13,mort,reconnu,Enlèvement de Fawaz Younis,Au large de Chypre,"Le FBI attire sur un yacht le Libanais soupçonné d'un détournement d'avion, l'arrête dans les eaux internationales et le ramène aux États-Unis pour y être jugé.",Chypre; Liban,"34.5,33.0; 33.89,35.5",https://en.wikipedia.org/w/index.php?search=Fawaz%20Younis
1987-09-21,arme,reconnu,Attaque du mouilleur de mines Iran Ajr,Golfe Persique,"Des hélicoptères américains mitraillent le navire iranien surpris à mouiller des mines. Plusieurs marins iraniens sont tués, le navire est saisi puis sabordé.",Iran,"26.6,51.5",https://en.wikipedia.org/w/index.php?search=Iran%20Ajr
1987-10-08,arme,reconnu,Vedettes iraniennes coulées près de Farsi,"Île de Farsi, Iran","Des hélicoptères de l'armée américaine coulent trois vedettes iraniennes dans le golfe, tuant plusieurs marins, lors de l'opération Prime Chance.",Iran,"27.99,50.17",https://en.wikipedia.org/w/index.php?search=Operation%20Prime%20Chance
1987-10-19,arme,reconnu,Opération Nimble Archer,Golfe Persique,"En représailles à un missile tiré sur un pétrolier sous pavillon américain, des destroyers détruisent les plateformes pétrolières iraniennes de Rashadat.",Iran,"26.1,51.05",https://en.wikipedia.org/w/index.php?search=Operation%20Nimble%20Archer
1988,crime,reconnu,Renseignement à l'Irak malgré le sarin,"Péninsule de Fao, Irak","Des documents de la CIA et d'anciens officiers, révélés en 2013, montrent que Washington fournit à l'Irak des images satellites des positions iraniennes en sachant qu'il utilise du sarin.",Irak; Iran,"29.98,48.48; 35.69,51.39",https://en.wikipedia.org/w/index.php?search=United%20States%20support%20for%20Iraq%20during%20the%20Iran%E2%80%93Iraq%20War
1988,crime,documenté,Armes américaines contre Hargeisa,"Hargeisa, Somalie","L'armée de Siad Barre, en partie équipée par les États-Unis, bombarde Hargeisa et massacre des milliers d'Issaq. Le Congrès gèle ensuite l'aide militaire.",Somalie,"9.56,44.06",https://en.wikipedia.org/w/index.php?search=Isaaq%20genocide
1988,coup,documenté,Force anti-Kadhafi formée au Tchad,"N'Djamena, Tchad","Des centaines de soldats libyens capturés au Tchad en 1987 sont retournés contre Kadhafi. Ils forment, sous Khalifa Haftar, une force armée entraînée près de N'Djamena avec l'aide de la CIA, selon la presse américaine.",Tchad; Libye,"12.13,15.04; 32.89,13.19",https://fr.wikipedia.org/w/index.php?search=Khalifa%20Haftar
1988-01,espion,documenté,Défection du colonel Chang Hsien-yi,Taïwan,"Le colonel Chang Hsien-yi, informateur de la CIA, fait défection vers les États-Unis avec des documents sur le programme nucléaire militaire secret de Taïwan, qui est ensuite démantelé sous pression américaine.",Taïwan,"25.04,121.56",https://en.wikipedia.org/w/index.php?search=Chang%20Hsien-yi
1988-01-20,sabot,reconnu,Le Nord classé État soutenant le terrorisme,"Pyongyang, Corée du Nord","Après l'attentat contre le vol 858 de Korean Air, Washington inscrit la Corée du Nord sur sa liste des États soutenant le terrorisme, avec les sanctions qui l'accompagnent. Elle en est retirée en 2008.",Corée du Nord,"39.03,125.75",https://en.wikipedia.org/w/index.php?search=State%20Sponsors%20of%20Terrorism
1988-02-04,coup,reconnu,Noriega inculpé en Floride,"Miami, États-Unis","Deux grands jurys fédéraux, à Miami et à Tampa, inculpent Noriega pour trafic de drogue. L'inculpation sert ensuite à justifier l'invasion.",Panama,"8.98,-79.52",https://fr.wikipedia.org/w/index.php?search=Manuel%20Noriega
1988-02-25,coup,reconnu,Delvalle tente de renvoyer Noriega,"Panama, Panama","Encouragé par Washington, le président Eric Arturo Delvalle tente de destituer Noriega. L'Assemblée le révoque. Les États-Unis continuent de le reconnaître comme président.",Panama,"8.98,-79.52",https://en.wikipedia.org/w/index.php?search=Eric%20Arturo%20Delvalle
1988-03,info,documenté,Halabja : l'Iran accusé à tort,"Halabja, Irak","Après le gazage de la ville kurde, qui fait environ 5 000 morts, le département d'État laisse entendre que l'Iran porte une part de responsabilité, ce que les preuves démentent.",Irak,"35.18,45.99",https://fr.wikipedia.org/w/index.php?search=Massacre%20de%20Halabja
1988-04-05,mort,reconnu,Enlèvement de Matta Ballesteros,"Tegucigalpa, Honduras",Des policiers honduriens et des marshals américains capturent le trafiquant Juan Ramón Matta Ballesteros et l'envoient aux États-Unis. Des émeutiers incendient une annexe de l'ambassade.,Honduras,"14.07,-87.21",https://en.wikipedia.org/w/index.php?search=Juan%20Ram%C3%B3n%20Matta-Ballesteros
1988-04-08,sabot,reconnu,Sanctions contre le Panama,"Panama, Panama",Reagan gèle les avoirs panaméens aux États-Unis et suspend les paiements du canal pour faire tomber Noriega. L'économie panaméenne s'effondre.,Panama,"8.98,-79.52",https://en.wikipedia.org/w/index.php?search=Panama%E2%80%93United%20States%20relations
1988-04-18,arme,reconnu,Opération Praying Mantis,Golfe Persique,"La marine américaine détruit deux plateformes pétrolières et coule plusieurs navires iraniens. En 2003, la Cour internationale de justice juge que ces attaques ne relevaient pas de la légitime défense.",Iran,"26.3,52.0",https://fr.wikipedia.org/w/index.php?search=Op%C3%A9ration%20Praying%20Mantis
1988-05,info,allégué,Expulsion du diplomate Hendrickson,Singapour,"Singapour expulse le diplomate américain Hank Hendrickson, accusé d'avoir encouragé des avocats, dont Francis Seow, à se présenter contre le PAP. Washington dément et expulse un diplomate singapourien.",Singapour,"1.35,103.82",https://en.wikipedia.org/w/index.php?search=Hendrickson%20affair%20Singapore%201988
1988-07,coup,documenté,Plan de la CIA contre Noriega,"Panama, Panama","Reagan autorise une action clandestine pour chasser Noriega. La commission du renseignement du Sénat s'inquiète d'un risque d'assassinat et le projet est freiné, selon la presse américaine.",Panama,"8.98,-79.52",https://en.wikipedia.org/w/index.php?search=Manuel%20Noriega
1988-07-03,crime,reconnu,Vol Iran Air 655 abattu,"Détroit d'Ormuz, Iran",Le croiseur USS Vincennes abat un Airbus civil iranien : 290 morts. Washington indemnise l'Iran en 1996 sans reconnaître sa responsabilité.,Iran,"26.68,56.0",https://fr.wikipedia.org/w/index.php?search=Vol%20Iran%20Air%20655
1988-07-19,sabot,documenté,Loi 1008 contre la coca,"La Paz, Bolivie","Sous pression américaine, la Bolivie adopte une loi qui criminalise la plupart des cultures de coca et crée des tribunaux spéciaux, point de départ de la « guerre de la coca » du Chapare.",Bolivie,"-16.5,-68.15",https://en.wikipedia.org/w/index.php?search=Coca%20eradication%20in%20Bolivia
1988-08-23,sabot,reconnu,Sanctions contre Toshiba,"Tokyo, Japon","Après la vente à l'URSS de machines-outils par une filiale de Toshiba, le Congrès interdit les achats publics au groupe pendant trois ans. En 1987, des élus avaient brisé une radio Toshiba devant le Capitole.",Japon,"35.69,139.69",https://en.wikipedia.org/w/index.php?search=Toshiba%E2%80%93Kongsberg%20scandal
1988-09,crime,reconnu,Sanctions bloquées après l'Anfal,"Bagdad, Irak",Le Sénat vote à l'unanimité une loi de sanctions après le gazage des Kurdes pendant la campagne Anfal. L'administration Reagan s'y oppose et le texte meurt à la Chambre.,Irak,"33.31,44.37",https://en.wikipedia.org/w/index.php?search=Prevention%20of%20Genocide%20Act%20of%201988
1988-10-05,info,reconnu,Plébiscite chilien,"Santiago, Chili","Washington finance, via la National Endowment for Democracy, la campagne du « Non » à Pinochet et l'observation du scrutin.",Chili,"-33.45,-70.65",https://en.wikipedia.org/w/index.php?search=1988%20Chilean%20national%20plebiscite
1989-01-04,arme,reconnu,Deux MiG libyens abattus,"Golfe de Syrte, Libye",Deux F-14 américains abattent deux MiG-23 libyens au-dessus de la Méditerranée.,Libye,"33.0,20.0",https://en.wikipedia.org/w/index.php?search=1989%20air%20battle%20near%20Tobruk
1989-04,crime,reconnu,Rapport Kerry sur Contras et drogue,Nicaragua,Une sous-commission du Sénat conclut que des réseaux liés aux Contras ont trafiqué de la cocaïne et que des agences américaines l'ont toléré.,Nicaragua; Costa Rica; Honduras,"12.13,-86.25; 9.93,-84.09; 14.07,-87.21",https://en.wikipedia.org/w/index.php?search=Kerry%20Committee%20report
1989-05-07,info,reconnu,Opposition panaméenne financée,"Panama, Panama","Bush autorise des millions de dollars secrets pour l'opposition à Noriega aux élections, que le régime annule.",Panama,"8.98,-79.52",https://en.wikipedia.org/w/index.php?search=1989%20Panamanian%20general%20election
1989-06,espion,allégué,Opération Yellowbird,Hong Kong,"Des réseaux de Hong Kong exfiltrent des centaines de dissidents après Tian'anmen. Pékin et plusieurs récits évoquent une aide de la CIA et du MI6, jamais confirmée.",Hong Kong; Chine,"22.28,114.17; 39.9,116.4",https://en.wikipedia.org/w/index.php?search=Operation%20Yellowbird
1989-06-05,sabot,reconnu,Embargo sur les armes après Tian'anmen,"Pékin, Chine",George H. W. Bush suspend les ventes d'armes et les échanges militaires avec la Chine. Le Congrès inscrit ces sanctions dans la loi en 1990.,Chine,"39.9,116.4",https://en.wikipedia.org/w/index.php?search=Tiananmen%20sanctions%20United%20States
1989-10-02,arme,reconnu,Directive NSD-26 : rapprochement avec Bagdad,"Bagdad, Irak","George H. W. Bush signe la directive de sécurité nationale 26, qui prône des relations normales avec l'Irak et des incitations économiques, malgré les gazages et les programmes d'armement connus.",Irak,"33.31,44.37",https://en.wikipedia.org/w/index.php?search=National%20Security%20Directive%2026
1989-10-03,coup,reconnu,Coup manqué du major Giroldi,"Panama, Panama",Des officiers menés par Moisés Giroldi capturent Noriega. Les forces américaines bloquent deux routes mais refusent de le prendre en charge. Il est libéré et Giroldi est exécuté.,Panama,"8.98,-79.52",https://en.wikipedia.org/w/index.php?search=1989%20Panamanian%20coup%20attempt
1989-11,arme,reconnu,Un milliard de crédits malgré l'affaire BNL,"Bagdad, Irak","Malgré l'enquête sur les prêts clandestins de l'agence d'Atlanta de la Banca Nazionale del Lavoro à l'Irak, le gouvernement approuve un milliard de dollars de garanties de crédit. Le Congrès enquête ensuite sur ce « Iraqgate ».",Irak,"33.31,44.37",https://en.wikipedia.org/w/index.php?search=Iraqgate
1989-11-16,crime,reconnu,Assassinat des jésuites de l'UCA,"San Salvador, Salvador","Des soldats de l'Atlacatl tuent six jésuites, leur employée et sa fille. La plupart des officiers mis en cause étaient passés par l'École des Amériques.",Salvador,"13.68,-89.24",https://en.wikipedia.org/w/index.php?search=1989%20murders%20of%20Jesuits%20in%20El%20Salvador
1989-12,info,documenté,Témoin de l'UCA interrogé par le FBI,"San Salvador, Salvador","Lucía Barrera de Cerna, témoin du massacre des jésuites, est emmenée à Miami et soumise à des interrogatoires du FBI en présence d'un officier salvadorien, jusqu'à ce qu'elle se rétracte.",Salvador,"13.69,-89.19",https://en.wikipedia.org/w/index.php?search=Murders%20of%20the%20Jesuits%20in%20El%20Salvador
1989-12-01,arme,reconnu,Vols de dissuasion contre les putschistes,"Manille, Philippines","Pendant la tentative de coup d'État contre Corazon Aquino, des F-4 américains de Clark survolent les bases rebelles pour les dissuader d'utiliser leurs avions.",Philippines,"14.6,120.98",https://en.wikipedia.org/w/index.php?search=1989%20Philippine%20coup%20attempt
1989-12-16,info,reconnu,Mort du lieutenant Paz,"Panama, Panama",Un Marine est tué à un barrage des Forces de défense panaméennes. Bush invoque sa mort parmi les raisons de l'invasion lancée quatre jours plus tard.,Panama,"8.98,-79.52",https://en.wikipedia.org/w/index.php?search=United%20States%20invasion%20of%20Panama
1989-12-20,arme,reconnu,Invasion du Panama,"Panama, Panama",Plus de 25 000 soldats américains renversent Noriega. L'Assemblée générale de l'ONU condamne l'invasion.,Panama,"8.98,-79.52",https://en.wikipedia.org/w/index.php?search=United%20States%20invasion%20of%20Panama
1989-12-20,crime,documenté,Destruction d'El Chorrillo,"El Chorrillo, Panama",Le quartier pauvre qui entoure le QG de Noriega brûle sous les frappes. Les morts civils vont de plusieurs centaines à quelques milliers selon les sources.,Panama,"8.95,-79.54",https://en.wikipedia.org/w/index.php?search=El%20Chorrillo
1989-12-20,coup,reconnu,Endara investi sur une base américaine,"Fort Clayton, Panama","Guillermo Endara prête serment comme président à Fort Clayton, base militaire américaine, au début de l'invasion.",Panama,"9.0,-79.58",https://fr.wikipedia.org/w/index.php?search=Guillermo%20Endara
1989-12-20,arme,reconnu,F-117 sur Río Hato,"Río Hato, Panama","Pour la première utilisation au combat du bombardier furtif, deux F-117 larguent des bombes près de la caserne de Río Hato, avant l'assaut des Rangers.",Panama,"8.37,-80.17",https://en.wikipedia.org/w/index.php?search=Lockheed%20F-117%20Nighthawk
1990,arme,reconnu,La CIA finance le renseignement militaire,"Guatemala, Guatemala","Après la suspension de l'aide militaire pour l'affaire DeVine, la CIA continue de financer le renseignement militaire guatémaltèque, selon l'Intelligence Oversight Board en 1996.",Guatemala,"14.63,-90.51",https://en.wikipedia.org/w/index.php?search=Intelligence%20Oversight%20Board%20Guatemala
1990,crime,reconnu,Décoration du commandant du Vincennes,"Washington, États-Unis","Le capitaine William Rogers III, qui commandait le croiseur ayant abattu le vol Iran Air 655, reçoit la Legion of Merit pour son commandement.",Iran,"26.67,56.0",https://fr.wikipedia.org/w/index.php?search=Vol%20Iran%20Air%20655
1990,espion,documenté,"Montesinos, relais de la CIA","Lima, Pérou","Chef de fait du renseignement de Fujimori, Montesinos reçoit pendant une décennie un appui de la CIA, officiellement antidrogue, malgré les accusations de tortures et d'escadrons de la mort.",Pérou,"-12.05,-77.04",https://fr.wikipedia.org/w/index.php?search=Vladimiro%20Montesinos
1990,info,documenté,Soutien au candidat Marc Bazin,"Port-au-Prince, Haïti","Avant la présidentielle de 1990, des fonds américains pour la « démocratie » bénéficient à des organisations proches de Marc Bazin, ancien de la Banque mondiale. Aristide l'emporte largement.",Haïti,"18.54,-72.34",https://fr.wikipedia.org/w/index.php?search=%C3%89lection%20pr%C3%A9sidentielle%20ha%C3%AFtienne%20de%201990
1990-01,info,reconnu,Le major Buckland savait,"San Salvador, Salvador",Le conseiller militaire américain Eric Buckland déclare au FBI qu'un colonel salvadorien l'avait prévenu d'un projet contre les jésuites. L'information reste cachée plusieurs semaines.,Salvador,"13.69,-89.19",https://en.wikipedia.org/w/index.php?search=Murders%20of%20the%20Jesuits%20in%20El%20Salvador
1990-01-03,mort,reconnu,Capture de Noriega,"Nonciature, Panama","Réfugié à la nonciature, assiégée et bombardée de musique à plein volume, Noriega se rend. Il est emmené et jugé aux États-Unis.",Panama,"8.98,-79.52",https://en.wikipedia.org/w/index.php?search=Manuel%20Noriega
1990-02-09,info,documenté,« Pas d'un pouce vers l'est » : Baker à Gorbatchev,"Moscou, URSS","James Baker assure Gorbatchev que l'OTAN ne s'étendra pas « d'un pouce vers l'est ». Les archives publiées en 2017 attestent ces assurances, mais aucun traité ne les consigne.",URSS,"55.75,37.62",https://en.wikipedia.org/w/index.php?search=NATO%20expansion%20Baker%20not%20one%20inch%20eastward
1990-02-25,info,reconnu,Élections au Nicaragua,"Managua, Nicaragua",Washington finance l'opposition UNO de Violeta Chamorro via la National Endowment for Democracy. Elle bat les sandinistes.,Nicaragua,"12.13,-86.25",https://en.wikipedia.org/w/index.php?search=1990%20Nicaraguan%20general%20election
1990-03,sabot,allégué,Incendie de l'usine de Rabta,"Rabta, Libye","L'usine que Washington accuse de produire des armes chimiques est touchée par un incendie. La Libye accuse les États-Unis, Israël et l'Allemagne d'un sabotage, jamais établi.",Libye,"32.0,12.8",https://en.wikipedia.org/w/index.php?search=Rabta%20chemical%20weapons%20plant
1990-03-27,info,reconnu,TV Martí,Cuba,Washington lance une télévision de propagande vers Cuba depuis un ballon captif en Floride. Cuba la brouille dès le premier jour.,Cuba,"23.11,-82.37",https://en.wikipedia.org/w/index.php?search=Radio%20y%20Televisi%C3%B3n%20Mart%C3%AD
1990-04,mort,reconnu,Enlèvement d'Álvarez Machaín,"Guadalajara, Mexique",Des hommes payés par la DEA enlèvent le médecin Humberto Álvarez Machaín au Mexique pour le juger aux États-Unis. La Cour suprême valide la procédure en 1992. Il est acquitté.,Mexique,"20.67,-103.35",https://en.wikipedia.org/w/index.php?search=United%20States%20v.%20Alvarez-Machain
1990-04,crime,documenté,Fosse commune du Jardín de Paz,"Panama, Panama","Des dizaines de corps de victimes de l'invasion, enterrés par les troupes américaines, sont exhumés d'une fosse commune du cimetière Jardín de Paz.",Panama,"9.0,-79.5",https://en.wikipedia.org/w/index.php?search=United%20States%20invasion%20of%20Panama
1990-05-31,info,reconnu,Veto sur une mission d'enquête,"Conseil de sécurité, New York","Pendant la première intifada, Washington bloque l'envoi d'une commission du Conseil de sécurité pour examiner la situation des Palestiniens dans les territoires occupés.",Palestine,"31.9,35.2",https://en.wikipedia.org/w/index.php?search=List%20of%20vetoed%20United%20Nations%20Security%20Council%20resolutions
1990-06,mort,reconnu,Meurtre de Michael DeVine au Guatemala,"Petén, Guatemala","L'Américain Michael DeVine est tué par des soldats. Le colonel Julio Alpírez, lié à l'affaire, était un informateur payé de la CIA, selon un rapport officiel américain de 1996.",Guatemala,"16.9,-89.9",https://en.wikipedia.org/w/index.php?search=Julio%20Roberto%20Alp%C3%ADrez
1990-06,info,documenté,La NED finance l'opposition bulgare,"Sofia, Bulgarie",La National Endowment for Democracy et ses instituts financent l'Union des forces démocratiques et le syndicat Podkrepa avant les premières élections libres.,Bulgarie,"42.7,23.32",https://en.wikipedia.org/w/index.php?search=National%20Endowment%20for%20Democracy%20Bulgaria%201990
1990-07,mort,reconnu,Libération d'Orlando Bosch,"Miami, États-Unis","L'administration de George H. W. Bush libère Orlando Bosch, que le département de la Justice qualifiait de terroriste et que le Venezuela avait jugé pour l'attentat du vol Cubana 455. Il n'est pas expulsé.",Cuba,"23.11,-82.37",https://en.wikipedia.org/w/index.php?search=Orlando%20Bosch
1990-07-25,info,documenté,Entretien d'April Glaspie avec Saddam Hussein,"Bagdad, Irak","Une semaine avant l'invasion du Koweït, l'ambassadrice dit à Saddam Hussein que Washington n'a « pas d'opinion » sur les conflits interarabes comme son différend frontalier. Le verbatim vient de l'Irak ; y voir un feu vert reste débattu.",Irak,"33.31,44.37",https://en.wikipedia.org/w/index.php?search=April%20Glaspie
1990-07-31,info,reconnu,Kelly : aucun engagement envers le Koweït,"Bagdad, Irak","Devant la Chambre, le secrétaire d'État adjoint John Kelly déclare que les États-Unis n'ont aucun traité de défense avec les pays du Golfe, deux jours avant l'invasion du Koweït.",Irak,"33.31,44.37",https://en.wikipedia.org/w/index.php?search=April%20Glaspie
1990-08-06,sabot,reconnu,Embargo total contre l'Irak,"Bagdad, Irak","Sous l'impulsion de Washington, la résolution 661 de l'ONU impose un embargo quasi total à l'Irak. Maintenu jusqu'en 2003, il provoque pénuries de nourriture et de médicaments.",Irak,"33.31,44.37",https://fr.wikipedia.org/w/index.php?search=Sanctions%20contre%20l%27Irak
1990-09,info,documenté,Troupes irakiennes massées : preuve absente,Frontière saoudo-koweïtienne,"Le Pentagone affirme que jusqu'à 250 000 soldats irakiens menacent l'Arabie saoudite. Des images satellites commerciales soviétiques, analysées par le St. Petersburg Times, ne montrent pas de telle concentration.",Irak,"30.51,47.78",https://en.wikipedia.org/w/index.php?search=Jean%20Heller%20St.%20Petersburg%20Times%20satellite%20Iraq
1990-10,arme,documenté,Révélation du réseau Gladio,"Rome, Italie","Giulio Andreotti révèle l'existence de Gladio, réseau clandestin « stay-behind » monté avec la CIA et l'OTAN. Le Parlement européen demande en novembre 1990 des enquêtes dans tous les pays concernés.",Italie,"41.9,12.5",https://fr.wikipedia.org/w/index.php?search=Op%C3%A9ration%20Gladio
1990-10,sabot,reconnu,Sanctions Pressler contre le Pakistan,"Islamabad, Pakistan","Une fois l'Afghanistan évacué par les Soviétiques, Bush refuse de certifier que le Pakistan n'a pas d'arme nucléaire. L'aide militaire et économique est coupée et des F-16 déjà payés ne sont pas livrés.",Pakistan,"33.68,73.05",https://en.wikipedia.org/w/index.php?search=Pressler%20Amendment
1990-10-10,info,documenté,Témoignage de « Nayirah » sur les couveuses,"Washington, à propos du Koweït","Devant un caucus du Congrès, une adolescente affirme que des soldats irakiens ont sorti des bébés de couveuses. C'était la fille de l'ambassadeur koweïtien, préparée par Hill & Knowlton. George H. W. Bush reprend le récit, qui s'est révélé infondé.",Koweït,"29.37,47.98",https://fr.wikipedia.org/w/index.php?search=T%C3%A9moignage%20de%20Nayirah
1990-12,coup,documenté,Évacuation des « contras » libyens,"N'Djamena, Tchad","Des prisonniers libyens retournés contre Kadhafi, dont Khalifa Haftar, ont été formés au Tchad avec l'aide de la CIA. À la chute de Habré, Washington les évacue.",Tchad; Libye,"12.13,15.04; 32.89,13.19",https://fr.wikipedia.org/w/index.php?search=Khalifa%20Haftar
1991-01,sabot,documenté,Réseau d'eau irakien délibérément visé,"Bagdad, Irak","Un document du renseignement militaire de janvier 1991 prévoit que l'embargo empêchera l'Irak de traiter son eau, avec risque d'épidémies. Les centrales électriques, nécessaires au pompage, sont détruites.",Irak,"33.31,44.37",https://en.wikipedia.org/w/index.php?search=Iraq%20Water%20Treatment%20Vulnerabilities
1991-01,crime,reconnu,Usine de lait infantile d'Abou Ghraib bombardée,"Abou Ghraib, Irak",L'aviation américaine détruit une usine que l'Irak présente comme une fabrique de lait pour nourrissons. Washington affirme qu'il s'agissait d'un site d'armes biologiques. Le point reste contesté.,Irak,"33.29,44.06",https://en.wikipedia.org/w/index.php?search=Baby%20milk%20factory%20Abu%20Ghraib%201991
1991-01-17,arme,reconnu,Campagne aérienne « Tempête du désert »,"Bagdad, Irak","Une coalition menée par les États-Unis lance six semaines de bombardements massifs sur l'Irak et le Koweït occupé, visant aussi ponts, centrales et réseaux de communication.",Irak; Koweït,"33.31,44.37; 29.37,47.98",https://fr.wikipedia.org/w/index.php?search=Guerre%20du%20Golfe
1991-02,crime,reconnu,Obus à uranium appauvri en Irak et au Koweït,"Bassora, Irak","Les forces américaines tirent pour la première fois massivement des munitions à uranium appauvri, environ 300 tonnes selon les estimations courantes. Leurs effets sanitaires restent débattus.",Irak; Koweït,"30.51,47.78; 29.37,47.98",https://fr.wikipedia.org/w/index.php?search=Uranium%20appauvri
1991-02-13,crime,reconnu,Abri d'Amiriyah bombardé,"Bagdad, Irak","Deux bombes guidées percent un abri antiaérien du quartier d'Amiriyah et tuent plus de 400 civils, surtout des femmes et des enfants. Le Pentagone affirme avoir visé un centre de commandement.",Irak,"33.3,44.29",https://fr.wikipedia.org/w/index.php?search=Bombardement%20de%20l%27abri%20d%27Amiriyah
1991-02-15,info,reconnu,Appel de Bush au soulèvement irakien,Irak,George H. W. Bush appelle les Irakiens à renverser Saddam Hussein. Chiites du Sud et Kurdes du Nord se soulèvent début mars.,Irak,"33.31,44.37",https://fr.wikipedia.org/w/index.php?search=Soul%C3%A8vements%20de%201991%20en%20Irak
1991-02-24,crime,reconnu,Soldats irakiens enterrés vivants au bulldozer,"Frontière saoudo-irakienne, Irak","Des chars-bulldozers de la 1re division d'infanterie comblent les tranchées irakiennes, ensevelissant des centaines de soldats. Révélée par Newsday, la tactique a été confirmée par l'armée.",Irak,"29.9,46.5",https://en.wikipedia.org/w/index.php?search=Iraqi%20soldiers%20buried%20alive%201991%20bulldozer
1991-02-26,crime,reconnu,« Autoroute de la mort »,"Mutla, Koweït",Des avions américains pilonnent pendant des heures une colonne de véhicules irakiens et de civils fuyant Koweït vers Bassora. Le nombre de morts reste discuté ; la légalité de l'attaque aussi.,Koweït; Irak,"29.45,47.7; 30.51,47.78",https://fr.wikipedia.org/w/index.php?search=Autoroute%20de%20la%20mort
1991-03-02,crime,documenté,Bataille de Rumaila après le cessez-le-feu,"Rumaila, Irak","Deux jours après le cessez-le-feu, la 24e division d'infanterie détruit une colonne irakienne en retraite. Le journaliste Seymour Hersh y a vu un massacre ; l'armée a conclu à une riposte légitime.",Irak,"30.35,47.35",https://en.wikipedia.org/w/index.php?search=Battle%20of%20Rumaila
1991-03-03,info,reconnu,"Hélicoptères autorisés, insurgés abandonnés","Safwan, Irak","Aux accords de Safwan, le général Schwarzkopf autorise l'Irak à faire voler ses hélicoptères. Le régime s'en sert pour écraser les soulèvements, sans intervention américaine. Des dizaines de milliers de morts.",Irak,"30.11,47.72",https://fr.wikipedia.org/w/index.php?search=Soul%C3%A8vements%20de%201991%20en%20Irak
1991-04,arme,reconnu,Zone d'exclusion aérienne au nord,"Dohouk, Irak","Après l'exode kurde, les États-Unis, le Royaume-Uni et la France imposent une zone d'exclusion au nord du 36e parallèle, sans mandat explicite de l'ONU. Les patrouilles et frappes durent jusqu'en 2003.",Irak,"36.87,43.0",https://fr.wikipedia.org/w/index.php?search=Zones%20d%27exclusion%20a%C3%A9rienne%20en%20Irak
1991-05,coup,documenté,Directive secrète pour renverser Saddam,"Bagdad, Irak","George H. W. Bush signe une directive présidentielle autorisant la CIA à « créer les conditions » du renversement de Saddam Hussein, selon la presse américaine. C'est le point de départ des opérations des années 1990.",Irak,"33.31,44.37",https://en.wikipedia.org/w/index.php?search=CIA%20activities%20in%20Iraq
1991-05,coup,reconnu,Washington ouvre Addis-Abeba au FDRPE,"Addis-Abeba, Éthiopie","Après la fuite de Mengistu, le secrétaire d'État adjoint Herman Cohen, médiateur à Londres, recommande publiquement aux rebelles du FDRPE d'entrer dans Addis-Abeba. Ils prennent la capitale le 28 mai.",Éthiopie,"9.03,38.75",https://en.wikipedia.org/w/index.php?search=London%20Conference%201991%20Ethiopia%20Herman%20Cohen
1991-05,crime,documenté,Ordre 200-05/91 et réseaux de renseignement,"Bogotá, Colombie",L'armée colombienne crée des réseaux de renseignement sur les conseils d'une équipe du Pentagone et de la CIA. Human Rights Watch montre en 1996 qu'ils servent à des assassinats avec des paramilitaires.,Colombie,"4.71,-74.07",https://en.wikipedia.org/w/index.php?search=Colombia%27s%20Killer%20Networks%20Human%20Rights%20Watch
1991-09-30,coup,documenté,Aristide renversé,"Port-au-Prince, Haïti","L'armée renverse Jean-Bertrand Aristide. Plusieurs chefs de la junte, dont des officiers du SIN, étaient payés par la CIA, selon la presse américaine.",Haïti,"18.54,-72.34",https://en.wikipedia.org/w/index.php?search=1991%20Haitian%20coup%20d%27%C3%A9tat
1991-11,crime,reconnu,Réfugiés haïtiens internés à Guantánamo,"Base de Guantánamo, Cuba","Après le coup d'État en Haïti, des milliers de boat people sont retenus sur la base. Plus de 200 séropositifs sont gardés au camp Bulkeley jusqu'à ce qu'un juge fédéral ordonne leur libération en 1993.",Cuba; Haïti,"19.9,-75.15; 18.54,-72.34",https://en.wikipedia.org/w/index.php?search=Haitian%20Centers%20Council%2C%20Inc.%20v.%20Sale
1991-11-12,crime,documenté,Massacre de Santa Cruz à Dili,"Dili, Timor oriental","Des soldats indonésiens, armés notamment de fusils M16 américains, tuent au moins 250 manifestants au cimetière de Santa Cruz. En 1992, le Congrès coupe la formation militaire IMET à l'Indonésie.",Timor oriental,"-8.56,125.57",https://fr.wikipedia.org/w/index.php?search=Massacre%20de%20Santa%20Cruz
1991-11-14,info,reconnu,Inculpation de deux Libyens pour Lockerbie,"Tripoli, Libye","Washington et Londres inculpent deux agents libyens, Abdelbaset al-Megrahi et Lamin Fhimah, pour l'attentat de Lockerbie. Megrahi est condamné en 2001 ; sa culpabilité reste contestée par certains experts et par des proches de victimes.",Libye,"32.89,13.19",https://fr.wikipedia.org/w/index.php?search=Attentat%20de%20Lockerbie
1992,arme,documenté,Firestone traite avec Charles Taylor,"Harbel, Liberia","En pleine guerre civile, Firestone conclut un accord avec le NPFL de Taylor, qui contrôle sa plantation, et lui verse des taxes. Une enquête de ProPublica et Frontline documente ces paiements en 2014.",Liberia,"6.28,-10.35",https://en.wikipedia.org/w/index.php?search=Firestone%20and%20the%20Warlord
1992,crime,documenté,Pollution laissée à Clark et Subic,"Angeles, Philippines","Les bases rendues en 1991-1992 restent contaminées par hydrocarbures, amiante et PCB. Washington estime n'avoir aucune obligation de dépollution ; des familles relogées à Clark après le Pinatubo lient leurs maladies à l'eau polluée.",Philippines,"15.18,120.55; 14.83,120.28",https://en.wikipedia.org/w/index.php?search=Clark%20Air%20Base%20toxic%20waste%20contamination
1992,sabot,reconnu,Scandale des conseillers de Harvard,"Moscou, Russie","Financés par l'USAID pour guider les privatisations, Andrei Shleifer et Jonathan Hay investissent pour leur compte. Poursuivie par l'État américain, Harvard verse 26,5 millions de dollars en 2005.",Russie,"55.75,37.62",https://en.wikipedia.org/w/index.php?search=Harvard%20Institute%20for%20International%20Development
1992-01-02,sabot,documenté,Thérapie de choc conseillée par l'Occident,"Moscou, Russie","La Russie libère d'un coup les prix sur les conseils d'économistes occidentaux, dont Jeffrey Sachs, avec l'appui de Washington et du FMI. L'inflation dépasse 2 500 % dans l'année.",Russie,"55.75,37.62",https://fr.wikipedia.org/w/index.php?search=Th%C3%A9rapie%20de%20choc
1992-02,sabot,reconnu,Exemption de l'embargo pour les usines,"Port-au-Prince, Haïti",L'administration Bush exempte de l'embargo contre la junte les usines d'assemblage à capitaux américains. Les critiques y voient un affaiblissement de la pression sur les putschistes.,Haïti,"18.54,-72.34",https://en.wikipedia.org/w/index.php?search=1991%20Haitian%20coup%20d%27%C3%A9tat
1992-02-11,espion,reconnu,Collision de l'USS Baton Rouge devant Mourmansk,"Île Kildine, Russie","Le sous-marin américain Baton Rouge, en mission d'écoute, heurte le sous-marin russe Kostroma près des eaux territoriales russes. Washington reconnaît l'incident.",Russie,"69.3,34.2",https://en.wikipedia.org/w/index.php?search=USS%20Baton%20Rouge%20%28SSN-689%29
1992-03-12,mort,reconnu,Disparition d'Efraín Bámaca,"San Marcos, Guatemala","Le commandant guérillero, époux de l'avocate américaine Jennifer Harbury, disparaît et est tué en détention. Le colonel Alpírez, impliqué, était un informateur payé de la CIA, selon l'Intelligence Oversight Board.",Guatemala,"14.96,-91.8",https://en.wikipedia.org/w/index.php?search=Efra%C3%ADn%20B%C3%A1maca%20Vel%C3%A1squez
1992-03-31,sabot,reconnu,Sanctions de l'ONU pour Lockerbie,"Tripoli, Libye","À l'initiative des États-Unis, du Royaume-Uni et de la France, la résolution 748 impose un embargo aérien et sur les armes pour obtenir la remise des suspects de Lockerbie. Les sanctions sont suspendues en 1999.",Libye,"32.89,13.19",https://fr.wikipedia.org/w/index.php?search=R%C3%A9solution%20748%20du%20Conseil%20de%20s%C3%A9curit%C3%A9%20des%20Nations%20unies
1992-05,sabot,reconnu,Sanctions contre l'ISRO pour le moteur cryogénique,"Bangalore, Inde","Washington sanctionne l'agence spatiale indienne et l'agence russe Glavkosmos pour un transfert de moteurs cryogéniques, puis obtient en 1993 que Moscou renonce à céder la technologie.",Inde,"12.97,77.59",https://en.wikipedia.org/w/index.php?search=ISRO%20cryogenic%20engine%20United%20States%20sanctions%201992
1992-05-24,crime,reconnu,Décret de Kennebunkport,Haïti,"George Bush ordonne aux garde-côtes de renvoyer en Haïti les réfugiés interceptés en mer, sans examen de leur demande d'asile. La Cour suprême valide la pratique en 1993.",Haïti,"18.54,-72.34",https://en.wikipedia.org/w/index.php?search=Sale%20v.%20Haitian%20Centers%20Council
1992-06,info,documenté,"Le Congrès national irakien, créé avec la CIA","Vienne, Autriche","L'opposition en exil fonde le Congrès national irakien d'Ahmed Chalabi. La CIA finance l'opération via la société de relations publiques Rendon Group, selon des enquêtes d'ABC News et du New Yorker.",Irak,"33.31,44.37",https://en.wikipedia.org/w/index.php?search=Iraqi%20National%20Congress
1992-08-27,arme,reconnu,Zone d'exclusion aérienne au sud,"Nassiriya, Irak","L'opération Southern Watch interdit l'aviation irakienne au sud du 32e parallèle, étendu au 33e en 1996. Les frappes récurrentes font des victimes civiles jusqu'en 2003.",Irak,"31.05,46.26",https://en.wikipedia.org/w/index.php?search=Operation%20Southern%20Watch
1992-10-23,sabot,reconnu,Loi Torricelli contre Cuba,"La Havane, Cuba",Le Cuban Democracy Act durcit l'embargo : il interdit le commerce aux filiales étrangères d'entreprises américaines et sanctionne les navires ayant fait escale à Cuba.,Cuba,"23.11,-82.37",https://en.wikipedia.org/w/index.php?search=Cuban%20Democracy%20Act
1992-10-28,crime,reconnu,Meurtre de Yun Geum-i,"Dongducheon, Corée du Sud","Le soldat Kenneth Markle tue avec une grande violence Yun Geum-i, une femme travaillant près du camp Casey. Condamné à 15 ans de prison par la justice coréenne, il est libéré en 2006.",Corée du Sud,"37.9,127.06",https://en.wikipedia.org/w/index.php?search=Murder%20of%20Yun%20Geum-i
1992-12-09,arme,reconnu,Opération Restore Hope,"Mogadiscio, Somalie","Les Marines débarquent à Mogadiscio pour sécuriser l'aide humanitaire, première étape d'un engagement qui tourne à la guerre contre les milices.",Somalie,"2.04,45.34",https://fr.wikipedia.org/w/index.php?search=Op%C3%A9ration%20Restore%20Hope
1993,mort,documenté,Renseignements américains et Los Pepes,"Medellín, Colombie","Des renseignements de la Delta Force, de la CIA et de la DEA transmis au Bloc de recherche parviennent aux « Pepes », escadron qui tue des proches d'Escobar, selon des documents déclassifiés.",Colombie,"6.25,-75.57",https://fr.wikipedia.org/w/index.php?search=Los%20Pepes
1993-01-17,crime,reconnu,Missile sur l'hôtel al-Rachid,"Bagdad, Irak",Des missiles de croisière visent un complexe industriel près de Bagdad ; l'un d'eux s'écrase sur l'hôtel al-Rachid et tue deux civils. Le Pentagone l'attribue à une défaillance.,Irak,"33.31,44.37",https://en.wikipedia.org/w/index.php?search=Al-Rasheed%20Hotel
1993-03-20,espion,reconnu,Collision de l'USS Grayling en mer de Barents,"Mer de Barents, Russie","L'USS Grayling, qui suit un sous-marin lanceur d'engins russe, le percute. Eltsine proteste et Clinton exprime ses regrets.",Russie,"69.8,36.0",https://en.wikipedia.org/w/index.php?search=USS%20Grayling%20%28SSN-646%29
1993-06-12,arme,reconnu,Frappes contre la radio d'Aidid,"Mogadiscio, Somalie","Après la mort de 24 Casques bleus pakistanais, des AC-130 et hélicoptères américains frappent la radio et les dépôts d'armes du général Aidid. Ces raids ouvrent la chasse au chef de guerre.",Somalie,"2.04,45.34",https://en.wikipedia.org/w/index.php?search=UNOSOM%20II%20June%201993%20AC-130%20Aidid%20radio
1993-06-26,arme,reconnu,Missiles sur le siège du renseignement irakien,"Bagdad, Irak","En représailles à un complot présumé contre George H. W. Bush au Koweït, 23 missiles de croisière visent Bagdad. Certains tombent sur un quartier résidentiel et tuent l'artiste Leila al-Attar.",Irak,"33.31,44.37",https://en.wikipedia.org/w/index.php?search=June%201993%20cruise%20missile%20strikes%20on%20Iraq
1993-07-12,crime,reconnu,Attaque de la maison Abdi,"Mogadiscio, Somalie",Des hélicoptères américains tirent des missiles sur une réunion de chefs de clan. Le CICR compte 54 morts ; l'ONU parle de 20. L'attaque retourne la population contre les Américains.,Somalie,"2.04,45.34",https://en.wikipedia.org/w/index.php?search=Bloody%20Monday%20raid
1993-08,sabot,reconnu,Cargo Yinhe fouillé pour rien,"Dammam, Arabie saoudite","Accusant le cargo chinois Yinhe de livrer des précurseurs chimiques à l'Iran, l'US Navy le suit et l'empêche d'accoster pendant des semaines. La fouille à Dammam ne trouve rien.",Chine,"39.9,116.4",https://en.wikipedia.org/w/index.php?search=Yinhe%20incident
1993-08-12,sabot,reconnu,Soudan classé État terroriste,"Khartoum, Soudan","Le département d'État inscrit le Soudan sur la liste des États soutenant le terrorisme, ce qui entraîne restrictions commerciales et financières. Le pays y reste jusqu'en décembre 2020.",Soudan,"15.5,32.53",https://en.wikipedia.org/w/index.php?search=State%20Sponsors%20of%20Terrorism
1993-10,info,reconnu,La CIA décrit Aristide comme instable,Haïti,"L'analyste de la CIA Brian Latell présente à des sénateurs un portrait d'Aristide « instable » et sous traitement. Ces affirmations, reprises par ses adversaires au Congrès, sont ensuite démenties.",Haïti,"18.54,-72.34",https://fr.wikipedia.org/w/index.php?search=Jean-Bertrand%20Aristide
1993-10-03,arme,reconnu,Bataille de Mogadiscio,"Mogadiscio, Somalie","Un raid pour capturer des lieutenants d'Aïdid tourne au combat urbain ; 18 soldats américains et plusieurs centaines de Somaliens, dont de nombreux civils, sont tués.",Somalie,"2.04,45.34",https://fr.wikipedia.org/w/index.php?search=Bataille%20de%20Mogadiscio%20%281993%29
1993-10-04,coup,reconnu,Washington soutient l'assaut contre le Parlement,"Moscou, Russie","Clinton appuie Eltsine, qui a dissous le Parlement en violation de la Constitution, puis le fait bombarder par des chars. Les combats font environ 150 morts.",Russie,"55.75,37.62",https://fr.wikipedia.org/w/index.php?search=Crise%20constitutionnelle%20russe%20de%201993
1993-11-11,sabot,reconnu,Sanctions de l'ONU renforcées,"Tripoli, Libye","La résolution 883 gèle des avoirs libyens à l'étranger et interdit la vente d'équipements pétroliers à la Libye, toujours pour obtenir la remise des suspects de Lockerbie.",Libye,"32.89,13.19",https://en.wikipedia.org/w/index.php?search=United%20Nations%20Security%20Council%20Resolution%20883
1993-12-02,mort,documenté,Mort de Pablo Escobar,"Medellín, Colombie","Escobar est abattu par le Bloc de recherche, guidé par les interceptions de l'unité américaine Centra Spike et appuyé par la DEA et des forces spéciales américaines.",Colombie,"6.25,-75.57",https://fr.wikipedia.org/w/index.php?search=Pablo%20Escobar
1994,espion,documenté,Contrat Airbus perdu en Arabie,"Riyad, Arabie saoudite","Selon le rapport du Parlement européen sur Echelon (2001), des interceptions de la NSA ont aidé Boeing et McDonnell Douglas à battre Airbus sur un contrat saoudien.",France; Arabie saoudite,"48.86,2.35; 24.69,46.72",https://fr.wikipedia.org/w/index.php?search=Echelon
1994,espion,documenté,Contrat SIVAM contre Thomson-CSF,"Brasília, Brésil","Selon le rapport européen sur Echelon, des interceptions américaines ont aidé Raytheon à ravir à Thomson-CSF le contrat brésilien de surveillance de l'Amazonie.",France; Brésil,"48.86,2.35; -15.79,-47.88",https://en.wikipedia.org/w/index.php?search=SIVAM%20Raytheon%20Thomson-CSF%20Echelon
1994,espion,allégué,Enercon espionnée par la NSA,"Aurich, Allemagne","Selon la presse citée par le Parlement européen, la NSA aurait intercepté des données du fabricant d'éoliennes Enercon au profit d'un concurrent américain. Les États-Unis n'ont rien reconnu.",Allemagne,"53.47,7.48",https://en.wikipedia.org/w/index.php?search=Enercon%20ECHELON
1994,crime,documenté,Armes américaines contre les villages kurdes,Sud-est de la Turquie,"Hélicoptères Cobra, F-16 et blindés fournis par Washington servent à la destruction de villages kurdes. Human Rights Watch documente ces violations en 1995.",Turquie,"37.9,40.2",https://en.wikipedia.org/w/index.php?search=Kurdish%E2%80%93Turkish%20conflict%20%281978%E2%80%93present%29
1994-04,arme,reconnu,Feu vert aux armes iraniennes en Bosnie,"Zagreb, Croatie","Washington fait savoir à la Croatie qu'il n'a « pas d'instructions » contre le transit d'armes iraniennes vers les Bosniaques, malgré l'embargo de l'ONU. Le Congrès enquête en 1996.",Bosnie-Herzégovine; Croatie,"43.86,18.41; 44.04,16.2",https://en.wikipedia.org/w/index.php?search=Iran%E2%80%93Bosnia%20arms%20pipeline%20Clinton%20green%20light
1994-04-21,sabot,reconnu,Réduction de la MINUAR en plein génocide,"Kigali, Rwanda","Avec l'appui actif de Washington, opposé à tout renforcement, le Conseil de sécurité réduit la mission de l'ONU au Rwanda à 270 hommes alors que les massacres s'étendent.",Rwanda,"-1.95,30.06",https://en.wikipedia.org/w/index.php?search=United%20Nations%20Security%20Council%20Resolution%20912
1994-05,sabot,reconnu,Blindés pour l'ONU retenus au Rwanda,"Kigali, Rwanda","Après la résolution 918, Washington négocie pendant des semaines le prix de location des blindés promis à la MINUAR II. Ils n'arrivent qu'une fois le génocide terminé.",Rwanda,"-1.95,30.06",https://en.wikipedia.org/w/index.php?search=United%20Nations%20Security%20Council%20Resolution%20918
1994-05-05,info,reconnu,Refus de brouiller la Radio des Mille Collines,"Kigali, Rwanda","Un mémo du Pentagone juge le brouillage de la RTLM, qui appelle aux massacres, trop coûteux et contraire à la liberté des ondes. Washington y renonce, selon des documents déclassifiés.",Rwanda,"-1.95,30.06",https://en.wikipedia.org/w/index.php?search=Radio%20T%C3%A9l%C3%A9vision%20Libre%20des%20Mille%20Collines
1994-06,arme,reconnu,Frappe sur Yongbyon envisagée,"Yongbyon, Corée du Nord",Le Pentagone prépare des options de frappe contre le réacteur de Yongbyon et des renforts militaires. L'ancien secrétaire à la Défense William Perry l'a confirmé. La visite de Jimmy Carter désamorce la crise.,Corée du Nord,"39.8,125.75",https://en.wikipedia.org/w/index.php?search=1994%20North%20Korean%20nuclear%20crisis
1994-06-10,info,reconnu,Refus du mot « génocide »,"Washington, États-Unis",La porte-parole du département d'État Christine Shelly parle d'« actes de génocide » sans employer le mot seul. Washington évite ainsi l'obligation d'agir prévue par la convention de 1948.,Rwanda,"-1.95,30.06",https://en.wikipedia.org/w/index.php?search=Rwandan%20genocide%20United%20States%20acts%20of%20genocide%20Christine%20Shelly
1994-08,crime,reconnu,Balseros cubains retenus à Guantánamo,"Base de Guantánamo, Cuba","Clinton fait intercepter en mer les Cubains fuyant l'île et les interne sur la base : plus de 30 000 personnes y sont retenues, certaines plus d'un an, avant un accord migratoire en 1995.",Cuba,"19.9,-75.15",https://en.wikipedia.org/w/index.php?search=1994%20Cuban%20rafter%20crisis
1994-09,arme,reconnu,MPRI forme l'armée croate,"Zagreb, Croatie","Avec l'accord du département d'État, la société militaire privée MPRI conseille et forme l'armée croate, qui lance quelques mois plus tard les offensives contre les Serbes de Krajina.",Croatie,"45.81,15.98",https://en.wikipedia.org/w/index.php?search=Military%20Professional%20Resources%20Inc.
1994-09-19,arme,reconnu,Opération Uphold Democracy,"Port-au-Prince, Haïti","Environ 20 000 soldats américains débarquent, avec mandat de l'ONU, pour chasser la junte et rétablir Jean-Bertrand Aristide au pouvoir.",Haïti,"18.54,-72.34",https://en.wikipedia.org/w/index.php?search=Operation%20Uphold%20Democracy
1994-10,info,documenté,Le chef du FRAPH payé par la CIA,"Port-au-Prince, Haïti","Le journaliste Allan Nairn révèle qu'Emmanuel « Toto » Constant, fondateur de l'escadron paramilitaire FRAPH, était un informateur rémunéré de la CIA. Des responsables américains le confirment.",Haïti,"18.54,-72.34",https://en.wikipedia.org/w/index.php?search=Emmanuel%20Constant%20FRAPH
1994-10,espion,reconnu,Saisie des archives du FRAPH,"Port-au-Prince, Haïti",Les troupes américaines saisissent environ 160 000 pages de documents du FRAPH et de l'armée. Washington refuse pendant des années de les rendre intactes à Haïti.,Haïti,"18.54,-72.34",https://en.wikipedia.org/w/index.php?search=FRAPH
1995,espion,documenté,Négociateurs japonais écoutés,"Genève, Suisse","Selon le New York Times, la NSA et la CIA ont espionné les négociateurs japonais lors du différend commercial sur l'automobile pour aider le représentant Mickey Kantor.",Japon,"35.69,139.69",https://en.wikipedia.org/w/index.php?search=1995%20Japan%20US%20auto%20trade%20talks%20CIA%20espionage
1995,arme,reconnu,Programme de destruction des avionnettes,"Amazonie, Pérou",La CIA aide l'armée de l'air péruvienne à repérer puis abattre de petits avions soupçonnés de transporter de la drogue. Des dizaines d'appareils sont détruits.,Pérou,"-3.75,-73.25",https://en.wikipedia.org/w/index.php?search=Air%20Bridge%20Denial%20Program
1995-02,espion,documenté,Espions de la CIA expulsés de Paris,"Paris, France","Le gouvernement français demande le départ de plusieurs Américains, dont des agents de la CIA sous couverture diplomatique, accusés d'espionnage politique et économique.",France,"48.86,2.35",https://en.wikipedia.org/w/index.php?search=1995%20CIA%20France%20espionage%20expulsion
1995-03,coup,documenté,Offensive avortée du Congrès national irakien,Nord de l'Irak,"Le Congrès national irakien lance une offensive depuis le Kurdistan avec l'appui d'un officier de la CIA, Robert Baer. Washington se retire au dernier moment et l'opération échoue, selon les mémoires de Baer.",Irak,"36.19,44.01",https://en.wikipedia.org/w/index.php?search=Iraqi%20National%20Congress
1995-03-15,sabot,reconnu,Interdiction d'investir dans le pétrole iranien,"Washington, États-Unis","Clinton interdit par décret aux entreprises américaines de développer le pétrole iranien, bloquant un contrat de Conoco.",Iran,"35.69,51.39",https://fr.wikipedia.org/w/index.php?search=Sanctions%20contre%20l%27Iran
1995-05-06,sabot,reconnu,Embargo commercial total contre l'Iran,"Washington, États-Unis",Clinton interdit par décret presque tout commerce et investissement américain avec l'Iran.,Iran,"35.69,51.39",https://fr.wikipedia.org/w/index.php?search=Sanctions%20contre%20l%27Iran
1995-05-17,info,reconnu,Veto sur les confiscations à Jérusalem-Est,"Conseil de sécurité, New York","Seuls contre quatorze, les États-Unis bloquent un projet demandant à Israël de renoncer à confisquer des terres à Jérusalem-Est.",Palestine,"31.78,35.23",https://en.wikipedia.org/w/index.php?search=List%20of%20vetoed%20United%20Nations%20Security%20Council%20resolutions
1995-06,crime,documenté,Enquête du Baltimore Sun sur le bataillon 316,"Tegucigalpa, Honduras","Une série du Baltimore Sun documente que la CIA a formé et soutenu le bataillon 316, connaissait ses tortures et assassinats, et que l'ambassade les a tus.",Honduras,"14.07,-87.21",https://en.wikipedia.org/w/index.php?search=Battalion%203-16
1995-08-04,crime,documenté,Feu vert à l'opération Tempête,"Knin, Croatie","L'offensive croate chasse environ 200 000 Serbes de Krajina, avec des meurtres de civils. Washington, informé, a donné un feu vert tacite selon des diplomates et des historiens.",Croatie,"44.04,16.2",https://fr.wikipedia.org/w/index.php?search=Op%C3%A9ration%20Temp%C3%AAte
1995-08-30,arme,reconnu,Opération Deliberate Force,"Sarajevo, Bosnie-Herzégovine","Campagne aérienne de l'OTAN, menée surtout par l'aviation américaine, contre les forces serbes de Bosnie après le bombardement du marché de Markale.",Bosnie-Herzégovine,"43.86,18.41",https://fr.wikipedia.org/w/index.php?search=Op%C3%A9ration%20Deliberate%20Force
1995-09,crime,reconnu,Uranium appauvri à Hadžići,"Hadžići, Bosnie-Herzégovine",Des A-10 américains tirent des obus à l'uranium appauvri sur un dépôt serbe de Bosnie. L'OTAN le confirme en 2000. Les effets sur la santé des habitants restent débattus.,Bosnie-Herzégovine,"43.82,18.2",https://fr.wikipedia.org/w/index.php?search=Uranium%20appauvri%20Bosnie
1995-09,mort,documenté,Talaat Fouad Qassem livré à l'Égypte,"Zagreb, Croatie","Ce dirigeant de la Gamaa islamiya est enlevé en Croatie et remis à l'Égypte lors d'une opération montée avec la CIA, puis disparaît. C'est l'une des premières restitutions extraordinaires.",Égypte,"30.04,31.24",https://en.wikipedia.org/w/index.php?search=Talaat%20Fouad%20Qasim
1995-09-04,crime,reconnu,Viol d'une écolière à Okinawa,"Kin, Japon",Trois militaires américains enlèvent et violent une fillette de 12 ans. Ils sont condamnés au Japon ; l'affaire provoque des manifestations massives contre les bases.,Japon,"26.45,127.9",https://en.wikipedia.org/w/index.php?search=1995%20Okinawa%20rape%20incident
1995-12,info,documenté,Fonds secrets pour changer le régime iranien,"Washington, États-Unis","À l'initiative de Newt Gingrich, le Congrès inscrit 18 millions de dollars pour une action clandestine contre le gouvernement iranien, selon la presse américaine. Téhéran répond par un budget de riposte.",Iran,"35.69,51.39",https://en.wikipedia.org/w/index.php?search=Iran%E2%80%93United%20States%20relations
1996,info,reconnu,Programme « démocratie » de l'USAID à Cuba,"La Havane, Cuba","En application de la loi Helms-Burton, l'USAID finance des groupes d'opposition, des journalistes indépendants et l'envoi de livres et de matériel à Cuba. Des centaines de millions de dollars y sont consacrés.",Cuba,"23.11,-82.37",https://en.wikipedia.org/w/index.php?search=USAID%20Cuba%20democracy%20program
1996,crime,allégué,Stérilisations forcées sous Fujimori,Pérou,"Environ 270 000 femmes sont stérilisées, souvent sans consentement éclairé. Des associations de victimes et des élus du Congrès américain reprochent à l'USAID, qui finançait le planning familial péruvien, d'avoir soutenu le programme ; l'agence nie avoir financé les abus.",Pérou,"-12.05,-77.04",https://fr.wikipedia.org/w/index.php?search=St%C3%A9rilisations%20forc%C3%A9es%20au%20P%C3%A9rou
1996,mort,reconnu,Emmanuel Constant protégé aux États-Unis,"Port-au-Prince, Haïti","Le chef du FRAPH, arrêté aux États-Unis, n'est pas expulsé vers Haïti où il est recherché pour massacres. Il est libéré et vit à New York, avant d'être condamné en 2008 pour fraude.",Haïti,"18.54,-72.34",https://en.wikipedia.org/w/index.php?search=Emmanuel%20Constant
1996-03,arme,reconnu,Deux porte-avions dans le détroit de Taïwan,Détroit de Taïwan,"Pendant les tirs de missiles chinois autour de Taïwan, Washington envoie les groupes des porte-avions Independence et Nimitz, le plus grand déploiement dans la région depuis le Vietnam.",Chine; Taïwan,"24.48,118.09; 25.04,121.56",https://fr.wikipedia.org/w/index.php?search=Troisi%C3%A8me%20crise%20du%20d%C3%A9troit%20de%20Ta%C3%AFwan
1996-03-01,sabot,reconnu,Colombie « décertifiée »,"Washington, États-Unis","Clinton retire à la Colombie sa certification antidrogue pour punir le président Ernesto Samper, accusé d'avoir été financé par le cartel de Cali. Sanction renouvelée en 1997.",Colombie,"4.71,-74.07",https://fr.wikipedia.org/w/index.php?search=Ernesto%20Samper
1996-03-12,sabot,reconnu,Loi Helms-Burton,"La Havane, Cuba",La loi inscrit l'embargo contre Cuba dans la législation et menace de sanctions les entreprises étrangères qui commercent avec l'île. L'Union européenne la conteste devant l'OMC.,Cuba,"23.11,-82.37",https://fr.wikipedia.org/w/index.php?search=Loi%20Helms-Burton
1996-03-26,sabot,reconnu,"Prêt du FMI de 10,2 milliards à Eltsine","Moscou, Russie","Soutenu par Washington, le FMI accorde à la Russie un crédit de 10,2 milliards de dollars à trois mois de l'élection. Les versements aident Eltsine à payer salaires et pensions en retard.",Russie,"55.75,37.62",https://fr.wikipedia.org/w/index.php?search=%C3%89lection%20pr%C3%A9sidentielle%20russe%20de%201996
1996-05-12,sabot,reconnu,« Le prix en vaut la peine » : Madeleine Albright,Irak,"Interrogée sur la mort estimée d'un demi-million d'enfants irakiens sous l'embargo, l'ambassadrice à l'ONU répond que « le prix en vaut la peine ». Ce chiffre de l'époque a depuis été contesté.",Irak,"33.31,44.37",https://en.wikipedia.org/w/index.php?search=Madeleine%20Albright%20Iraq%20sanctions%2060%20Minutes
1996-06,coup,documenté,Complot raté de l'Entente nationale irakienne,"Bagdad, Irak",Un coup d'État militaire préparé par la CIA avec l'Entente nationale irakienne d'Iyad Allaoui est éventé. Des dizaines d'officiers sont arrêtés et exécutés.,Irak,"33.31,44.37",https://en.wikipedia.org/w/index.php?search=Iraqi%20National%20Accord
1996-07,sabot,reconnu,Visa du président Samper révoqué,"Bogotá, Colombie","Washington annule le visa du chef d'État colombien en exercice, qu'il accuse d'avoir reçu l'argent du cartel de Cali.",Colombie,"4.71,-74.07",https://fr.wikipedia.org/w/index.php?search=Proceso%208000
1996-07-03,info,documenté,Réélection de Boris Eltsine,"Moscou, Russie","Des consultants américains travaillent pour sa campagne (« Yanks to the Rescue », Time) et le FMI débloque un prêt de 10 milliards de dollars en pleine campagne.",Russie,"55.75,37.62",https://en.wikipedia.org/w/index.php?search=1996%20Russian%20presidential%20election
1996-08-05,sabot,reconnu,Loi ILSA contre l'Iran et la Libye,"Tripoli, Libye","Clinton signe l'Iran and Libya Sanctions Act, qui sanctionne les entreprises étrangères investissant dans le pétrole libyen ou iranien. L'Union européenne conteste cette portée extraterritoriale.",Libye,"32.89,13.19",https://en.wikipedia.org/w/index.php?search=Iran%20and%20Libya%20Sanctions%20Act
1996-08-31,coup,documenté,Réseau de la CIA détruit à Erbil,"Erbil, Irak",Les troupes irakiennes entrent à Erbil avec le PDK et démantèlent la base du Congrès national irakien. Des opposants liés à la CIA sont exécutés ; Washington évacue ensuite des milliers d'alliés vers Guam.,Irak,"36.19,44.01",https://en.wikipedia.org/w/index.php?search=1996%20Iraqi%20Kurdish%20civil%20war
1996-09,info,reconnu,Lancement de Radio Free Asia,"Pékin, Chine","Radio Free Asia, financée par le Congrès, commence à émettre en mandarin vers la Chine, puis en tibétain et en ouïghour.",Chine,"39.9,116.4",https://fr.wikipedia.org/w/index.php?search=Radio%20Free%20Asia
1996-09-03,arme,reconnu,Opération Desert Strike,Sud de l'Irak,"Après l'entrée de troupes irakiennes à Erbil, les États-Unis tirent des dizaines de missiles de croisière sur des défenses antiaériennes du sud et élargissent la zone d'exclusion.",Irak,"32.5,45.0",https://en.wikipedia.org/w/index.php?search=Operation%20Desert%20Strike
1996-10,arme,allégué,Soutien allégué à l'offensive de l'AFDL,Est du Zaïre,"Le Rwanda et l'Ouganda, alliés de Washington, lancent la rébellion de Laurent-Désiré Kabila ; des militaires américains avaient formé l'armée rwandaise. Des auteurs, dont le journaliste Wayne Madsen devant le Congrès en 2001, allèguent un appui direct. Washington dément ; rien ne l'établit.",Zaïre,"-1.68,29.22",https://fr.wikipedia.org/w/index.php?search=Premi%C3%A8re%20guerre%20du%20Congo
1996-10-21,sabot,allégué,Accusation du thrips palmi,"Matanzas, Cuba","Cuba accuse un avion du département d'État de pulvériser un insecte ravageur, le thrips palmi, au-dessus de Matanzas. Washington dément. Une réunion de la convention sur les armes biologiques en 1997 ne tranche pas.",Cuba,"23.04,-81.58",https://en.wikipedia.org/w/index.php?search=Thrips%20palmi%20Cuba%201996%20biological%20weapons
1996-11,arme,reconnu,Aide militaire aux voisins du Soudan,"Khartoum, Soudan","Washington annonce environ 20 millions de dollars d'équipement militaire pour l'Érythrée, l'Éthiopie et l'Ouganda, qui soutiennent les rebelles opposés au régime de Khartoum.",Soudan,"15.5,32.53",https://en.wikipedia.org/w/index.php?search=Sudan%20frontline%20states%201996%20United%20States%20military%20aid
1997,crime,reconnu,Chiquita finance les paramilitaires,"Urabá, Colombie","La filiale de Chiquita verse 1,7 million de dollars aux AUC jusqu'en 2004. La firme plaide coupable en 2007 ; un jury de Floride la déclare responsable de huit meurtres en 2024.",Colombie,"7.88,-76.63",https://fr.wikipedia.org/w/index.php?search=Chiquita%20Brands%20International
1997-03-07,info,reconnu,Premier veto sur Har Homa,"Conseil de sécurité, New York","Washington bloque un projet demandant à Israël de renoncer à la colonie de Har Homa, à Jérusalem-Est.",Palestine,"31.73,35.21",https://en.wikipedia.org/w/index.php?search=List%20of%20vetoed%20United%20Nations%20Security%20Council%20resolutions
1997-03-21,info,reconnu,Second veto sur Har Homa,"Conseil de sécurité, New York","Deux semaines après le premier, un nouveau projet exigeant l'arrêt immédiat de la construction de Har Homa est bloqué par les États-Unis.",Palestine,"31.73,35.21",https://en.wikipedia.org/w/index.php?search=List%20of%20vetoed%20United%20Nations%20Security%20Council%20resolutions
1997-04-12,sabot,allégué,Attentats contre les hôtels de La Havane,"La Havane, Cuba","Une bombe explose à l'hôtel Meliá Cohiba, début d'une série contre le tourisme. En 1998, Posada Carriles dit au New York Times les avoir organisés avec l'argent d'exilés. Cuba accuse Washington de le protéger ; aucun rôle du gouvernement américain n'est établi.",Cuba,"23.11,-82.37",https://en.wikipedia.org/w/index.php?search=1997%20Cuba%20hotel%20bombings
1997-05-04,coup,reconnu,Richardson pousse Mobutu au départ,"Pointe-Noire, Congo","L'envoyé de Clinton, Bill Richardson, organise la rencontre entre Mobutu et Kabila sur un navire sud-africain et presse le maréchal de quitter le pouvoir. Mobutu fuit Kinshasa le 16 mai.",Zaïre,"-4.32,15.31",https://fr.wikipedia.org/w/index.php?search=Mobutu%20Sese%20Seko
1997-05-20,sabot,reconnu,Interdiction d'investir en Birmanie,"Rangoun, Birmanie",Bill Clinton interdit tout nouvel investissement américain en Birmanie pour sanctionner la junte.,Birmanie,"16.8,96.16",https://en.wikipedia.org/w/index.php?search=Sanctions%20against%20Myanmar%20United%20States%201997
1997-08,crime,reconnu,Rapport de l'inspecteur général de la CIA,Honduras,"Un rapport interne de la CIA, partiellement déclassifié en 1998, reconnaît que l'agence avait des liens avec des officiers honduriens impliqués dans des violations des droits humains.",Honduras,"14.07,-87.21",https://en.wikipedia.org/w/index.php?search=Battalion%203-16
1997-09-04,mort,allégué,Mort de Fabio Di Celmo à La Havane,"La Havane, Cuba","Des bombes frappent trois hôtels (Copacabana, Chateau Miramar, Tritón) et La Bodeguita del Medio. Le touriste italien Fabio Di Celmo meurt au Copacabana. Le Salvadorien Raúl Cruz León, du réseau de Posada Carriles, est condamné. Cuba accuse Washington ; aucun rôle américain n'est établi.",Cuba,"23.11,-82.37",https://en.wikipedia.org/w/index.php?search=Fabio%20Di%20Celmo
1997-11-03,sabot,reconnu,Embargo commercial contre le Soudan,"Khartoum, Soudan","Par le décret 13067, Bill Clinton impose un embargo commercial et financier total au Soudan. Il reste en vigueur jusqu'en octobre 2017.",Soudan,"15.5,32.53",https://en.wikipedia.org/w/index.php?search=Sanctions%20against%20Sudan
1998,sabot,reconnu,"Plan Dignidad, « coca zéro »","Chapare, Bolivie","Financé par Washington, le plan d'éradication forcée du président Banzer militarise le Chapare. Des dizaines de cultivateurs et de soldats meurent dans les affrontements.",Bolivie,"-16.97,-65.42",https://en.wikipedia.org/w/index.php?search=Plan%20Dignidad
1998-02-03,crime,reconnu,Téléphérique de Cermis,"Cavalese, Italie",Un avion EA-6B des Marines volant trop bas sectionne le câble : 20 morts. La cour martiale américaine acquitte l'équipage ; deux officiers sont sanctionnés pour avoir détruit la vidéo du vol.,Italie,"46.29,11.46",https://fr.wikipedia.org/w/index.php?search=Catastrophe%20du%20t%C3%A9l%C3%A9ph%C3%A9rique%20de%20Cermis
1998-03,crime,reconnu,Formation secrète des Kopassus,"Jakarta, Indonésie","Des documents révèlent que le Pentagone a continué d'entraîner les forces spéciales Kopassus, via le programme JCET, malgré l'interdiction du Congrès. Le Pentagone le reconnaît.",Indonésie,"-6.2,106.85",https://en.wikipedia.org/w/index.php?search=Kopassus%20JCET%20training%201998
1998-05,mort,reconnu,Projet d'enlèvement de Ben Laden à Tarnak,"Tarnak Farms, Kandahar, Afghanistan","La CIA prépare avec des tribus afghanes un raid pour enlever Oussama ben Laden dans son camp de Tarnak. Le plan est annulé en mai 1998 par crainte de pertes civiles, selon la commission du 11-Septembre.",Afghanistan,"31.51,65.87",https://en.wikipedia.org/w/index.php?search=Tarnak%20Farms
1998-05-13,sabot,reconnu,Sanctions Glenn contre l'Inde,"New Delhi, Inde","Après les essais nucléaires de Pokhran II, Clinton applique l'amendement Glenn : fin de l'aide hors humanitaire, veto aux prêts internationaux, interdiction de ventes militaires.",Inde,"28.61,77.21",https://en.wikipedia.org/w/index.php?search=Pokhran-II%20sanctions
1998-05-18,espion,reconnu,Opération Casablanca,"Mexico, Mexique","Les douanes américaines révèlent une opération d'infiltration contre le blanchiment dans des banques mexicaines, menée sans prévenir Mexico, qui dénonce une atteinte à sa souveraineté.",Mexique,"19.43,-99.13",https://en.wikipedia.org/w/index.php?search=Operation%20Casablanca%201998
1998-05-28,crime,documenté,Tirs sur la plateforme Chevron de Parabe,"Parabe, Nigeria",Des soldats nigérians transportés par des hélicoptères loués par Chevron tuent deux manifestants ijaw qui occupaient la plateforme. Un jury américain juge Chevron non responsable en 2008.,Nigeria,"6.1,4.8",https://en.wikipedia.org/w/index.php?search=Bowoto%20v.%20Chevron
1998-05-30,sabot,reconnu,Sanctions Glenn contre le Pakistan,"Islamabad, Pakistan","Après les essais de Chagai, les mêmes sanctions frappent le Pakistan, déjà sous le coup de l'amendement Pressler. Elles sont levées pour les deux pays en septembre 2001.",Pakistan,"33.68,73.05",https://en.wikipedia.org/w/index.php?search=Chagai-I%20sanctions
1998-07,mort,documenté,Les « revenants d'Albanie »,"Tirana, Albanie","La police albanaise, guidée par la CIA, arrête des islamistes égyptiens qui sont livrés au Caire. Certains disent avoir été torturés. Ils sont jugés en 1999 dans un procès de masse.",Égypte,"30.04,31.24",https://en.wikipedia.org/w/index.php?search=Returnees%20from%20Albania
1998-08-20,arme,reconnu,Usine d'Al-Shifa bombardée,"Khartoum, Soudan","Des missiles détruisent l'usine qui produisait une grande part des médicaments du Soudan, présentée comme un site d'armes chimiques lié à Ben Laden. Aucune preuve solide n'a été apportée.",Soudan,"15.64,32.54",https://fr.wikipedia.org/w/index.php?search=Bombardement%20de%20l%27usine%20d%27Al-Shifa
1998-08-20,arme,reconnu,Missiles sur les camps de Khost,"Khost, Afghanistan","Après les attentats de Nairobi et Dar es Salaam, des dizaines de missiles de croisière frappent des camps liés à Ben Laden (opération Infinite Reach). Ben Laden n'est pas touché.",Afghanistan,"33.13,69.93",https://en.wikipedia.org/w/index.php?search=Operation%20Infinite%20Reach
1998-09,info,documenté,Campagne OK'98 contre Mečiar,"Bratislava, Slovaquie","Des fonds de la NED, de l'USAID et de fondations américaines soutiennent la campagne civique OK'98, qui mobilise les électeurs contre Vladimír Mečiar aux législatives.",Slovaquie,"48.15,17.11",https://en.wikipedia.org/w/index.php?search=OK%2798
1998-10,info,reconnu,Lancement de Radio Free Iraq,"Prague, République tchèque","Radio Free Europe/Radio Liberty, financée par le Congrès, lance une radio en arabe destinée aux Irakiens, dans le cadre de la politique de changement de régime.",Irak,"33.31,44.37",https://en.wikipedia.org/w/index.php?search=Radio%20Free%20Iraq
1998-10-31,coup,reconnu,Loi pour la libération de l'Irak,Irak,"Clinton signe l'Iraq Liberation Act, qui fait du renversement de Saddam Hussein la politique officielle et finance l'opposition irakienne à hauteur de 97 millions de dollars.",Irak,"33.31,44.37",https://en.wikipedia.org/w/index.php?search=Iraq%20Liberation%20Act
1998-11-16,info,reconnu,Discours de Gore sur la Reformasi,"Kuala Lumpur, Malaisie","Au sommet de l'APEC, le vice-président Al Gore salue « le peuple courageux » du mouvement Reformasi d'Anwar Ibrahim, alors emprisonné. Mahathir Mohamad dénonce une ingérence.",Malaisie,"3.14,101.69",https://en.wikipedia.org/w/index.php?search=Reformasi%20Malaysia%20Al%20Gore%20APEC%201998
1998-12-13,crime,documenté,Bombardement de Santo Domingo,"Santo Domingo, Arauca, Colombie","Une bombe à sous-munitions de l'armée de l'air colombienne tue 17 civils. Les cibles avaient été repérées avec des sous-traitants américains d'AirScan, travaillant pour Occidental Petroleum.",Colombie,"6.62,-71.45",https://en.wikipedia.org/w/index.php?search=Santo%20Domingo%20massacre%20Colombia%201998
1998-12-16,arme,reconnu,Opération Desert Fox,"Bagdad, Irak","Quatre jours de bombardements américano-britanniques sur des sites militaires et de pouvoir irakiens, lancés sans vote de l'ONU après le retrait des inspecteurs.",Irak,"33.31,44.37",https://fr.wikipedia.org/w/index.php?search=Op%C3%A9ration%20Desert%20Fox
1999,arme,documenté,Liens de la CIA avec l'UÇK,Kosovo,"Selon le Sunday Times (2000), des agents américains ont formé et conseillé l'Armée de libération du Kosovo avant et pendant les bombardements. Washington dément tout soutien armé.",Kosovo,"42.66,21.17",https://en.wikipedia.org/w/index.php?search=Kosovo%20Liberation%20Army%20CIA%20Sunday%20Times
1999,crime,reconnu,Munitions à l'uranium appauvri,Kosovo et Serbie,L'OTAN reconnaît que des A-10 américains ont tiré environ 31 000 obus à l'uranium appauvri au Kosovo et en Serbie. Leurs effets sanitaires restent débattus.,Kosovo; Yougoslavie,"42.66,21.17; 44.79,20.46",https://fr.wikipedia.org/w/index.php?search=Uranium%20appauvri%20Kosovo
1999,arme,reconnu,Frappes quasi quotidiennes en 1999,Nord et sud de l'Irak,"Après Desert Fox, les règles d'engagement sont assouplies. Les avions américains et britanniques frappent l'Irak presque tous les jours dans les zones d'exclusion, faisant des victimes civiles, rapporte le New York Times.",Irak,"33.31,44.37",https://en.wikipedia.org/w/index.php?search=Iraqi%20no-fly%20zones%20conflict
1999-01,espion,documenté,Inspections de l'ONU utilisées pour espionner,"Bagdad, Irak",Le Washington Post et le Boston Globe révèlent que des agents américains infiltrés dans l'UNSCOM ont installé des écoutes sur les communications irakiennes. L'ex-inspecteur Scott Ritter confirme.,Irak,"33.31,44.37",https://en.wikipedia.org/w/index.php?search=UNSCOM%20espionage
1999-02,crime,reconnu,Uranium appauvri tiré sur Vieques,"Vieques, Porto Rico","La Navy reconnaît qu'un avion a tiré des obus à l'uranium appauvri sur le champ de tir de Vieques, en violation de ses propres règles.",Porto Rico,"18.12,-65.44",https://en.wikipedia.org/w/index.php?search=Navy-Vieques%20protests
1999-02-15,mort,documenté,Capture d'Abdullah Öcalan,"Nairobi, Kenya","Le chef du PKK est capturé à Nairobi et livré à la Turquie. Le renseignement américain aide à le localiser, selon la presse et des responsables américains.",Turquie,"39.93,32.85",https://fr.wikipedia.org/w/index.php?search=Abdullah%20%C3%96calan
1999-02-25,crime,reconnu,Rapport de la commission de la vérité,"Guatemala, Guatemala","La commission de clarification historique de l'ONU conclut que l'appui américain, formation d'officiers comprise, a pesé sur les violations des droits de l'homme. Elle attribue à l'État 93 % des exactions.",Guatemala,"14.63,-90.51",https://fr.wikipedia.org/w/index.php?search=Commission%20pour%20la%20clarification%20historique
1999-03,info,reconnu,Annexe B de Rambouillet,"Rambouillet, France",Le projet d'accord imposé à Belgrade prévoit la libre circulation de l'OTAN sur tout le territoire yougoslave. Ses critiques y voient un texte fait pour être refusé.,Yougoslavie,"44.82,20.46",https://fr.wikipedia.org/w/index.php?search=Accords%20de%20Rambouillet
1999-03-10,crime,reconnu,Clinton reconnaît l'erreur américaine,"Guatemala, Guatemala","En visite au Guatemala, Bill Clinton déclare que le soutien des États-Unis aux forces militaires et de renseignement responsables de la répression « était une erreur ».",Guatemala,"14.63,-90.51",https://fr.wikipedia.org/w/index.php?search=Guerre%20civile%20du%20Guatemala
1999-03-24,arme,reconnu,Bombardement de la Yougoslavie,"Belgrade, Yougoslavie","Campagne de l'OTAN de 78 jours, sans mandat du Conseil de sécurité, sous commandement et avec une majorité d'avions américains.",Yougoslavie,"44.79,20.46",https://fr.wikipedia.org/w/index.php?search=Bombardements%20de%20l%27OTAN%20en%20Yougoslavie
1999-04,crime,documenté,L'amiral Blair rassure Wiranto,"Jakarta, Indonésie","Quelques jours après le massacre de l'église de Liquiçá, le chef du commandement Pacifique Dennis Blair rencontre le général Wiranto et lui propose une coopération au lieu de l'avertissement prévu, selon des câbles révélés en 1999.",Indonésie; Timor oriental,"-6.2,106.85; -8.59,125.34",https://en.wikipedia.org/w/index.php?search=Dennis%20Blair%20Wiranto%20April%201999%20East%20Timor
1999-04,crime,reconnu,Destruction des ponts de Novi Sad,"Novi Sad, Yougoslavie",Les frappes de l'OTAN détruisent les ponts sur le Danube à Novi Sad. La navigation est bloquée et la ville est coupée en deux pendant des années.,Yougoslavie,"45.25,19.85",https://fr.wikipedia.org/w/index.php?search=Bombardement%20de%20Novi%20Sad
1999-04,crime,reconnu,Complexe pétrochimique de Pančevo,"Pančevo, Yougoslavie","Les bombardements de l'OTAN sur la raffinerie et l'usine pétrochimique libèrent des produits toxiques dans l'air et le Danube, selon le Programme des Nations unies pour l'environnement.",Yougoslavie,"44.87,20.64",https://en.wikipedia.org/w/index.php?search=Pan%C4%8Devo%20NATO%20bombing%20environmental
1999-04-05,crime,reconnu,Frappe sur Aleksinac,"Aleksinac, Yougoslavie","Des bombes de l'OTAN tombent sur un quartier résidentiel d'Aleksinac et tuent une dizaine de civils, selon Human Rights Watch.",Yougoslavie,"43.54,21.7",https://en.wikipedia.org/w/index.php?search=Aleksinac%20bombing%201999
1999-04-12,crime,reconnu,Train de Grdelica,"Grdelica, Yougoslavie",Un F-15E américain tire deux missiles sur un pont alors qu'un train de voyageurs le traverse. Au moins une dizaine de civils sont tués ; l'OTAN reconnaît la frappe.,Yougoslavie,"42.9,22.07",https://en.wikipedia.org/w/index.php?search=Grdelica%20train%20bombing
1999-04-14,crime,reconnu,Convoi de réfugiés près de Gjakova,"Gjakova, Kosovo","Des avions de l'OTAN, dont des F-16 américains, bombardent un convoi de réfugiés albanais : environ 70 morts. L'OTAN reconnaît son erreur.",Kosovo,"42.38,20.43",https://en.wikipedia.org/w/index.php?search=Gjakova%20convoy%20bombing
1999-04-19,crime,reconnu,Mort de David Sanes,"Vieques, Porto Rico",Un agent de sécurité civil est tué par deux bombes larguées par erreur par un F/A-18. Sa mort déclenche un mouvement de désobéissance civile qui aboutit au départ de la Navy en 2003.,Porto Rico,"18.12,-65.44",https://en.wikipedia.org/w/index.php?search=David%20Sanes
1999-04-23,crime,reconnu,Frappe sur la télévision RTS,"Belgrade, Yougoslavie","L'OTAN bombarde le siège de la radiotélévision serbe, considéré comme un organe de propagande : 16 employés tués. Amnesty International y voit un crime de guerre.",Yougoslavie,"44.79,20.46",https://fr.wikipedia.org/w/index.php?search=Bombardement%20du%20si%C3%A8ge%20de%20la%20RTS
1999-04-27,crime,reconnu,Frappe sur Surdulica,"Surdulica, Yougoslavie",Une bombe de l'OTAN destinée à une caserne tombe sur un quartier résidentiel de Surdulica et tue une vingtaine de civils.,Yougoslavie,"42.69,22.17",https://en.wikipedia.org/w/index.php?search=Surdulica%20NATO%20bombing
1999-05,crime,reconnu,Réfugiés tués à Koriša,"Koriša, Kosovo",Une frappe de l'OTAN sur le village tue plusieurs dizaines de réfugiés albanais. L'OTAN affirme viser une position militaire.,Kosovo,"42.25,20.8",https://en.wikipedia.org/w/index.php?search=Kori%C5%A1a%20bombing
1999-05-01,crime,reconnu,Bus de Lužane,"Lužane, Kosovo","Un missile de l'OTAN frappe un pont au passage d'un autobus Niš-Pristina. Une quarantaine de passagers sont tués, selon Human Rights Watch.",Kosovo,"42.83,21.05",https://en.wikipedia.org/w/index.php?search=Lu%C5%BEane%20bus%20bombing
1999-05-02,sabot,reconnu,Bombes au graphite sur le réseau électrique,"Belgrade, Yougoslavie",L'OTAN utilise des bombes à fibres de graphite pour mettre hors service les centrales et transformateurs. La majeure partie de la Serbie est privée d'électricité.,Yougoslavie,"44.82,20.46",https://fr.wikipedia.org/w/index.php?search=Bombe%20au%20graphite
1999-05-07,crime,reconnu,Ambassade de Chine à Belgrade,"Belgrade, Yougoslavie",Un B-2 américain frappe l'ambassade de Chine sur la base d'une cible choisie par la CIA : trois journalistes chinois tués. Washington parle d'erreur de carte et indemnise Pékin.,Yougoslavie; Chine,"44.79,20.46; 39.9,116.4",https://fr.wikipedia.org/w/index.php?search=Bombardement%20de%20l%27ambassade%20de%20Chine%20%C3%A0%20Belgrade
1999-05-07,crime,reconnu,Bombes à sous-munitions sur Niš,"Niš, Yougoslavie",Des bombes à sous-munitions de l'OTAN tombent sur le marché et près de l'hôpital : une quinzaine de civils tués. L'OTAN reconnaît une erreur.,Yougoslavie,"43.32,21.9",https://en.wikipedia.org/w/index.php?search=Ni%C5%A1%20cluster%20bombing
1999-05-13,crime,reconnu,Massacre de Koriša,"Koriša, Kosovo",Des bombes de l'OTAN frappent un campement de réfugiés albanais à Koriša. Human Rights Watch compte entre 48 et 87 morts.,Kosovo,"42.25,20.79",https://en.wikipedia.org/w/index.php?search=Kori%C5%A1a%20bombing
1999-05-30,crime,reconnu,Pont de Varvarin,"Varvarin, Yougoslavie","Des avions de l'OTAN détruisent un pont un jour de marché : dix civils tués. Des victimes attaquent l'Allemagne en justice, sans succès.",Yougoslavie,"43.72,21.36",https://en.wikipedia.org/w/index.php?search=Varvarin%20bridge%20bombing
1999-07-04,sabot,reconnu,Décret 13129 contre les talibans,"Kaboul, Afghanistan","Clinton gèle les avoirs des talibans aux États-Unis et interdit le commerce avec les zones qu'ils contrôlent, pour obtenir la livraison de Ben Laden.",Afghanistan,"34.53,69.17",https://en.wikipedia.org/w/index.php?search=Executive%20Order%2013129
1999-11-12,arme,reconnu,Base américaine de Manta,"Manta, Équateur","Un accord de dix ans installe un poste avancé de l'armée de l'air américaine, utilisé pour le plan Colombie. Rafael Correa refuse de le renouveler ; les Américains partent en 2009.",Équateur,"-0.95,-80.71",https://fr.wikipedia.org/w/index.php?search=Base%20a%C3%A9rienne%20de%20Manta
2000,crime,reconnu,Fumigations au glyphosate,"Putumayo, Colombie",Des avions financés par le plan Colombie et pilotés en partie par des sous-traitants américains épandent du glyphosate sur les cultures de coca. L'Équateur saisit la Cour internationale de justice en 2008 pour les dégâts frontaliers.,Colombie; Équateur,"0.5,-76.6; -0.18,-78.47",https://en.wikipedia.org/w/index.php?search=Aerial%20herbicide%20fumigation%20%28Ecuador%20v.%20Colombia%29
2000,info,documenté,Formation d'Otpor à Budapest,"Budapest, Hongrie","Des militants d'Otpor suivent à Budapest des séminaires de lutte non violente animés par l'ex-colonel américain Robert Helvey, financés par l'International Republican Institute.",Serbie,"44.79,20.46",https://fr.wikipedia.org/w/index.php?search=Otpor
2000,espion,reconnu,Freeh reconnaît le fichage des indépendantistes,"San Juan, Porto Rico","Le directeur du FBI Louis Freeh admet devant le Congrès que le bureau a mené des actions illégales contre les indépendantistes et a contribué aux « carpetas », fichiers de surveillance politique.",Porto Rico,"18.47,-66.11",https://en.wikipedia.org/w/index.php?search=Carpetas%20Puerto%20Rico
2000-02,sabot,reconnu,Opération Merlin,"Vienne, Autriche","La CIA fait remettre à l'Iran, via un scientifique russe, des plans d'arme nucléaire volontairement faussés. L'opération, révélée par James Risen, est confirmée au procès de Jeffrey Sterling.",Iran,"35.69,51.39",https://en.wikipedia.org/w/index.php?search=Operation%20Merlin
2000-02-09,crime,reconnu,Formaldéhyde déversé dans le fleuve Han,"Séoul, Corée du Sud","Sur ordre d'un employé civil de l'armée américaine, Albert McFarland, des centaines de bouteilles de formaldéhyde sont vidées dans les égouts de la base de Yongsan. Il est condamné avec sursis en 2005.",Corée du Sud,"37.53,126.98",https://en.wikipedia.org/w/index.php?search=McFarland%20incident
2000-03-17,coup,reconnu,Albright reconnaît le putsch de 1953,"Washington, États-Unis","La secrétaire d'État Madeleine Albright admet publiquement que les États-Unis ont joué un rôle important dans le renversement de Mossadegh, un « revers pour le gouvernement démocratique » iranien.",Iran,"35.69,51.39",https://fr.wikipedia.org/w/index.php?search=Coup%20d%27%C3%89tat%20de%201953%20en%20Iran
2000-05-04,arme,reconnu,Évacuation des campements de Vieques,"Vieques, Porto Rico",Des agents fédéraux et des Marines évacuent les manifestants qui occupaient le champ de tir et en arrêtent plus de 200. Les bombardements d'entraînement reprennent.,Porto Rico,"18.12,-65.44",https://en.wikipedia.org/w/index.php?search=Navy-Vieques%20protests
2000-05-08,crime,reconnu,Champ de tir de Maehyang-ri,"Maehyang-ri, Corée du Sud","Un A-10 américain largue ses bombes près du village, qui subit depuis 1951 des tirs d'entraînement. Des habitants sont blessés et la Cour suprême reconnaît en 2004 le préjudice subi. Le champ de tir ferme en 2005.",Corée du Sud,"37.05,126.83",https://en.wikipedia.org/w/index.php?search=Koon-ni%20Range
2000-07-13,arme,reconnu,Plan Colombie,"Bogota, Colombie","Bill Clinton signe le premier volet d'un programme de plusieurs milliards de dollars, surtout militaire : hélicoptères, formation et conseillers pour l'armée colombienne en guerre contre les FARC.",Colombie,"4.71,-74.07",https://fr.wikipedia.org/w/index.php?search=Plan%20Colombie
2000-09,espion,reconnu,Vols de drones Predator sur l'Afghanistan,Afghanistan,"La CIA fait voler des Predator non armés, depuis l'Ouzbékistan, pour localiser Ben Laden. Un appareil le repère probablement à Tarnak. La commission du 11-Septembre décrit ces vols.",Afghanistan,"31.51,65.87",https://en.wikipedia.org/w/index.php?search=General%20Atomics%20MQ-1%20Predator%20Afghanistan%202000
2000-10-05,info,documenté,Chute de Slobodan Milošević,"Belgrade, Serbie","Des dizaines de millions de dollars américains ont financé l'opposition, Otpor et les sondages, selon le Washington Post. Milošević tombe après la présidentielle.",Serbie,"44.79,20.46",https://en.wikipedia.org/w/index.php?search=Overthrow%20of%20Slobodan%20Milo%C5%A1evi%C4%87
2000-11-17,mort,allégué,Complot de Panama contre Castro,"Panama, Panama","Luis Posada Carriles, ancien agent de la CIA, et trois exilés sont arrêtés avec des explosifs pour tuer Castro au sommet ibéro-américain. Condamnés en 2004 pour atteinte à la sécurité publique. Aucune preuve d'un rôle du gouvernement américain.",Panama; Cuba,"8.98,-79.52; 23.11,-82.37",https://en.wikipedia.org/w/index.php?search=Luis%20Posada%20Carriles
2001,info,reconnu,Financements de la NED à l'opposition,"Caracas, Venezuela","La National Endowment for Democracy multiplie ses subventions à des groupes vénézuéliens, dont des syndicats et organisations patronales qui mèneront le putsch de 2002. Les montants ont été rendus publics par la NED.",Venezuela,"10.5,-66.9",https://en.wikipedia.org/w/index.php?search=National%20Endowment%20for%20Democracy%20Venezuela
2001,sabot,documenté,Blocage des prêts de la BID à Haïti,"Port-au-Prince, Haïti","Après les élections contestées de 2000, Washington obtient le gel de prêts déjà approuvés par la Banque interaméricaine de développement, privant le gouvernement Aristide de financements.",Haïti,"18.54,-72.34",https://fr.wikipedia.org/w/index.php?search=Jean-Bertrand%20Aristide
2001,espion,allégué,Avion de Jiang Zemin truffé de micros,"Pékin, Chine",Pékin découvre 27 micros dans le Boeing 767 présidentiel aménagé aux États-Unis. Des sources chinoises accusent le renseignement américain ; la CIA ne commente pas.,Chine,"39.9,116.4",https://en.wikipedia.org/w/index.php?search=Jiang%20Zemin%20Boeing%20767%20bugs
2001,mort,documenté,Mamdouh Habib torturé en Égypte,"Le Caire, Égypte","Arrêté au Pakistan, ce citoyen australien est transféré par avion en Égypte où il dit avoir été torturé, puis envoyé à Guantánamo. Il est libéré sans charges en 2005 et indemnisé par l'Australie.",Égypte,"30.04,31.24",https://en.wikipedia.org/w/index.php?search=Mamdouh%20Habib
2001-02-16,arme,reconnu,Frappes sur des radars autour de Bagdad,"Bagdad, Irak","Première opération de George W. Bush contre l'Irak : des avions américains et britanniques frappent des sites de défense antiaérienne près de Bagdad, hors des zones d'exclusion habituelles.",Irak,"33.31,44.37",https://en.wikipedia.org/w/index.php?search=Iraqi%20no-fly%20zones%20conflict
2001-03-27,info,reconnu,Veto contre des observateurs de l'ONU,"Conseil de sécurité, New York","Au début de la seconde intifada, les États-Unis bloquent la création d'une force d'observateurs de l'ONU chargée de protéger les civils palestiniens.",Palestine,"31.9,35.2",https://en.wikipedia.org/w/index.php?search=List%20of%20vetoed%20United%20Nations%20Security%20Council%20resolutions
2001-04-01,espion,reconnu,Avion espion à Hainan,"Île de Hainan, Chine","Un EP-3 de l'US Navy en mission d'écoute percute un chasseur chinois, dont le pilote meurt. L'équipage est retenu onze jours.",Chine,"18.5,110.03",https://fr.wikipedia.org/w/index.php?search=Incident%20de%20l%27%C3%AEle%20de%20Hainan
2001-04-20,crime,reconnu,Avion de missionnaires abattu,"Pevas, Pérou","Guidé par un avion de la CIA, un chasseur péruvien abat un appareil de missionnaires américains. Veronica Bowers et sa fille meurent. L'inspecteur général de la CIA relève des violations répétées des procédures.",Pérou,"-3.32,-71.62",https://en.wikipedia.org/w/index.php?search=Veronica%20Bowers
2001-09,info,allégué,Menace de « retour à l'âge de pierre »,"Islamabad, Pakistan",Musharraf affirme en 2006 que Richard Armitage a menacé de bombarder le Pakistan « jusqu'à l'âge de pierre » s'il ne s'alliait pas à Washington. Armitage dément ces mots.,Pakistan,"33.68,73.05",https://en.wikipedia.org/w/index.php?search=Richard%20Armitage%20Pakistan%20stone%20age
2001-09-05,espion,documenté,Rapport européen sur Echelon,"Strasbourg, France",Le Parlement européen conclut à l'existence du réseau d'interception américano-britannique et appelle les Européens à chiffrer leurs communications.,France; Allemagne; Italie; Espagne,"48.86,2.35; 52.52,13.4; 41.9,12.5; 40.42,-3.7",https://fr.wikipedia.org/w/index.php?search=Echelon
2001-09-26,arme,reconnu,Équipe Jawbreaker et valises de dollars,"Vallée du Panjshir, Afghanistan","Une équipe de la CIA dirigée par Gary Schroen arrive chez l'Alliance du Nord avec 3 millions de dollars en espèces pour acheter les chefs de guerre, avant l'offensive.",Afghanistan,"35.3,69.72",https://en.wikipedia.org/w/index.php?search=Jawbreaker%20CIA%20Gary%20Schroen
2001-10,crime,reconnu,Entrepôts du CICR bombardés à Kaboul,"Kaboul, Afghanistan",Des avions américains frappent à deux reprises en octobre les entrepôts du Comité international de la Croix-Rouge. Le Pentagone reconnaît des erreurs.,Afghanistan,"34.53,69.17",https://en.wikipedia.org/w/index.php?search=ICRC%20warehouse%20Kabul%20bombing%202001
2001-10,crime,reconnu,Sous-munitions jaunes comme les rations,Afghanistan,Des bombes à sous-munitions sont larguées ; leurs petits cylindres jaunes ressemblent aux rations humanitaires parachutées. Washington diffuse des messages radio pour les distinguer.,Afghanistan,"34.53,69.17",https://en.wikipedia.org/w/index.php?search=Cluster%20munitions%20Afghanistan%202001%20Human%20Rights%20Watch
2001-10,mort,documenté,Primes pour la capture de suspects,Afghanistan et Pakistan,Les forces américaines distribuent des tracts promettant des milliers de dollars pour tout membre présumé d'Al-Qaïda. Beaucoup de détenus de Guantánamo ont été vendus ainsi. Musharraf écrit que le Pakistan a touché des millions.,Pakistan,"34.01,71.57",https://en.wikipedia.org/w/index.php?search=Guantanamo%20bounty%20leaflets%20Afghanistan
2001-10,arme,reconnu,Base de Karshi-Khanabad (K2),"Karshi, Ouzbékistan","Les États-Unis installent une base aérienne en Ouzbékistan pour la guerre d'Afghanistan, en échange d'une aide au régime de Karimov. Tachkent les expulse en 2005.",Ouzbékistan,"38.83,65.77",https://en.wikipedia.org/w/index.php?search=Karshi-Khanabad%20Air%20Base
2001-10-07,arme,reconnu,Invasion de l'Afghanistan,"Kaboul, Afghanistan",Les États-Unis bombardent l'Afghanistan et appuient l'Alliance du Nord pour renverser les talibans. La guerre dure vingt ans.,Afghanistan,"34.53,69.17",https://fr.wikipedia.org/w/index.php?search=Guerre%20d%27Afghanistan%20%282001-2021%29
2001-10-09,crime,reconnu,Bureau de déminage de l'ONU bombardé,"Kaboul, Afghanistan",Une bombe américaine frappe les locaux d'une ONG de déminage financée par l'ONU à Kaboul et tue quatre gardiens. Le Pentagone reconnaît l'erreur.,Afghanistan,"34.53,69.17",https://en.wikipedia.org/w/index.php?search=Afghan%20Technical%20Consultants%20UN%20demining%202001%20bombing
2001-10-11,crime,reconnu,Bombardement du village de Karam,"Karam, Nangarhar, Afghanistan",Des frappes détruisent le village de Karam. Les talibans parlent de plus de 100 morts. Le Pentagone affirme avoir visé des grottes et conteste le bilan.,Afghanistan,"34.2,70.62",https://en.wikipedia.org/w/index.php?search=Karam%20Afghanistan%20bombing%202001
2001-10-22,crime,documenté,Massacre de Chowkar-Karez,"Chowkar-Karez, Kandahar, Afghanistan",Un AC-130 mitraille le village. Des dizaines de civils meurent. Un responsable du Pentagone déclare que « les gens là-bas sont morts parce que nous le voulions ».,Afghanistan,"31.8,65.75",https://en.wikipedia.org/w/index.php?search=Chowkar-Karez
2001-11,crime,documenté,Massacre de Dasht-e-Leili,"Chéberghan, Afghanistan","Des centaines, voire des milliers de prisonniers talibans meurent asphyxiés dans des conteneurs des forces de Dostom, allié de la CIA. Des forces spéciales américaines étaient présentes ; Washington a freiné l'enquête.",Afghanistan,"36.67,65.75",https://fr.wikipedia.org/w/index.php?search=Massacre%20de%20Dasht-e-Leili
2001-11,mort,documenté,Mohamedou Ould Slahi livré à la Jordanie,"Nouakchott, Mauritanie","Remis par la Mauritanie, Slahi est transféré par la CIA en Jordanie, puis à Bagram et Guantánamo, où il est torturé. Libéré en 2016 sans inculpation.",Mauritanie; Jordanie; Cuba,"18.09,-15.98; 31.95,35.93; 19.9,-75.13",https://fr.wikipedia.org/w/index.php?search=Mohamedou%20Ould%20Slahi
2001-11,arme,documenté,Pont aérien de Kunduz,"Kunduz, Afghanistan","Pendant le siège de Kunduz, Washington laisse le Pakistan évacuer par avion ses officiers, mais aussi des talibans et des combattants d'Al-Qaïda, selon Seymour Hersh. Les États-Unis n'ont pas confirmé.",Afghanistan,"36.73,68.86",https://en.wikipedia.org/w/index.php?search=Kunduz%20airlift
2001-11-13,crime,reconnu,Bureau d'Al Jazeera à Kaboul détruit,"Kaboul, Afghanistan",Une frappe américaine détruit les locaux d'Al Jazeera. Le Pentagone affirme avoir visé un site d'al-Qaïda.,Afghanistan,"34.53,69.17",https://en.wikipedia.org/w/index.php?search=Al%20Jazeera%20Kabul%20office%20bombing
2001-11-25,crime,reconnu,Révolte de Qala-i-Jangi,"Mazar-e-Charif, Afghanistan",Une révolte de prisonniers talibans est écrasée par l'Alliance du Nord et des frappes américaines. Des centaines de prisonniers meurent ; Amnesty demande une enquête jamais ouverte.,Afghanistan,"36.67,66.97",https://fr.wikipedia.org/w/index.php?search=Bataille%20de%20Qala-i-Jangi
2001-12,arme,reconnu,Bombardement de Tora Bora,"Tora Bora, Afghanistan","Bombardement massif des grottes où se trouve Ben Laden, avec des milices afghanes au sol. Le Sénat conclura en 2009 que le refus d'envoyer des troupes l'a laissé fuir au Pakistan.",Afghanistan,"34.12,70.25",https://en.wikipedia.org/w/index.php?search=Battle%20of%20Tora%20Bora
2001-12,arme,reconnu,Base de Manas au Kirghizistan,"Bichkek, Kirghizistan",Les États-Unis ouvrent une base à l'aéroport de Manas pour la guerre d'Afghanistan. Elle ferme en 2014 après des années de litiges avec les autorités kirghizes.,Kirghizistan,"42.87,74.59",https://en.wikipedia.org/w/index.php?search=Transit%20Center%20at%20Manas
2001-12,mort,documenté,Mohammed Haydar Zammar livré à la Syrie,"Damas, Syrie","Arrêté au Maroc, ce Germano-Syrien est transféré avec l'aide de la CIA vers Damas, où il est détenu et interrogé à la branche Palestine. Le rôle américain est établi par la presse et une enquête du Bundestag.",Syrie,"33.51,36.29",https://en.wikipedia.org/w/index.php?search=Mohammed%20Haydar%20Zammar
2001-12-01,crime,documenté,Bombardement du village de Kama Ado,"Kama Ado, Nangarhar, Afghanistan",Des bombardiers américains frappent ce village près de Tora Bora. Les habitants et la presse font état de dizaines de civils tués.,Afghanistan,"34.2,70.2",https://en.wikipedia.org/w/index.php?search=Kama%20Ado%20bombing
2001-12-05,sabot,documenté,Le FMI coupe les fonds à l'Argentine,"Buenos Aires, Argentine","Le FMI, où Washington a un droit de veto, suspend un versement de 1,26 milliard de dollars. Le pays s'effondre, avec des dizaines de morts dans les émeutes, puis fait défaut.",Argentine,"-34.6,-58.38",https://fr.wikipedia.org/w/index.php?search=Crise%20%C3%A9conomique%20argentine
2001-12-09,info,reconnu,Cheney et la rencontre d'Atta à Prague,"Bagdad, Irak",Le vice-président juge « assez bien confirmée » une rencontre entre le pirate du 11 Septembre Mohammed Atta et un agent irakien à Prague. La commission sur le 11 Septembre n'en trouve aucune preuve.,Irak,"33.31,44.37",https://en.wikipedia.org/w/index.php?search=Mohamed%20Atta%27s%20alleged%20Prague%20connection
2001-12-13,arme,reconnu,Retrait du traité ABM,"Washington, États-Unis","Bush annonce le retrait du traité antimissile de 1972, effectif en juin 2002, pour bâtir un bouclier antimissile. Moscou y voit une atteinte à sa dissuasion.",Russie,"55.75,37.62",https://fr.wikipedia.org/w/index.php?search=Trait%C3%A9%20ABM
2001-12-18,mort,reconnu,Restitution d'Agiza et al-Zery,"Stockholm, Suède","La CIA embarque deux Égyptiens expulsés par la Suède vers Le Caire, où ils sont torturés. Le Comité de l'ONU contre la torture condamne la Suède.",Suède; Égypte,"59.35,17.94; 30.04,31.24",https://en.wikipedia.org/w/index.php?search=Ahmed%20Agiza
2001-12-20,crime,documenté,Convoi de chefs tribaux bombardé en Paktia,"Route Khost-Gardez, Afghanistan","Des avions américains détruisent un convoi en route pour l'investiture de Karzai, sur un faux renseignement. Des dizaines de morts. Le Pentagone maintient avoir frappé des talibans.",Afghanistan,"33.5,69.6",https://en.wikipedia.org/w/index.php?search=Paktia%20convoy%20bombing%20December%202001
2001-12-21,sabot,reconnu,Loi ZDERA contre le Zimbabwe,"Harare, Zimbabwe",La loi sur la démocratie et la reprise économique au Zimbabwe oblige les représentants américains à voter contre tout prêt au pays dans les institutions financières internationales. Harare y voit une cause de sa crise.,Zimbabwe,"-17.83,31.05",https://en.wikipedia.org/w/index.php?search=Zimbabwe%20Democracy%20and%20Economic%20Recovery%20Act%20of%202001
2001-12-29,crime,documenté,Bombardement de Qalaye Niazi,"Qalaye Niazi, Paktia, Afghanistan",Frappes aériennes sur un village de Paktia. Les habitants et l'ONU font état d'une cinquantaine de civils tués. Le Pentagone parle d'un complexe taliban.,Afghanistan,"33.4,69.4",https://en.wikipedia.org/w/index.php?search=Qalaye%20Niazi
2002,arme,reconnu,Opération Southern Focus,Sud de l'Irak,"En 2002, les frappes dans la zone d'exclusion s'intensifient pour détruire les défenses irakiennes avant l'invasion, ce qu'a reconnu en 2003 le général T. Michael Moseley.",Irak,"31.05,46.26",https://en.wikipedia.org/w/index.php?search=Operation%20Southern%20Focus
2002,info,reconnu,Office of Special Plans au Pentagone,Irak,"Une cellule du Pentagone produit ses propres analyses sur les liens entre l'Irak et al-Qaïda. En 2007, l'inspecteur général juge ces analyses « inappropriées » et contraires aux conclusions du renseignement.",Irak,"33.31,44.37",https://en.wikipedia.org/w/index.php?search=Office%20of%20Special%20Plans
2002,crime,documenté,Sami al-Hajj détenu pour parler d'Al Jazeera,"Base de Guantánamo, Cuba",Sa fiche montre que ce cameraman soudanais d'Al Jazeera est retenu à Guantánamo notamment pour renseigner sur la chaîne et son interview de Ben Laden. Il est libéré sans inculpation en 2008. Révélé par WikiLeaks en 2011.,Cuba,"19.9,-75.13",https://en.wikipedia.org/wiki/Sami_al-Hajj
2002,sabot,reconnu,Contrats humanitaires bloqués à l'ONU,"Bagdad, Irak","Au comité des sanctions, les États-Unis mettent en attente des milliards de dollars de contrats du programme « pétrole contre nourriture », dont des équipements pour l'eau et l'électricité, selon les chiffres de l'ONU.",Irak,"33.31,44.37",https://en.wikipedia.org/w/index.php?search=Oil-for-Food%20Programme
2002,info,reconnu,Transfuges du Congrès national irakien,"Bagdad, Irak","Financé par le département d'État puis la DIA, le Congrès national irakien fournit au gouvernement et à la presse des transfuges aux récits fabriqués sur les armes irakiennes, selon la commission du renseignement du Sénat en 2006.",Irak,"33.31,44.37",https://en.wikipedia.org/w/index.php?search=Iraqi%20National%20Congress
2002,info,reconnu,Bureau des transitions de l'USAID à Caracas,"Caracas, Venezuela","Après le putsch, l'USAID ouvre à Caracas un Bureau des initiatives de transition (OTI), qui finance via des sous-traitants des associations et partis d'opposition.",Venezuela,"10.5,-66.9",https://en.wikipedia.org/w/index.php?search=USAID%20Office%20of%20Transition%20Initiatives%20Venezuela
2002,crime,reconnu,Prison de Bagram,"Bagram, Afghanistan","Le centre de détention de la base de Bagram détient sans procès des milliers de personnes, jusqu'à 3 000 en 2012. Les autorités y reconnaissent sévices et morts en détention.",Afghanistan,"34.95,69.26",https://en.wikipedia.org/w/index.php?search=Parwan%20Detention%20Facility
2002,arme,reconnu,Armes pour l'armée royale du Népal,"Katmandou, Népal","Pendant la guerre contre les maoïstes, Washington fournit à l'armée royale des milliers de fusils M16 et une aide militaire, malgré les disparitions et exécutions documentées par l'ONU.",Népal,"27.72,85.32",https://en.wikipedia.org/w/index.php?search=Nepalese%20Civil%20War%20United%20States
2002,info,documenté,L'IRI forme l'opposition à Aristide,"Port-au-Prince, Haïti","L'International Republican Institute, financé par l'État américain, organise des formations pour l'opposition haïtienne, parfois en République dominicaine. Le New York Times (2006) documente ce rôle.",Haïti,"18.54,-72.34",https://en.wikipedia.org/w/index.php?search=2004%20Haitian%20coup%20d%27%C3%A9tat
2002,crime,reconnu,Ouïghours détenus à Guantánamo,"Guantánamo, Cuba","22 Ouïghours capturés au Pakistan et en Afghanistan sont détenus à Guantánamo. Reconnus comme non combattants, certains y restent jusqu'en 2013 faute de pays d'accueil.",Chine (Xinjiang),"43.83,87.62",https://en.wikipedia.org/w/index.php?search=Uyghur%20detainees%20at%20Guantanamo%20Bay
2002,espion,documenté,Gerhard Schröder sur écoute,"Berlin, Allemagne","Des documents de la NSA révélés en 2014 montrent que le chancelier figurait parmi les cibles d'écoute dès 2002, au moment de son opposition à la guerre d'Irak.",Allemagne,"52.52,13.4",https://en.wikipedia.org/w/index.php?search=Gerhard%20Schr%C3%B6der%20NSA%20surveillance
2002,mort,documenté,Restitutions de la CIA vers l'Ouzbékistan,"Tachkent, Ouzbékistan","Des avions de la CIA transfèrent des suspects vers l'Ouzbékistan, où la torture est systématique. L'ambassadeur britannique Craig Murray dénonce l'usage d'aveux obtenus sous la torture.",Ouzbékistan,"41.3,69.24",https://en.wikipedia.org/w/index.php?search=Craig%20Murray
2002,crime,documenté,"La Jordanie, sous-traitant de la torture","Amman, Jordanie","Selon Human Rights Watch (2008), la CIA livre au moins 14 détenus aux renseignements jordaniens entre 2001 et 2004, pour des interrogatoires où la torture est alléguée.",Jordanie,"31.95,35.93",https://en.wikipedia.org/w/index.php?search=Extraordinary%20rendition
2002-01,mort,reconnu,Ibn al-Cheikh al-Libi livré à l'Égypte,"Le Caire, Égypte","Transféré par la CIA en Égypte, il « avoue » sous la torture des liens entre l'Irak et al-Qaïda, repris par Powell à l'ONU. Il se rétracte ; le Sénat confirme la fausseté.",Égypte; Afghanistan,"30.04,31.24; 34.5,69.2",https://en.wikipedia.org/w/index.php?search=Ibn%20al-Shaykh%20al-Libi
2002-01,crime,reconnu,Raid de Hazar Qadam,"Hazar Qadam, Uruzgan, Afghanistan","Des forces spéciales attaquent deux bâtiments et tuent 21 hommes, en réalité des partisans de Karzai. Des prisonniers sont battus. Washington reconnaît l'erreur et verse des indemnités.",Afghanistan,"32.9,66.0",https://en.wikipedia.org/w/index.php?search=Hazar%20Qadam%20raid
2002-01,arme,reconnu,Forces spéciales américaines à Basilan,"Basilan, Philippines","Environ 1 300 soldats américains, dont des forces spéciales, sont déployés contre Abou Sayyaf lors de l'exercice Balikatan 02-1. Une force d'opérations spéciales reste dans le Sud jusqu'en 2015.",Philippines,"6.55,122.0",https://en.wikipedia.org/w/index.php?search=Operation%20Enduring%20Freedom%20%E2%80%93%20Philippines
2002-01,mort,documenté,Madni livré à l'Égypte depuis Jakarta,"Jakarta, Indonésie","Arrêté à Jakarta, Muhammad Saad Iqbal Madni est embarqué sur un Gulfstream utilisé par la CIA vers Le Caire, où il dit avoir été torturé. Il est ensuite transféré à Guantánamo, puis libéré en 2008.",Indonésie,"-6.2,106.85",https://en.wikipedia.org/w/index.php?search=Muhammad%20Saad%20Iqbal%20Madni
2002-01-11,crime,reconnu,Ouverture de Guantánamo,"Guantánamo, Cuba","Les premiers détenus arrivent au camp X-Ray. Environ 780 hommes y passent, la plupart sans inculpation, hors du cadre des conventions de Genève.",Cuba,"19.9,-75.13",https://fr.wikipedia.org/w/index.php?search=Camp%20de%20Guant%C3%A1namo
2002-01-18,mort,reconnu,Les « six Algériens » de Bosnie livrés,"Sarajevo, Bosnie-Herzégovine","Malgré une décision de justice bosnienne ordonnant leur libération, six hommes sont remis aux forces américaines et envoyés à Guantánamo. Après l'arrêt Boumediene, un juge fédéral ordonne en 2008 la libération de cinq d'entre eux.",Bosnie-Herzégovine,"43.86,18.41",https://fr.wikipedia.org/w/index.php?search=Boumediene%20v.%20Bush
2002-02,espion,documenté,« Lion's Pride » en Éthiopie,"Addis-Abeba, Éthiopie","La NSA ouvre un centre d'écoute à Addis-Abeba avec le régime éthiopien ; en 2005, 103 Éthiopiens y écoutent la Somalie, le Soudan et le Yémen. Révélé par The Intercept en septembre 2017.",Éthiopie; Somalie; Soudan; Yémen,"9.03,38.75; 2.05,45.32; 15.5,32.53; 15.35,44.21",https://theintercept.com/2017/09/13/nsa-ethiopia-surveillance-human-rights/
2002-02,info,reconnu,Aveux d'al-Libi sous la torture,"Bagdad, Irak","Livré par la CIA à l'Égypte, Ibn al-Cheikh al-Libi affirme que l'Irak a formé al-Qaïda aux armes chimiques. La DIA doute de lui dès février 2002 ; Powell reprend pourtant ses dires. Il se rétracte, selon le Sénat.",Irak,"33.31,44.37",https://en.wikipedia.org/w/index.php?search=Ibn%20al-Shaykh%20al-Libi
2002-02-04,crime,reconnu,Frappe sur le « grand homme » de Zhawar Kili,"Zhawar Kili, Khost, Afghanistan","Un Predator de la CIA tue trois hommes, dont un nommé Daraz Khan, pris pour Ben Laden à cause de sa taille. Ils ramassaient de la ferraille, selon leurs proches. Le Pentagone juge la cible « appropriée » tout en admettant ignorer qui elle était.",Afghanistan,"33.3,69.9",https://en.wikipedia.org/w/index.php?search=Zhawar%20Kili%20drone%20strike%202002
2002-03-28,mort,reconnu,Capture d'Abou Zoubaydah à Faisalabad,"Faisalabad, Pakistan","La CIA, le FBI et l'ISI prennent d'assaut une maison. Abou Zoubaydah, blessé, est envoyé dans un site noir. Le rapport du Sénat de 2014 détaille sa détention.",Pakistan,"31.42,73.08",https://en.wikipedia.org/w/index.php?search=Abu%20Zubaydah
2002-04,crime,reconnu,"Site noir en Thaïlande, Abou Zoubaydah","Udon Thani, Thaïlande","Capturé au Pakistan, Abou Zoubaydah est détenu dans une prison secrète de la CIA en Thaïlande. Il subit 83 simulations de noyade en août 2002, selon le rapport du Sénat de 2014.",Thaïlande; Pakistan,"17.38,102.79; 31.42,73.08",https://fr.wikipedia.org/w/index.php?search=Abu%20Zubaydah
2002-04,coup,reconnu,La CIA prévenue d'un complot contre Chávez,"Caracas, Venezuela","Des notes de la CIA de début avril 2002, déclassifiées depuis, décrivent des militaires dissidents qui préparent un coup contre Chávez « dès ce mois-ci ». Caracas affirme n'avoir reçu aucun avertissement ; Washington dit avoir mis en garde contre tout coup.",Venezuela,"10.5,-66.9",https://fr.wikipedia.org/w/index.php?search=Coup%20d%27%C3%89tat%20de%202002%20au%20Venezuela
2002-04,coup,reconnu,Otto Reich et les opposants avant le putsch,"Washington, États-Unis","Le secrétaire d'État adjoint Otto Reich et d'autres responsables ont reçu dans les mois précédents des opposants, dont Pedro Carmona. Washington dit les avoir dissuadés de tout coup ; Reich soutient ensuite le nouveau pouvoir.",Venezuela,"10.5,-66.9",https://en.wikipedia.org/w/index.php?search=Otto%20Reich%20Venezuela%202002
2002-04-10,mort,reconnu,Binyam Mohamed envoyé au Maroc,"Karachi, Pakistan","Arrêté à Karachi, ce résident britannique est transféré par la CIA au Maroc, où il est torturé, puis à Guantánamo. La justice britannique confirme ses mauvais traitements.",Pakistan; Maroc; Cuba,"24.86,67.0; 34.02,-6.84; 19.9,-75.13",https://en.wikipedia.org/w/index.php?search=Binyam%20Mohamed
2002-04-11,coup,allégué,Putsch contre Hugo Chávez,"Caracas, Venezuela",Chávez est écarté 47 heures. Washington connaissait les préparatifs et finançait des opposants via la NED ; un rôle direct n'est pas établi.,Venezuela,"10.49,-66.9",https://fr.wikipedia.org/w/index.php?search=Coup%20d%27%C3%89tat%20de%202002%20au%20Venezuela
2002-04-12,coup,reconnu,L'ambassadeur Shapiro reçu par Carmona,"Palais de Miraflores, Caracas, Venezuela","Au lendemain du putsch, l'ambassadeur Charles Shapiro rencontre Pedro Carmona, chef autoproclamé du gouvernement. Le département d'État reconnaît l'entrevue et dit l'avoir pressé de respecter les institutions.",Venezuela,"10.5,-66.9",https://en.wikipedia.org/w/index.php?search=Charles%20Shapiro%20ambassador%20Venezuela%202002%20coup
2002-04-12,info,reconnu,Washington impute sa chute à Chávez,"Washington, États-Unis",Le porte-parole de la Maison-Blanche Ari Fleischer affirme que Chávez a provoqué sa propre chute et évite le mot « coup ». Washington se démarque de la condamnation des autres pays du continent.,Venezuela,"10.5,-66.9",https://en.wikipedia.org/w/index.php?search=Ari%20Fleischer%20Venezuela%20coup%202002
2002-05,mort,documenté,Drone lancé contre Gulbuddin Hekmatyar,"Kunar, Afghanistan","La CIA tire un missile Hellfire depuis un Predator pour tuer le chef de guerre Hekmatyar, son ancien protégé des années 1980. Il survit.",Afghanistan,"34.9,71.1",https://en.wikipedia.org/w/index.php?search=Gulbuddin%20Hekmatyar%20drone%20strike%202002
2002-05,arme,reconnu,Programme Train and Equip en Géorgie,"Tbilissi, Géorgie","Des instructeurs américains forment et arment des bataillons géorgiens, officiellement contre des combattants tchétchènes et d'Al-Qaïda dans les gorges de Pankissi.",Géorgie,"41.72,44.79",https://en.wikipedia.org/w/index.php?search=Georgia%20Train%20and%20Equip%20Program
2002-05-06,info,reconnu,Bolton accuse Cuba d'armes biologiques,"Washington, États-Unis",Le sous-secrétaire d'État John Bolton affirme que Cuba mène des recherches sur des armes biologiques. Aucune preuve n'est produite et Jimmy Carter visite peu après les centres visés.,Cuba,"23.11,-82.37",https://en.wikipedia.org/w/index.php?search=John%20Bolton%20Cuba%20biological%20weapons%202002
2002-05-16,espion,allégué,Affaire Meiring à Davao,"Davao, Philippines","L'Américain Michael Meiring, blessé par une explosion dans sa chambre d'hôtel, est emmené hors du pays par des agents se disant du FBI. Rodrigo Duterte, alors maire, accuse la CIA d'avoir exfiltré un poseur de bombes.",Philippines,"7.07,125.6",https://en.wikipedia.org/w/index.php?search=Michael%20Meiring%20Davao%202002
2002-06,info,reconnu,L'ambassadeur Rocha contre Evo Morales,"La Paz, Bolivie","À quelques jours de la présidentielle, l'ambassadeur Manuel Rocha avertit les Boliviens que l'aide américaine est menacée s'ils élisent Evo Morales, qui progresse ensuite dans les urnes.",Bolivie,"-16.5,-68.15",https://en.wikipedia.org/w/index.php?search=2002%20Bolivian%20general%20election%20Manuel%20Rocha
2002-06,mort,documenté,Omar al-Faruq livré à la CIA,"Bogor, Indonésie","Arrêté à Bogor, Omar al-Faruq est remis aux États-Unis sans procédure judiciaire et détenu à Bagram, d'où il s'évade en 2005. Il est tué en Irak en 2006.",Indonésie,"-6.6,106.8",https://en.wikipedia.org/w/index.php?search=Omar%20al-Faruq
2002-06-13,crime,reconnu,Collégiennes tuées à Yangju,"Yangju, Corée du Sud",Un véhicule blindé américain écrase deux collégiennes. L'acquittement des deux soldats par une cour martiale américaine déclenche de grandes manifestations.,Corée du Sud,"37.79,127.05",https://en.wikipedia.org/w/index.php?search=Yangju%20highway%20incident
2002-07,info,reconnu,Rapport de l'inspecteur général sur le putsch,"Washington, États-Unis","L'inspection générale du département d'État conclut que la NED et l'ambassade ont financé et conseillé des acteurs du putsch, sans preuve qu'ils aient encouragé le coup.",Venezuela,"10.5,-66.9",https://en.wikipedia.org/w/index.php?search=State%20Department%20Inspector%20General%20report%20Venezuela%20coup%202002
2002-07-01,crime,reconnu,Mariage bombardé à Deh Rawud,"Deh Rawud, Afghanistan",Un AC-130 tire sur des villages de l'Oruzgan où se tient un mariage. Environ 48 morts selon les autorités afghanes ; l'armée parle de tirs antiaériens.,Afghanistan,"32.62,65.46",https://en.wikipedia.org/w/index.php?search=Deh%20Rawud%20wedding%20party%20airstrike
2002-07-23,info,documenté,Mémo de Downing Street,"Londres, Royaume-Uni","Un compte rendu britannique note que, à Washington, « le renseignement et les faits sont arrangés autour de la politique » de guerre. Le document, authentique, est publié par le Sunday Times en 2005.",Irak,"33.31,44.37",https://en.wikipedia.org/w/index.php?search=Downing%20Street%20memo
2002-07-27,crime,reconnu,Omar Khadr capturé à 15 ans,"Khost, Afghanistan","Blessé et capturé à 15 ans, le Canadien Omar Khadr est détenu à Bagram puis Guantánamo, où il est jugé par une commission militaire. Le Canada l'indemnise en 2017.",Afghanistan; Cuba,"33.34,69.92; 19.9,-75.13",https://fr.wikipedia.org/w/index.php?search=Omar%20Khadr
2002-08,info,reconnu,White House Iraq Group,"Bagdad, Irak",La Maison-Blanche crée un groupe chargé de promouvoir la guerre. Le secrétaire général Andrew Card explique qu'on ne lance pas « de nouveau produit en août ». Le groupe coordonne les messages sur les armes irakiennes.,Irak,"33.31,44.37",https://en.wikipedia.org/w/index.php?search=White%20House%20Iraq%20Group
2002-08,arme,reconnu,Aide antidrogue étendue à la guerre,"Washington, États-Unis","Le Congrès autorise l'usage de l'aide du plan Colombie contre les guérillas, et non plus seulement contre la drogue.",Colombie,"4.71,-74.07",https://en.wikipedia.org/w/index.php?search=Plan%20Colombia
2002-08-01,crime,reconnu,« Mémos de la torture »,"Washington, États-Unis","Le département de la Justice (mémo Bybee, rédigé par John Yoo) autorise la CIA à pratiquer la simulation de noyade et d'autres méthodes, en redéfinissant étroitement la torture.",États-Unis,"38.9,-77.04",https://en.wikipedia.org/w/index.php?search=Torture%20Memos
2002-08-26,info,reconnu,Cheney : « aucun doute » sur les armes,"Bagdad, Irak","Devant des anciens combattants, Dick Cheney affirme qu'il ne fait « aucun doute » que Saddam Hussein possède des armes de destruction massive. Le renseignement n'avait pas cette certitude.",Irak,"33.31,44.37",https://en.wikipedia.org/w/index.php?search=Rationale%20for%20the%20Iraq%20War
2002-09,crime,reconnu,Prison secrète « Cobalt » (Salt Pit),"Kaboul, Afghanistan","La CIA ouvre près de Kaboul une prison secrète où les détenus sont maintenus dans le noir, enchaînés, privés de sommeil. Le Sénat l'a décrite en 2014.",Afghanistan,"34.5,69.2",https://en.wikipedia.org/w/index.php?search=Salt%20Pit
2002-09-08,info,reconnu,Les « tubes d'aluminium »,Irak,L'administration Bush présente des tubes d'aluminium importés par l'Irak comme des pièces de centrifugeuses nucléaires. Les experts du département de l'Énergie les jugeaient destinés à des roquettes.,Irak,"33.31,44.37",https://en.wikipedia.org/w/index.php?search=Aluminum%20tubes%20Iraq
2002-09-08,info,reconnu,Rice : « un champignon atomique »,"Bagdad, Irak",Condoleezza Rice déclare sur CNN qu'on ne veut pas que la preuve décisive prenne la forme d'« un champignon atomique ». L'Irak n'avait pas de programme nucléaire actif.,Irak,"33.31,44.37",https://en.wikipedia.org/w/index.php?search=Rationale%20for%20the%20Iraq%20War
2002-09-26,mort,reconnu,Maher Arar envoyé en Syrie,"New York, États-Unis","Arrêté à l'aéroport JFK, ce Canadien est expédié en Syrie, où il est torturé pendant près d'un an. Une commission canadienne le blanchit ; Ottawa l'indemnise.",Syrie; États-Unis,"33.51,36.29; 40.64,-73.78",https://fr.wikipedia.org/w/index.php?search=Maher%20Arar
2002-10-01,info,reconnu,Estimation du renseignement sur les armes,"Bagdad, Irak","Rédigée en quelques semaines, l'estimation nationale affirme que l'Irak détient des armes chimiques et biologiques et relance son programme nucléaire. Le Sénat juge en 2004 ses conclusions exagérées ou infondées.",Irak,"33.31,44.37",https://en.wikipedia.org/w/index.php?search=Senate%20Report%20on%20Iraqi%20WMD%20Intelligence
2002-10-07,info,reconnu,Discours de Cincinnati sur les drones,"Bagdad, Irak","George W. Bush affirme que l'Irak pourrait utiliser des drones pour répandre des armes chimiques ou biologiques, y compris sur les États-Unis. L'armée de l'air contestait déjà cette analyse.",Irak,"33.31,44.37",https://en.wikipedia.org/w/index.php?search=Rationale%20for%20the%20Iraq%20War
2002-11,crime,reconnu,Interrogatoire de Mohammed al-Qahtani,"Guantánamo, Cuba","Privations de sommeil, humiliations sexuelles, chien : en 2009, la responsable des commissions militaires Susan Crawford reconnaît que ce détenu a été « torturé ».",Cuba,"19.9,-75.13",https://en.wikipedia.org/w/index.php?search=Mohammed%20al-Qahtani
2002-11,mort,documenté,Al-Rawi et el-Banna enlevés en Gambie,"Banjul, Gambie","Arrêtés à Banjul sur renseignement britannique, ces deux résidents britanniques sont remis à la CIA et transférés à Bagram puis à Guantánamo. Une commission parlementaire britannique confirme l'enchaînement.",Gambie,"13.45,-16.58",https://en.wikipedia.org/w/index.php?search=Bisher%20al-Rawi
2002-11,crime,documenté,Al-Nashiri torturé au site noir thaïlandais,Thaïlande,"Abd al-Rahim al-Nashiri subit le simulacre de noyade dans le « site Green » de la CIA, décrit par le rapport du Sénat sur la torture. Ce rapport ne nomme pas le pays ; journalistes et chercheurs le situent en Thaïlande.",Thaïlande,"13.75,100.5",https://en.wikipedia.org/w/index.php?search=Abd%20al-Rahim%20al-Nashiri
2002-11-03,mort,reconnu,Frappe de drone à Marib,"Marib, Yémen","Un drone Predator de la CIA tue Abou Ali al-Harithi, suspect de l'attentat contre l'USS Cole, et cinq autres hommes dont un citoyen américain. Première frappe de drone hors zone de guerre.",Yémen,"15.46,45.32",https://en.wikipedia.org/w/index.php?search=2002%20Yemen%20drone%20strike
2002-11-14,sabot,reconnu,Livraisons de fioul suspendues,"Pyongyang, Corée du Nord","Après avoir accusé Pyongyang d'enrichir secrètement de l'uranium, Washington obtient de l'organisation KEDO l'arrêt du fioul promis par l'accord-cadre de 1994. L'accord s'effondre.",Corée du Nord,"39.03,125.75",https://en.wikipedia.org/w/index.php?search=Agreed%20Framework
2002-11-20,crime,reconnu,Mort de Gul Rahman à la Salt Pit,"Kaboul, Afghanistan","Un détenu afghan meurt d'hypothermie, enchaîné demi-nu au sol en béton de la prison secrète de la CIA. Aucune poursuite.",Afghanistan,"34.5,69.2",https://en.wikipedia.org/w/index.php?search=Gul%20Rahman
2002-12,crime,reconnu,Détenus battus à mort à Bagram,"Bagram, Afghanistan","Les détenus Habibullah et Dilawar, un chauffeur de taxi, meurent après des coups répétés de soldats américains. Des peines légères sont prononcées.",Afghanistan,"34.95,69.26",https://en.wikipedia.org/w/index.php?search=Bagram%20torture%20and%20prisoner%20abuse
2002-12,crime,reconnu,Site noir de Stare Kiejkuty,"Stare Kiejkuty, Pologne",La CIA détient et torture des prisonniers dans une base du renseignement polonais. La Cour européenne des droits de l'homme condamne la Pologne en 2014.,Pologne,"53.63,21.07",https://fr.wikipedia.org/w/index.php?search=Stare%20Kiejkuty
2002-12,sabot,allégué,Grève pétrolière contre Chávez,"Caracas, Venezuela","Direction de PDVSA, patronat et centrale syndicale CTV paralysent l'industrie pétrolière deux mois. Caracas accuse Washington de soutien ; la CTV recevait des fonds de la NED, mais aucun rôle direct n'est établi.",Venezuela,"10.5,-66.9",https://fr.wikipedia.org/w/index.php?search=Gr%C3%A8ve%20g%C3%A9n%C3%A9rale%20de%202002-2003%20au%20Venezuela
2002-12,arme,reconnu,Force opérationnelle à Camp Lemonnier,Djibouti,"Le Pentagone crée la CJTF-HOA, installée en 2003 au camp Lemonnier. La base devient le centre des opérations américaines dans la Corne de l'Afrique, dont les frappes de drones en Somalie et au Yémen.",Djibouti,"11.55,43.15",https://en.wikipedia.org/w/index.php?search=Camp%20Lemonnier
2002-12-13,coup,reconnu,Washington réclame des élections anticipées,"Washington, États-Unis","En pleine grève pétrolière, la Maison-Blanche appelle à des élections anticipées au Venezuela, reprenant la revendication de l'opposition, avant de corriger sa position.",Venezuela,"10.5,-66.9",https://fr.wikipedia.org/w/index.php?search=Gr%C3%A8ve%20g%C3%A9n%C3%A9rale%20de%202002-2003%20au%20Venezuela
2002-12-17,crime,reconnu,"Mohammed Jawad, adolescent torturé","Kaboul, Afghanistan","Arrêté à Kaboul vers 14 à 17 ans, Mohammed Jawad est maltraité à Bagram puis envoyé à Guantánamo. Un juge militaire écarte ses aveux obtenus sous la torture. Il est libéré en 2009.",Afghanistan,"34.53,69.17",https://en.wikipedia.org/w/index.php?search=Mohammed%20Jawad
2002-12-20,info,reconnu,Veto après la mort d'un employé de l'ONU,"Conseil de sécurité, New York","Washington bloque un projet condamnant la mort de membres du personnel de l'ONU tués par l'armée israélienne, dont le Britannique Iain Hook à Jénine, et la destruction d'un entrepôt du PAM.",Palestine,"32.46,35.3",https://en.wikipedia.org/w/index.php?search=List%20of%20vetoed%20United%20Nations%20Security%20Council%20resolutions
2003,info,reconnu,La NED finance Súmate,"Caracas, Venezuela","La NED accorde une subvention de 53 400 dollars à Súmate, l'association de María Corina Machado qui organise la collecte de signatures pour révoquer Chávez. Ses dirigeants sont poursuivis pour ce financement.",Venezuela,"10.5,-66.9",https://fr.wikipedia.org/w/index.php?search=S%C3%BAmate
2003-01,arme,reconnu,Bérets verts pour l'oléoduc d'Occidental,"Arauca, Colombie","Des forces spéciales américaines forment une brigade colombienne chargée de protéger l'oléoduc Caño Limón d'Occidental Petroleum, grâce à près de 100 millions de dollars votés par le Congrès.",Colombie,"7.08,-70.76",https://en.wikipedia.org/w/index.php?search=Ca%C3%B1o%20Lim%C3%B3n%E2%80%93Cove%C3%B1as%20pipeline
2003-01-28,info,reconnu,« L'uranium du Niger »,Irak,"Dans son discours sur l'état de l'Union, Bush affirme que l'Irak a cherché de l'uranium en Afrique, sur la base de documents falsifiés. La Maison-Blanche reconnaît en juillet que la phrase n'aurait pas dû figurer.",Irak,"33.31,44.37",https://en.wikipedia.org/w/index.php?search=Yellowcake%20forgery
2003-01-31,espion,documenté,Écoutes au Conseil de sécurité,"New York, États-Unis",Une note de la NSA révélée par Katharine Gun demande d'espionner six délégations indécises avant le vote sur l'Irak.,Mexique; Chili; Pakistan; Angola; Cameroun; Guinée,"19.43,-99.13; -33.45,-70.65; 33.68,73.05; -8.84,13.23; 3.87,11.5; 9.64,-13.58",https://en.wikipedia.org/w/index.php?search=Katharine%20Gun
2003-01-31,info,documenté,Avion aux couleurs de l'ONU,"Bagdad, Irak","Selon un mémo britannique révélé par l'avocat Philippe Sands, Bush évoque devant Blair l'idée de faire survoler l'Irak par un avion U2 aux couleurs de l'ONU pour provoquer des tirs et justifier la guerre.",Irak,"33.31,44.37",https://en.wikipedia.org/w/index.php?search=Philippe%20Sands%20Lawless%20World%20memo
2003-02,info,allégué,Thèse du « faux drapeau » d'El Para,Sahara algérien,"L'anthropologue Jeremy Keenan soutient que l'enlèvement de 32 touristes européens par le GSPC a été manipulé par les services algériens, avec l'aval de Washington, pour justifier la militarisation du Sahel. Thèse contestée.",Algérie,"24.5,5.5",https://en.wikipedia.org/w/index.php?search=2003%20Sahara%20hostage%20crisis
2003-02-05,info,reconnu,Discours de Powell à l'ONU,Irak,"Colin Powell présente au Conseil de sécurité des « preuves » d'armes de destruction massive, dont des laboratoires mobiles décrits par la source « Curveball ». Aucune arme n'est trouvée ; Powell a parlé d'une « tache ».",Irak,"33.31,44.37",https://fr.wikipedia.org/w/index.php?search=Discours%20de%20Colin%20Powell%20au%20Conseil%20de%20s%C3%A9curit%C3%A9%20des%20Nations%20unies
2003-02-17,mort,reconnu,Enlèvement d'Abou Omar à Milan,"Milan, Italie","Des agents de la CIA enlèvent l'imam Abou Omar et l'envoient en Égypte, où il est torturé. La justice italienne condamne 23 Américains par contumace en 2009.",Italie; Égypte,"45.46,9.19; 30.04,31.24",https://fr.wikipedia.org/w/index.php?search=Affaire%20Abou%20Omar
2003-03,crime,reconnu,Khalid Cheikh Mohammed torturé,"Stare Kiejkuty, Pologne","Capturé à Rawalpindi le 1er mars, Khalid Cheikh Mohammed subit 183 simulations de noyade dans une prison secrète de la CIA, selon le rapport du Sénat.",Pologne; Pakistan,"53.63,21.07; 33.6,73.05",https://fr.wikipedia.org/w/index.php?search=Khalid%20Cheikh%20Mohammed
2003-03,crime,reconnu,Bombes incendiaires Mark 77,Sud de l'Irak,"Les Marines utilisent des bombes incendiaires Mark 77, héritières du napalm, contre des positions irakiennes pendant l'invasion. Le Pentagone l'a d'abord nié avant de le reconnaître.",Irak,"31.04,46.26",https://en.wikipedia.org/w/index.php?search=Mark%2077%20bomb
2003-03,crime,reconnu,Uranium appauvri tiré en 2003,"Bagdad, Irak","Les forces américaines tirent à nouveau des munitions à uranium appauvri, y compris dans des zones urbaines comme Bagdad. Leurs effets sanitaires restent débattus.",Irak,"33.31,44.37",https://en.wikipedia.org/w/index.php?search=Depleted%20uranium
2003-03-06,sabot,reconnu,Sanctions contre Mugabe et son entourage,"Harare, Zimbabwe",Un décret de George W. Bush gèle les avoirs de Robert Mugabe et de dizaines de responsables zimbabwéens. Le programme reste en place jusqu'en mars 2024.,Zimbabwe,"-17.83,31.05",https://en.wikipedia.org/w/index.php?search=Sanctions%20against%20Zimbabwe
2003-03-16,info,reconnu,Cheney : armes nucléaires « reconstituées »,"Bagdad, Irak","Quatre jours avant l'invasion, Dick Cheney affirme à la télévision que Saddam Hussein a « reconstitué des armes nucléaires ». L'Agence internationale de l'énergie atomique n'avait trouvé aucune trace d'un tel programme.",Irak,"33.31,44.37",https://en.wikipedia.org/w/index.php?search=Rationale%20for%20the%20Iraq%20War
2003-03-20,arme,reconnu,Invasion de l'Irak,"Bagdad, Irak","Les États-Unis envahissent l'Irak sans mandat de l'ONU, au nom d'armes de destruction massive inexistantes. Bagdad tombe le 9 avril ; l'occupation dure jusqu'en 2011.",Irak,"33.31,44.37",https://fr.wikipedia.org/w/index.php?search=Invasion%20de%20l%27Irak%20par%20les%20%C3%89tats-Unis%20en%202003
2003-03-20,mort,reconnu,Frappe de Dora Farms contre Saddam Hussein,"Bagdad, Irak",La guerre s'ouvre par des bombes et missiles visant une ferme où Saddam Hussein est censé se trouver. Il n'y était pas.,Irak,"33.25,44.4",https://en.wikipedia.org/w/index.php?search=Dora%20Farms%20strike
2003-03-21,arme,reconnu,« Choc et effroi » sur Bagdad,"Bagdad, Irak","Les États-Unis lancent un bombardement massif de palais, ministères et sites militaires au cœur de Bagdad, selon la doctrine du « choc et effroi » destinée à briser la volonté de résistance.",Irak,"33.31,44.37",https://en.wikipedia.org/w/index.php?search=Shock%20and%20awe
2003-03-27,crime,documenté,Détenus de Guantánamo cachés au CICR,"Base de Guantánamo, Cuba",Le manuel du camp Delta signé par le général Geoffrey Miller prévoit de refuser à certains détenus toute visite de la Croix-Rouge et deux semaines d'isolement pour favoriser l'interrogatoire. Publié par WikiLeaks en 2007.,Cuba,"19.9,-75.13",https://www.democracynow.org/2007/11/26/leaked_guantanamo_military_operating_manual_reveals
2003-03-30,info,reconnu,Rumsfeld : « Nous savons où elles sont »,"Bagdad, Irak","Donald Rumsfeld affirme sur ABC connaître l'emplacement des armes de destruction massive, « autour de Tikrit et Bagdad ». Aucune n'y est trouvée.",Irak,"33.31,44.37",https://en.wikipedia.org/w/index.php?search=Iraq%20and%20weapons%20of%20mass%20destruction
2003-04,crime,reconnu,Armes à sous-munitions en zones habitées,"Hilla, Irak","Les forces américaines tirent des sous-munitions sur des zones urbaines, notamment autour de Hilla et Bagdad. Human Rights Watch en fait l'une des premières causes de morts civiles de l'invasion.",Irak,"32.48,44.42",https://en.wikipedia.org/w/index.php?search=Cluster%20munitions%20Iraq%202003%20Human%20Rights%20Watch
2003-04-01,info,reconnu,Récit enjolivé de Jessica Lynch,"Nassiriya, Irak","L'armée met en scène la libération de la soldate Jessica Lynch et des responsables la décrivent combattant jusqu'au bout. En 2007, elle dit elle-même au Congrès que ce récit héroïque était faux.",Irak,"31.04,46.26",https://en.wikipedia.org/w/index.php?search=Jessica%20Lynch
2003-04-07,crime,reconnu,Frappe sur le restaurant al-Saa,"Bagdad, Irak",Un B-1 largue quatre bombes sur un quartier d'al-Mansour où Saddam Hussein est signalé. Il n'y est pas ; Human Rights Watch recense de nombreux civils tués.,Irak,"33.32,44.33",https://en.wikipedia.org/w/index.php?search=Al-Mansour%20restaurant%20strike%202003
2003-04-08,crime,reconnu,Obus sur l'hôtel Palestine,"Bagdad, Irak",Un char américain tire sur l'hôtel qui abrite la presse étrangère et tue les cameramen José Couso et Taras Protsyuk. L'armée invoque un tireur présumé.,Irak,"33.31,44.42",https://fr.wikipedia.org/w/index.php?search=Attaque%20de%20l%27h%C3%B4tel%20Palestine
2003-04-08,crime,reconnu,Bureau d'Al Jazeera frappé à Bagdad,"Bagdad, Irak","Une frappe américaine touche les locaux d'Al Jazeera et tue le journaliste Tareq Ayyoub, alors que la chaîne avait communiqué ses coordonnées au Pentagone.",Irak,"33.31,44.37",https://en.wikipedia.org/w/index.php?search=Tareq%20Ayyoub
2003-04-09,info,documenté,Statue de la place Firdos,"Bagdad, Irak","Le renversement de la statue de Saddam Hussein, diffusé dans le monde entier, est organisé par des Marines et une équipe d'opérations psychologiques, selon une étude interne de l'armée révélée par le Los Angeles Times.",Irak,"33.31,44.37",https://en.wikipedia.org/w/index.php?search=Firdos%20Square%20statue%20destruction
2003-04-11,crime,reconnu,Pillages et « stuff happens »,"Bagdad, Irak","Les troupes laissent piller ministères, hôpitaux et le Musée national, tandis que le ministère du Pétrole est gardé. Rumsfeld minimise : « stuff happens ». Le droit de l'occupation impose de protéger ces lieux.",Irak,"33.31,44.37",https://en.wikipedia.org/w/index.php?search=Looting%20of%20the%20Iraq%20Museum
2003-04-28,crime,reconnu,Tirs sur une manifestation à Falloujah,"Falloujah, Irak",Des parachutistes de la 82e division ouvrent le feu sur une foule qui réclame la réouverture d'une école occupée. Environ 17 morts selon Human Rights Watch ; l'armée dit avoir riposté à des tirs.,Irak,"33.35,43.78",https://en.wikipedia.org/w/index.php?search=Fallujah%20killings%20April%202003
2003-05,info,documenté,Campagne de désinformation contre la France,"Washington, États-Unis",Des responsables anonymes accusent la France d'avoir fourni des passeports à des dignitaires irakiens. L'ambassade de France dénonce par écrit une campagne de désinformation.,France,"48.86,2.35",https://fr.wikipedia.org/w/index.php?search=Relations%20franco-am%C3%A9ricaines%20guerre%20d%27Irak
2003-05-16,coup,reconnu,Ordre n° 1 : débaasification,"Bagdad, Irak","Paul Bremer, chef de l'Autorité provisoire de la coalition, exclut de la fonction publique les membres des quatre rangs supérieurs du Baas. Des dizaines de milliers de fonctionnaires, dont des enseignants, sont renvoyés.",Irak,"33.31,44.37",https://en.wikipedia.org/w/index.php?search=De-Ba%27athification
2003-05-20,info,reconnu,TV Martí diffusée par un avion militaire,Au large de Cuba,"Pour contourner le brouillage, un avion EC-130 « Commando Solo » de l'armée de l'air diffuse TV Martí au-dessus des eaux internationales. Un avion civil, « Aero Martí », prend le relais en 2006.",Cuba,"23.11,-82.37",https://en.wikipedia.org/w/index.php?search=TV%20Mart%C3%AD%20Commando%20Solo
2003-05-23,coup,reconnu,Ordre n° 2 : l'armée irakienne dissoute,"Bagdad, Irak","Bremer dissout l'armée, les services de sécurité et le ministère de la Défense. Des centaines de milliers d'hommes armés perdent leur emploi, ce que de nombreux analystes lient à l'essor de l'insurrection.",Irak,"33.31,44.37",https://en.wikipedia.org/w/index.php?search=Coalition%20Provisional%20Authority%20Order%202
2003-05-29,info,reconnu,« Nous avons trouvé les armes »,"Bagdad, Irak","George W. Bush affirme à la télévision polonaise que les armes de destruction massive ont été trouvées, en citant deux remorques présentées comme des laboratoires mobiles. Elles servaient à produire de l'hydrogène.",Irak,"33.31,44.37",https://en.wikipedia.org/w/index.php?search=Iraq%20and%20weapons%20of%20mass%20destruction
2003-06,info,reconnu,Élections locales annulées à Nadjaf,"Nadjaf, Irak","L'Autorité provisoire de la coalition annule des élections municipales prévues à Nadjaf et dans d'autres villes, préférant nommer des responsables, rapporte le Washington Post.",Irak,"32.0,44.33",https://en.wikipedia.org/w/index.php?search=Coalition%20Provisional%20Authority
2003-06,mort,documenté,Cinq hommes enlevés au Malawi,"Blantyre, Malawi",Des agents de la CIA et du renseignement malawite arrêtent cinq étrangers soupçonnés de liens avec Al-Qaïda et les font expulser hors de toute procédure. Ils sont libérés plus tard sans poursuites.,Malawi,"-15.78,35.0",https://en.wikipedia.org/w/index.php?search=Malawi%20CIA%20rendition%202003
2003-06-21,crime,reconnu,Mort d'Abdul Wali à Asadabad,"Asadabad, Kunar, Afghanistan","Abdul Wali meurt après deux jours d'interrogatoire brutal par David Passaro, contractuel de la CIA. Passaro est condamné en 2006, seul civil de la CIA jugé pour sévices sur un détenu.",Afghanistan,"34.87,71.15",https://en.wikipedia.org/w/index.php?search=David%20Passaro
2003-06-26,coup,reconnu,Bush exige le départ de Charles Taylor,"Monrovia, Liberia","George W. Bush déclare que Taylor doit quitter le pouvoir. Pressé par Washington et encerclé par les rebelles, il s'exile au Nigeria le 11 août, tandis que des Marines débarquent brièvement à Monrovia.",Liberia,"6.3,-10.8",https://en.wikipedia.org/w/index.php?search=Second%20Liberian%20Civil%20War
2003-07-22,mort,reconnu,Oudaï et Qoussaï Hussein tués à Mossoul,"Mossoul, Irak","Des forces spéciales et la 101e division aéroportée assiègent une villa et tuent les deux fils de Saddam Hussein, ainsi que Moustapha, le fils de Qoussaï, âgé de 14 ans.",Irak,"36.34,43.13",https://en.wikipedia.org/w/index.php?search=Uday%20and%20Qusay%20Hussein
2003-07-28,sabot,reconnu,Embargo de la loi sur la liberté birmane,"Rangoun, Birmanie","La loi interdit toute importation de produits birmans. Selon des syndicats et ONG, des dizaines de milliers d'ouvrières du textile perdent leur emploi, un effet contesté par les partisans des sanctions.",Birmanie,"16.8,96.16",https://en.wikipedia.org/w/index.php?search=Burmese%20Freedom%20and%20Democracy%20Act
2003-08-11,mort,reconnu,Capture de Hambali à Ayutthaya,"Ayutthaya, Thaïlande","Arrêté avec l'appui de la CIA, le chef présumé de la Jemaah Islamiyah disparaît trois ans dans les prisons secrètes de l'agence avant Guantánamo, où il est toujours détenu sans jugement définitif.",Thaïlande; Indonésie,"14.35,100.57; -6.2,106.85",https://en.wikipedia.org/w/index.php?search=Hambali
2003-08-17,crime,reconnu,Le caméraman Mazen Dana tué,"Abou Ghraib, Irak",Un soldat américain tire depuis un char sur le caméraman de Reuters qui filmait près de la prison d'Abou Ghraib. L'armée conclut que le tir était justifié.,Irak,"33.29,44.06",https://en.wikipedia.org/w/index.php?search=Mazen%20Dana
2003-09,crime,reconnu,Site noir « Bright Light » à Bucarest,"Bucarest, Roumanie",La CIA exploite une prison secrète dans un bâtiment gouvernemental de Bucarest jusqu'en 2005. La CEDH condamne la Roumanie en 2018.,Roumanie,"44.43,26.1",https://en.wikipedia.org/w/index.php?search=Bright%20Light%20CIA%20Bucharest
2003-09,crime,reconnu,Site secret de la CIA à Guantánamo,"Base de Guantánamo, Cuba","La CIA transfère plusieurs détenus de ses prisons secrètes vers des installations distinctes sur la base, puis les en retire au printemps 2004, avant une décision de la Cour suprême. Le rapport du Sénat sur la torture le confirme.",Cuba,"19.9,-75.15",https://en.wikipedia.org/w/index.php?search=Senate%20Intelligence%20Committee%20report%20on%20CIA%20torture%20Guantanamo
2003-09-16,info,reconnu,Veto pour protéger Yasser Arafat,"Conseil de sécurité, New York","Les États-Unis bloquent un projet exigeant qu'Israël renonce à toute menace d'expulser Yasser Arafat, après la décision israélienne de l'« écarter ».",Palestine,"31.9,35.2",https://en.wikipedia.org/w/index.php?search=List%20of%20vetoed%20United%20Nations%20Security%20Council%20resolutions
2003-09-19,sabot,reconnu,Ordre n° 39 : économie ouverte aux étrangers,"Bagdad, Irak","L'Autorité provisoire autorise la détention à 100 % des entreprises irakiennes par des étrangers et le rapatriement intégral des profits, hors secteur pétrolier. Des juristes y voient une violation du droit de l'occupation.",Irak,"33.31,44.37",https://en.wikipedia.org/w/index.php?search=Coalition%20Provisional%20Authority
2003-10,crime,reconnu,Tortures à Abou Ghraib,"Abou Ghraib, Irak","Des militaires américains humilient, frappent et torturent des détenus, photos à l'appui, révélées en avril 2004. Onze soldats condamnés ; en 2024, un jury condamne le sous-traitant CACI à 42 millions de dollars.",Irak,"33.29,44.06",https://fr.wikipedia.org/w/index.php?search=Scandale%20d%27Abou%20Ghraib
2003-10-14,info,reconnu,Veto sur le mur de séparation,"Conseil de sécurité, New York",Washington bloque un projet déclarant illégale la construction du mur en Cisjordanie. L'Assemblée générale saisit ensuite la Cour internationale de justice.,Palestine,"31.9,35.2",https://en.wikipedia.org/w/index.php?search=List%20of%20vetoed%20United%20Nations%20Security%20Council%20resolutions
2003-11,crime,reconnu,Détenus « fantômes » cachés au CICR,"Bagdad, Irak","Sur demande de la CIA, Rumsfeld ordonne de détenir un suspect sans l'enregistrer auprès du Comité international de la Croix-Rouge, ce qu'il reconnaît en 2004. Le rapport Taguba évoque d'autres cas.",Irak,"33.31,44.37",https://en.wikipedia.org/w/index.php?search=Ghost%20detainee
2003-11-04,crime,reconnu,Mort de Manadel al-Jamadi,"Abou Ghraib, Irak","Ce détenu meurt pendant un interrogatoire de la CIA, suspendu les bras dans le dos. Son corps sur glace apparaît sur les photos d'Abou Ghraib. Aucun agent n'est poursuivi.",Irak,"33.29,44.06",https://en.wikipedia.org/w/index.php?search=Manadel%20al-Jamadi
2003-11-23,info,allégué,Révolution des Roses,"Tbilissi, Géorgie",Moscou y voit une opération américaine. Des ONG ont reçu des fonds américains et de la fondation Soros ; aucune orchestration n'est démontrée.,Géorgie,"41.72,44.79",https://fr.wikipedia.org/w/index.php?search=R%C3%A9volution%20des%20Roses
2003-11-26,crime,reconnu,Mort du général Mowhoush,"Al-Qaïm, Irak",Le général irakien Abed Hamed Mowhoush meurt étouffé dans un sac de couchage lors d'un interrogatoire. L'officier responsable est condamné à une simple réprimande.,Irak,"34.37,41.09",https://en.wikipedia.org/w/index.php?search=Abed%20Hamed%20Mowhoush
2003-12,mort,documenté,Mohammed al-Asad enlevé en Tanzanie,"Dar es Salaam, Tanzanie","Arrêté à Dar es Salaam, ce Yéménite est transféré à Djibouti puis dans des prisons secrètes de la CIA. Il est renvoyé au Yémen en 2005 sans inculpation, selon Amnesty International.",Tanzanie; Djibouti,"-6.8,39.28; 11.55,43.15",https://en.wikipedia.org/w/index.php?search=Mohammed%20al-Asad
2003-12-06,crime,reconnu,Neuf enfants tués par un A-10 à Ghazni,"Ghazni, Afghanistan",Un avion A-10 frappe une maison pour tuer un chef taliban absent et tue neuf enfants. L'armée américaine reconnaît leur mort.,Afghanistan,"33.55,68.42",https://en.wikipedia.org/w/index.php?search=December%202003%20Ghazni%20airstrike
2003-12-12,sabot,reconnu,Loi sur la responsabilité de la Syrie,"Damas, Syrie","George W. Bush signe le Syria Accountability Act, qui interdit la plupart des exportations américaines vers la Syrie. Il l'applique par décret en mai 2004.",Syrie,"33.51,36.29",https://en.wikipedia.org/w/index.php?search=Syria%20Accountability%20Act
2003-12-13,arme,reconnu,Capture de Saddam Hussein,"Ad-Dawr, Irak","Lors de l'opération Red Dawn, des soldats de la 4e division d'infanterie et des forces spéciales capturent Saddam Hussein dans une cache souterraine près de Tikrit. Il reste détenu par l'armée américaine.",Irak,"34.46,43.78",https://en.wikipedia.org/w/index.php?search=Operation%20Red%20Dawn
2003-12-31,mort,reconnu,Khaled El-Masri enlevé par erreur,"Skopje, Macédoine","Ce citoyen allemand, confondu avec un homonyme, est remis à la CIA et détenu quatre mois dans la Salt Pit. La CEDH condamne la Macédoine en 2012.",Macédoine; Afghanistan,"41.99,21.43; 34.5,69.2",https://fr.wikipedia.org/w/index.php?search=Khaled%20el-Masri
2004,crime,documenté,"Camp Nama, prison des forces spéciales","Bagdad, Irak",Une unité secrète des forces spéciales frappe et humilie des détenus dans une base de l'aéroport de Bagdad. Human Rights Watch documente ces sévices en 2006 à partir de témoignages de soldats.,Irak,"33.26,44.23",https://en.wikipedia.org/w/index.php?search=Camp%20Nama
2004,crime,documenté,Commandos de police et « option Salvador »,"Samarra, Irak","Le colonel à la retraite James Steele, vétéran du Salvador, encadre des commandos irakiens accusés de torture et d'escadrons de la mort. Enquête du Guardian et de la BBC en 2013.",Irak,"34.19,43.88",https://en.wikipedia.org/w/index.php?search=James%20Steele%20Iraq
2004,crime,documenté,Ordre de ne pas enquêter (FRAGO 242),Irak,"Les « Iraq War Logs » publiés par WikiLeaks en 2010 montrent qu'une consigne demandait aux soldats de ne pas enquêter sur les tortures commises par les forces irakiennes, sauf ordre contraire.",Irak,"33.31,44.37",https://en.wikipedia.org/w/index.php?search=Iraq%20War%20Logs
2004,crime,documenté,Civils tués aux points de contrôle irakiens,Irak,"Les « Iraq War Logs » recensent 834 morts dans des tirs d'« escalade de la force » aux barrages de 2004 à 2009, dont 681 civils, parmi lesquels au moins 30 enfants. Révélé par WikiLeaks en 2010.",Irak,"33.31,44.36",https://www.thebureauinvestigates.com/stories/2011-05-23/hundreds-of-civilians-gunned-down-at-checkpoints/
2004,info,documenté,Le décompte caché des morts civils,Irak,"Alors que le Pentagone disait ne pas compter les civils tués, ses journaux de guerre enregistrent 66 081 morts civils de 2004 à 2009. Iraq Body Count y trouve 15 000 morts jusque-là inconnus. Révélé par WikiLeaks en 2010.",Irak,"33.31,44.36",https://www.iraqbodycount.org/analysis/numbers/warlogs/
2004,sabot,reconnu,"8,8 milliards de dollars introuvables","Bagdad, Irak","Un audit de l'inspecteur général américain conclut en 2005 que l'Autorité provisoire n'a pas pu justifier l'usage de 8,8 milliards de dollars de fonds irakiens versés aux ministères.",Irak,"33.31,44.37",https://en.wikipedia.org/w/index.php?search=Special%20Inspector%20General%20for%20Iraq%20Reconstruction
2004,espion,reconnu,Opération Eikonal,"Francfort, Allemagne","De 2004 à 2008, le BND transmet à la NSA des données captées sur le nœud internet de Francfort. La commission d'enquête du Bundestag établit que des données européennes ont été livrées.",Allemagne,"50.11,8.68",https://en.wikipedia.org/w/index.php?search=Operation%20Eikonal
2004-01-03,crime,reconnu,Deux Irakiens jetés dans le Tigre,"Samarra, Irak","Des soldats forcent deux Irakiens à sauter dans le Tigre ; l'un, Zaidoun Fadhil, se noie selon sa famille. En 2005, un sergent est condamné pour voies de fait mais acquitté de l'accusation d'homicide involontaire.",Irak,"34.2,43.88",https://en.wikipedia.org/w/index.php?search=Zaidoun%20Fadhil%20Hassoun
2004-02-29,coup,allégué,Départ forcé d'Aristide,"Port-au-Prince, Haïti",Aristide quitte Haïti dans un avion affrété par Washington et affirme avoir été « enlevé ». Les États-Unis assurent qu'il est parti de son plein gré.,Haïti,"18.54,-72.34",https://en.wikipedia.org/w/index.php?search=2004%20Haitian%20coup%20d%27%C3%A9tat
2004-02-29,arme,reconnu,Opération Secure Tomorrow,"Port-au-Prince, Haïti","Le jour du départ d'Aristide, des Marines débarquent à Port-au-Prince, à la tête d'une force multinationale intérimaire, avant le relais de la MINUSTAH en juin.",Haïti,"18.54,-72.34",https://en.wikipedia.org/w/index.php?search=2004%20Haitian%20coup%20d%27%C3%A9tat
2004-03,mort,documenté,Belhaj livré à Kadhafi,"Bangkok, Thaïlande","L'opposant libyen Abdelhakim Belhaj et sa femme enceinte sont arrêtés à Kuala Lumpur, transférés à Bangkok puis renvoyés en Libye par la CIA sur renseignements britanniques. Des archives libyennes l'ont révélé ; Londres s'est excusé en 2018.",Thaïlande; Libye,"13.75,100.5; 32.89,13.19",https://fr.wikipedia.org/w/index.php?search=Abdelhakim%20Belhaj
2004-03,info,reconnu,Menaces sur les envois de fonds au Salvador,"San Salvador, Salvador","Avant la présidentielle, des responsables de l'administration Bush laissent entendre qu'une victoire du FMLN pourrait compromettre les envois d'argent des émigrés salvadoriens.",Salvador,"13.69,-89.19",https://en.wikipedia.org/w/index.php?search=2004%20Salvadoran%20presidential%20election
2004-03,mort,documenté,Sami al-Saadi livré à Kadhafi,"Tripoli, Libye","L'opposant libyen Sami al-Saadi, sa femme et leurs quatre enfants sont arrêtés à Hong Kong et renvoyés à Tripoli, où il est torturé. Des archives libyennes révèlent en 2011 le rôle de la CIA et du MI6 ; Londres l'indemnise en 2012.",Libye,"32.89,13.19",https://en.wikipedia.org/w/index.php?search=Sami%20al-Saadi
2004-03-25,info,reconnu,Veto après l'assassinat de Cheikh Yassine,"Conseil de sécurité, New York","Les États-Unis bloquent un projet condamnant l'assassinat du fondateur du Hamas par un missile israélien le 22 mars à Gaza, qui a aussi tué plusieurs passants.",Palestine (Gaza),"31.5,34.45",https://en.wikipedia.org/w/index.php?search=List%20of%20vetoed%20United%20Nations%20Security%20Council%20resolutions
2004-03-28,info,reconnu,Journal al-Hawza fermé par Bremer,"Bagdad, Irak","Paul Bremer fait fermer le journal du mouvement de Moqtada al-Sadr, accusé d'incitation. La mesure déclenche des manifestations puis le soulèvement chiite d'avril 2004.",Irak,"33.31,44.37",https://en.wikipedia.org/w/index.php?search=Muqtada%20al-Sadr
2004-03-29,arme,reconnu,Les pays baltes entrent dans l'OTAN,"Vilnius, Lituanie","L'Estonie, la Lettonie et la Lituanie rejoignent l'OTAN. Moscou y voit une violation des assurances de 1990, que Washington dit n'avoir jamais données par écrit.",Lituanie; Lettonie; Estonie,"54.69,25.28; 56.95,24.11; 59.44,24.75",https://fr.wikipedia.org/w/index.php?search=%C3%89largissement%20de%20l%27OTAN
2004-04-04,arme,reconnu,Premier siège de Falloujah,"Falloujah, Irak","Après le meurtre de quatre employés de Blackwater, les Marines assiègent Falloujah. Plusieurs centaines d'habitants meurent, dont de nombreux civils, avant un cessez-le-feu fin avril.",Irak,"33.35,43.78",https://fr.wikipedia.org/w/index.php?search=Premi%C3%A8re%20bataille%20de%20Falloujah
2004-04-26,sabot,reconnu,Ordre n° 81 sur les semences,"Bagdad, Irak","L'Autorité provisoire instaure la protection des variétés végétales brevetées, qui interdit aux agriculteurs de ressemer les graines protégées. Des ONG dénoncent un texte favorable aux semenciers étrangers.",Irak,"33.31,44.37",https://en.wikipedia.org/w/index.php?search=Coalition%20Provisional%20Authority%20Order%2081
2004-05,espion,documenté,"Rabinder Singh, taupe de la CIA au RAW","New Delhi, Inde","Cet officier du renseignement indien, soupçonné de travailler pour la CIA, fuit vers les États-Unis via le Népal avant d'être arrêté. L'Inde affirme qu'il a été exfiltré par la CIA.",Inde,"28.61,77.21",https://en.wikipedia.org/w/index.php?search=Rabinder%20Singh%20RAW
2004-05-06,coup,reconnu,Commission pour l'aide à une Cuba libre,"Washington, États-Unis",Une commission présidée par Colin Powell propose un plan pour hâter la fin du régime castriste et organiser la transition. Son rapport de 2006 comporte une annexe classifiée.,Cuba,"23.11,-82.37",https://en.wikipedia.org/w/index.php?search=Commission%20for%20Assistance%20to%20a%20Free%20Cuba
2004-05-19,crime,reconnu,Mariage de Mukaradeeb bombardé,"Mukaradeeb, Irak",Une frappe américaine près de la frontière syrienne tue une quarantaine de personnes réunies pour un mariage. L'armée affirme avoir visé des combattants ; des images confirment la fête.,Irak,"34.2,41.1",https://en.wikipedia.org/w/index.php?search=Mukaradeeb%20wedding%20party%20massacre
2004-06-18,mort,reconnu,Première frappe de drone au Pakistan,"Wana, Pakistan","Un drone de la CIA tue le chef tribal Nek Muhammad au Sud-Waziristan. Selon le Bureau of Investigative Journalism, plus de 400 frappes suivront, tuant entre 2 500 et 4 000 personnes.",Pakistan,"32.3,69.57",https://en.wikipedia.org/w/index.php?search=Drone%20strikes%20in%20Pakistan
2004-06-27,arme,reconnu,Ordre n° 17 : immunité des sous-traitants,"Bagdad, Irak","La veille du transfert de souveraineté, Bremer confirme que les forces de la coalition et leurs sous-traitants privés échappent à la justice irakienne. Cette immunité couvre notamment Blackwater.",Irak,"33.31,44.37",https://en.wikipedia.org/w/index.php?search=Coalition%20Provisional%20Authority%20Order%2017
2004-06-30,sabot,reconnu,Visites familiales limitées à une tous les 3 ans,"Washington, États-Unis","Sur recommandation de la commission pour l'aide à une Cuba libre, les Cubano-Américains ne peuvent plus rendre visite à leur famille qu'une fois tous les trois ans. Les envois d'argent sont aussi restreints.",Cuba,"23.11,-82.37",https://en.wikipedia.org/w/index.php?search=Commission%20for%20Assistance%20to%20a%20Free%20Cuba
2004-08,arme,reconnu,Bataille de Nadjaf,"Nadjaf, Irak",Les Marines et l'armée assiègent l'armée du Mahdi de Moqtada al-Sadr retranchée dans la vieille ville et autour du mausolée de l'imam Ali. Les combats font des centaines de morts avant une trêve négociée par Ali al-Sistani.,Irak,"32.0,44.33",https://en.wikipedia.org/w/index.php?search=Battle%20of%20Najaf%20%282004%29
2004-08,espion,documenté,Écoutes du Premier ministre grec,"Athènes, Grèce",Un logiciel caché dans le réseau de Vodafone écoute Costas Caramanlis et une centaine de responsables. Des enquêtes de presse et de la justice grecque désignent l'ambassade américaine.,Grèce,"37.98,23.73",https://fr.wikipedia.org/w/index.php?search=Scandale%20des%20%C3%A9coutes%20t%C3%A9l%C3%A9phoniques%20en%20Gr%C3%A8ce
2004-08-15,info,documenté,Sondage de sortie erroné du référendum,"Caracas, Venezuela","Un sondage de sortie de Penn, Schoen & Berland mené avec Súmate annonce la défaite de Chávez. Le référendum révocatoire lui donne 59 % ; les observateurs internationaux valident le résultat.",Venezuela,"10.5,-66.9",https://fr.wikipedia.org/w/index.php?search=R%C3%A9f%C3%A9rendum%20r%C3%A9vocatoire%20v%C3%A9n%C3%A9zu%C3%A9lien%20de%202004
2004-08-26,mort,allégué,Grâce des auteurs du complot de Panama,"Panama, Panama","La présidente sortante Mireya Moscoso gracie Posada Carriles et ses complices. Trois d'entre eux, citoyens américains, rentrent à Miami. Cuba et le Venezuela accusent Washington d'avoir obtenu cette grâce, ce que les États-Unis nient.",Panama,"8.98,-79.52",https://en.wikipedia.org/w/index.php?search=Luis%20Posada%20Carriles%20pardon%20Moscoso
2004-10-05,info,reconnu,Veto sur l'offensive au nord de Gaza,"Conseil de sécurité, New York","Washington bloque un projet exigeant l'arrêt de l'opération « Jours de pénitence », qui a tué plus de cent Palestiniens dans le nord de la bande de Gaza.",Palestine (Gaza),"31.53,34.5",https://en.wikipedia.org/w/index.php?search=List%20of%20vetoed%20United%20Nations%20Security%20Council%20resolutions
2004-10-20,info,reconnu,Loi pour la démocratie en Biélorussie,"Minsk, Biélorussie",Bush signe une loi qui finance l'opposition et les médias indépendants biélorusses et prévoit des sanctions contre le régime de Loukachenko.,Biélorussie,"53.9,27.56",https://en.wikipedia.org/w/index.php?search=Belarus%20Democracy%20Act
2004-11,crime,reconnu,Phosphore blanc à Falloujah,"Falloujah, Irak","Après l'avoir nié, le Pentagone reconnaît en novembre 2005 avoir employé du phosphore blanc comme arme contre des combattants à Falloujah. Son usage près de civils est dénoncé.",Irak,"33.35,43.78",https://fr.wikipedia.org/w/index.php?search=Phosphore%20blanc%20Falloujah
2004-11-07,arme,reconnu,Second assaut sur Falloujah,"Falloujah, Irak",L'opération Phantom Fury rase une grande partie de la ville. L'hôpital principal est pris dès le début de l'assaut.,Irak,"33.35,43.78",https://fr.wikipedia.org/w/index.php?search=Deuxi%C3%A8me%20bataille%20de%20Falloujah
2004-11-13,crime,reconnu,Blessé achevé dans une mosquée,"Falloujah, Irak",Le journaliste Kevin Sites filme un Marine tuant un Irakien blessé et désarmé dans une mosquée. L'enquête militaire ne donne lieu à aucune poursuite.,Irak,"33.35,43.78",https://en.wikipedia.org/w/index.php?search=Kevin%20Sites%20Fallujah%20mosque%20shooting
2004-11-22,info,allégué,Révolution orange,"Kyiv, Ukraine",Washington a dépensé environ 65 millions de dollars en programmes démocratiques ; Moscou dénonce une révolution téléguidée.,Ukraine,"50.45,30.52",https://fr.wikipedia.org/w/index.php?search=R%C3%A9volution%20orange
2005,crime,documenté,Site noir d'Antaviliai,"Antaviliai, Lituanie",La CIA détient des prisonniers dans une ancienne école d'équitation près de Vilnius en 2005 et 2006. La CEDH condamne la Lituanie en 2018.,Lituanie,"54.73,25.43",https://en.wikipedia.org/w/index.php?search=CIA%20black%20site%20Lithuania
2005-01-18,crime,reconnu,Parents de Samar Hassan tués à Tal Afar,"Tal Afar, Irak","Des soldats tirent sur une voiture qui approche d'un point de contrôle à la tombée de la nuit et tuent un couple. Les photos de leur fille couverte de sang, prises par Chris Hondros, font le tour du monde.",Irak,"36.37,42.45",https://en.wikipedia.org/w/index.php?search=Chris%20Hondros
2005-03-04,crime,reconnu,L'agent italien Calipari tué,"Bagdad, Irak",Des soldats américains tirent sur la voiture qui conduit la journaliste libérée Giuliana Sgrena vers l'aéroport et tuent l'agent secret italien Nicola Calipari. L'enquête américaine blanchit les soldats.,Irak,"33.31,44.37",https://en.wikipedia.org/w/index.php?search=Nicola%20Calipari
2005-03-24,info,allégué,Révolution des Tulipes,"Bichkek, Kirghizistan",Chute d'Askar Akaïev. Des médias d'opposition bénéficiaient de fonds américains ; un rôle décisif de Washington est surtout allégué par Moscou.,Kirghizistan,"42.87,74.59",https://fr.wikipedia.org/w/index.php?search=R%C3%A9volution%20des%20Tulipes
2005-04,espion,documenté,Le chef espion soudanais reçu par la CIA,"Khartoum, Soudan","En pleine crise du Darfour, la CIA fait venir à Washington Salah Gosh, chef du renseignement soudanais, pour renforcer la coopération antiterroriste, révèle le Los Angeles Times.",Soudan,"15.5,32.53",https://en.wikipedia.org/w/index.php?search=Salah%20Gosh
2005-05,arme,reconnu,Immunité pour les troupes américaines,"Asunción, Paraguay","Le Congrès paraguayen accorde l'immunité aux militaires américains en exercice. L'arrivée de centaines de soldats nourrit les soupçons de base à Mariscal Estigarribia, démentis par Washington.",Paraguay,"-25.26,-57.58; -22.03,-60.62",https://en.wikipedia.org/w/index.php?search=Mariscal%20Estigarribia%20Airport
2005-05,arme,documenté,Soldats américains arrêtés avec des munitions,"Carmen de Apicalá, Colombie","Deux militaires américains sont arrêtés avec des dizaines de milliers de cartouches, soupçonnées d'être destinées à des paramilitaires. Couverts par l'immunité, ils sont remis aux États-Unis.",Colombie,"4.15,-74.72",https://en.wikipedia.org/w/index.php?search=US%20soldiers%20arrested%20Colombia%20ammunition%202005
2005-05-13,info,allégué,Andijan : Tachkent accuse l'Occident,"Andijan, Ouzbékistan","Après l'assaut d'une prison et la répression sanglante de la foule, le régime Karimov dénonce un complot soutenu de l'étranger, puis expulse la base K2 et des ONG américaines comme Freedom House. Aucune preuve n'a été produite.",Ouzbékistan,"40.78,72.34",https://fr.wikipedia.org/w/index.php?search=Massacre%20d%27Andijan
2005-05-31,info,reconnu,María Corina Machado reçue par Bush,"Maison-Blanche, Washington, États-Unis","George W. Bush reçoit dans le Bureau ovale la fondatrice de Súmate, alors poursuivie au Venezuela pour avoir reçu des fonds américains.",Venezuela,"10.5,-66.9",https://fr.wikipedia.org/w/index.php?search=Mar%C3%ADa%20Corina%20Machado
2005-09-15,sabot,reconnu,Banco Delta Asia mise au ban,"Pyongyang, Corée du Nord",Le Trésor désigne la banque macanaise comme blanchisseuse d'argent nord-coréen. Macao gèle environ 25 millions de dollars et le Nord se retrouve coupé du système bancaire international.,Corée du Nord,"39.03,125.75",https://en.wikipedia.org/w/index.php?search=Banco%20Delta%20Asia
2005-09-23,mort,reconnu,Mort de Filiberto Ojeda Ríos,"Hormigueros, Porto Rico",Le chef indépendantiste des Macheteros est tué lors d'un assaut du FBI et se vide de son sang pendant des heures. L'inspecteur général du ministère de la Justice critique ce délai.,Porto Rico,"18.14,-67.13",https://en.wikipedia.org/w/index.php?search=Filiberto%20Ojeda%20R%C3%ADos
2005-10,crime,reconnu,Corps de talibans brûlés à Gonbaz,"Gonbaz, Kandahar, Afghanistan",Des soldats américains brûlent deux cadavres face à un village pour provoquer les talibans. Une chaîne australienne diffuse les images. Des soldats reçoivent des sanctions disciplinaires.,Afghanistan,"31.9,65.6",https://en.wikipedia.org/w/index.php?search=Gonbaz%20body%20burning%202005
2005-10-19,info,reconnu,"Procès de Saddam, piloté par Washington","Bagdad, Irak","Le procès de Saddam Hussein s'ouvre devant le Haut Tribunal pénal irakien, créé sous l'occupation, financé et conseillé par un bureau américain, le Regime Crimes Liaison Office. Des ONG critiquent son manque d'indépendance.",Irak,"33.31,44.37",https://en.wikipedia.org/w/index.php?search=Trial%20of%20Saddam%20Hussein
2005-11,crime,reconnu,Destruction des vidéos d'interrogatoires,Thaïlande,La CIA détruit 92 enregistrements d'interrogatoires d'Abou Zoubaydah et d'al-Nachiri sur ordre de Jose Rodriguez. Aucune poursuite n'est engagée.,Thaïlande,"17.38,102.79",https://en.wikipedia.org/w/index.php?search=CIA%20interrogation%20tapes%20destruction%20controversy
2005-11-01,crime,reconnu,Viol de Subic par un Marine,"Subic, Philippines","Le caporal Daniel Smith est condamné en 2006 pour le viol d'une Philippine, puis transféré à l'ambassade américaine en vertu de l'accord VFA. Il est acquitté en appel en 2009 après la rétractation de la plaignante.",Philippines,"14.83,120.28",https://en.wikipedia.org/w/index.php?search=Subic%20rape%20case
2005-11-19,crime,reconnu,Massacre de Haditha,"Haditha, Irak","Après la mort d'un des leurs, des Marines tuent 24 civils, dont des femmes et des enfants, dans leurs maisons. Aucune peine de prison n'est prononcée.",Irak,"34.14,42.34",https://fr.wikipedia.org/w/index.php?search=Massacre%20de%20Haditha
2005-11-29,espion,documenté,Steinmeier écouté sur les vols de la CIA,"Berlin, Allemagne",Une interception de la NSA rapporte le soulagement du ministre allemand des Affaires étrangères de n'avoir reçu aucune réponse de Condoleezza Rice sur les vols secrets de la CIA. Publiée par WikiLeaks en juillet 2015.,Allemagne,"52.52,13.4",https://wikileaks.org/nsa-germany/
2005-11-30,info,reconnu,Articles payés dans la presse irakienne,"Bagdad, Irak","Le Los Angeles Times révèle que l'armée paie, via la société Lincoln Group, des journaux irakiens pour publier des articles favorables rédigés par des militaires. Le Pentagone confirme.",Irak,"33.31,44.37",https://en.wikipedia.org/w/index.php?search=Lincoln%20Group
2005-12,mort,documenté,Abou Hamza Rabia tué au Waziristan,"Haisori, Waziristan du Nord, Pakistan","Un missile tiré par un drone tue ce cadre d'Al-Qaïda. Islamabad parle d'une explosion accidentelle, mais des débris de missile américain sont photographiés.",Pakistan,"33.0,70.1",https://en.wikipedia.org/w/index.php?search=Abu%20Hamza%20Rabia
2006,info,documenté,Financement de l'opposition syrienne,"Damas, Syrie","Des câbles diplomatiques publiés par WikiLeaks montrent que le département d'État a financé des opposants syriens en exil et la chaîne Barada TV, à hauteur d'environ 6 millions de dollars.",Syrie,"33.51,36.29",https://en.wikipedia.org/w/index.php?search=Barada%20TV
2006,info,documenté,Pressions sur Rome dans l'affaire Abou Omar,"Rome, Italie","L'ambassadeur Ronald Spogli, puis Robert Gates, pressent le gouvernement italien de ne pas transmettre les demandes d'extradition des agents de la CIA poursuivis pour l'enlèvement de l'imam. Aucune n'est envoyée. Révélé par WikiLeaks en 2010.",Italie,"41.9,12.5",https://www.motherjones.com/politics/2010/12/wikileaks-rendition-cia-italian-job/
2006,mort,allégué,Cuba chiffre à 638 les tentatives contre Castro,"La Havane, Cuba","Fabián Escalante, ancien chef du contre-espionnage cubain, recense 638 complots ou projets d'assassinat contre Castro. Ce chiffre n'est avancé que par Cuba ; la commission Church en documente huit.",Cuba,"23.11,-82.37",https://en.wikipedia.org/w/index.php?search=638%20Ways%20to%20Kill%20Castro
2006,sabot,documenté,Pressions contre PetroCaribe,"Port-au-Prince, Haïti",Des câbles publiés par WikiLeaks en 2011 montrent que l'ambassade américaine a pressé le gouvernement Préval de ne pas adhérer à l'accord pétrolier vénézuélien PetroCaribe.,Haïti,"18.54,-72.34",https://fr.wikipedia.org/w/index.php?search=PetroCaribe
2006-01,info,reconnu,Messages défilants sur la mission américaine,"La Havane, Cuba",La section des intérêts américains à La Havane affiche sur sa façade des messages lumineux contre le gouvernement. Cuba riposte en dressant une forêt de drapeaux pour les masquer.,Cuba,"23.11,-82.37",https://en.wikipedia.org/w/index.php?search=United%20States%20Interests%20Section%20in%20Havana%20billboard
2006-01-13,crime,documenté,Frappe de Damadola,"Bajaur, Pakistan",Des drones de la CIA visant Ayman al-Zawahiri frappent des maisons du village de Damadola. Il n'y est pas ; environ 18 civils sont tués.,Pakistan,"34.83,71.45",https://en.wikipedia.org/w/index.php?search=Damadola%20airstrike
2006-02,info,reconnu,Fonds pour la démocratie en Iran,"Téhéran, Iran","Condoleezza Rice demande 75 millions de dollars pour financer médias en persan, ONG et opposants iraniens. Le Congrès en vote une partie.",Iran,"35.69,51.39",https://en.wikipedia.org/w/index.php?search=Iran%20Democracy%20Fund
2006-02,arme,documenté,Financement des chefs de guerre de Mogadiscio,"Mogadiscio, Somalie","La CIA finance une alliance de chefs de guerre contre les tribunaux islamiques, selon le New York Times. L'alliance est défaite en juin 2006.",Somalie,"2.04,45.34",https://en.wikipedia.org/w/index.php?search=Alliance%20for%20the%20Restoration%20of%20Peace%20and%20Counter-Terrorism
2006-03-12,crime,reconnu,Viol et meurtres de Mahmoudiya,"Youssoufiya, Irak","Des soldats violent et tuent Abeer al-Janabi, 14 ans, puis tuent ses parents et sa sœur de 6 ans. Cinq militaires sont condamnés, dont Steven Green à la perpétuité et trois autres à des peines de 90 à 110 ans.",Irak,"32.98,44.25",https://fr.wikipedia.org/w/index.php?search=Massacre%20de%20Mahmoudiya
2006-03-15,crime,documenté,Massacre d'Ishaqi,"Ishaqi, Irak","Onze civils, dont des enfants, sont tués lors d'un raid américain sur une maison. Un rapporteur de l'ONU conclut à des exécutions ; l'enquête militaire blanchit les soldats.",Irak,"34.05,43.92",https://en.wikipedia.org/w/index.php?search=Ishaqi%20incident
2006-04-07,sabot,reconnu,Aide coupée au gouvernement du Hamas,Territoires palestiniens,"Après la victoire électorale du Hamas, les États-Unis suspendent l'aide directe à l'Autorité palestinienne et obtiennent un boycott du gouvernement élu avec l'Union européenne.",Palestine,"31.9,35.2",https://en.wikipedia.org/w/index.php?search=Palestinian%20legislative%20election%2C%202006
2006-04-26,crime,reconnu,Meurtre de Hamdania,"Hamdania, Irak","Des Marines enlèvent Hashim Ibrahim Awad, un civil handicapé, le tuent et maquillent la scène en combat. Plusieurs sont condamnés.",Irak,"33.27,44.12",https://en.wikipedia.org/w/index.php?search=Hamdania%20incident
2006-05,sabot,reconnu,Embargo américain sur les armes,"Caracas, Venezuela","Washington interdit toute vente d'armes au Venezuela, jugé peu coopératif contre le terrorisme, et bloque aussi la vente d'avions espagnols et brésiliens contenant des composants américains.",Venezuela,"10.5,-66.9",https://en.wikipedia.org/w/index.php?search=United%20States%20arms%20embargo%20Venezuela%202006
2006-05-09,crime,reconnu,"Exécution de détenus, opération Iron Triangle","Près de Samarra, Irak",Des soldats de la 101e division aéroportée exécutent trois prisonniers irakiens menottés. Quatre sont condamnés.,Irak,"34.19,43.88",https://en.wikipedia.org/w/index.php?search=Operation%20Iron%20Triangle%20killings
2006-05-22,crime,documenté,Frappe sur le village d'Azizi,"Panjwai, Kandahar, Afghanistan","Des frappes de la coalition sur le village d'Azizi, visant des talibans, tuent des dizaines de civils selon les autorités afghanes.",Afghanistan,"31.55,65.47",https://en.wikipedia.org/w/index.php?search=Azizi%20airstrike%202006
2006-06-07,crime,reconnu,Rapport Marty sur les vols de la CIA,"Strasbourg, France",Le rapport du sénateur suisse Dick Marty pour le Conseil de l'Europe décrit une « toile d'araignée » de vols et de détentions secrètes de la CIA avec la complicité d'États européens.,France,"48.58,7.75",https://fr.wikipedia.org/w/index.php?search=Rapport%20Marty
2006-06-10,crime,reconnu,Trois morts à Guantánamo,"Guantánamo, Cuba","Trois détenus sont retrouvés morts ; l'armée conclut à des suicides, qu'un commandant qualifie d'« acte de guerre asymétrique ». Des gardes ont contesté cette version.",Cuba,"19.9,-75.13",https://en.wikipedia.org/w/index.php?search=2006%20Guantanamo%20Bay%20deaths
2006-06-16,sabot,reconnu,Premières sanctions contre Loukachenko,"Minsk, Biélorussie",Un décret de Bush gèle les avoirs de Loukachenko et de dirigeants biélorusses accusés d'avoir truqué la présidentielle de mars 2006.,Biélorussie,"53.9,27.56",https://en.wikipedia.org/w/index.php?search=Sanctions%20against%20Belarus
2006-06-23,espion,reconnu,Programme TFTP sur SWIFT,"La Hulpe, Belgique",Le New York Times révèle que le Trésor américain accède en secret depuis 2001 aux données de la société belge SWIFT. La commission belge de la vie privée juge ces transferts illégaux.,Belgique,"50.73,4.49",https://en.wikipedia.org/w/index.php?search=Terrorist%20Finance%20Tracking%20Program
2006-06-29,crime,reconnu,Arrêt Hamdan c. Rumsfeld,"Washington, États-Unis","Dans l'arrêt Hamdan c. Rumsfeld, la Cour suprême juge illégales les commissions militaires créées pour juger les détenus de Guantánamo, contraires aux conventions de Genève.",Cuba,"19.9,-75.15",https://en.wikipedia.org/w/index.php?search=Hamdan%20v.%20Rumsfeld
2006-07,arme,documenté,Bombes livrées en urgence contre le Liban,Liban,"Selon le New York Times, Washington accélère l'envoi à Israël de bombes guidées, dont des GBU-28 anti-bunkers, pendant la guerre contre le Hezbollah.",Liban,"33.89,35.5",https://fr.wikipedia.org/w/index.php?search=Guerre%20du%20Liban%20de%202006
2006-07-13,info,reconnu,Veto sur l'opération Pluies d'été,"Conseil de sécurité, New York",Les États-Unis bloquent un projet demandant l'arrêt de l'offensive israélienne à Gaza lancée après la capture du soldat Gilad Shalit.,Palestine (Gaza),"31.5,34.45",https://en.wikipedia.org/w/index.php?search=List%20of%20vetoed%20United%20Nations%20Security%20Council%20resolutions
2006-07-26,arme,documenté,Le cessez-le-feu retardé au Liban,"Rome, Italie","À la conférence de Rome, Condoleezza Rice s'oppose à un appel à un cessez-le-feu immédiat, soutenu par la plupart des participants. La guerre dure jusqu'au 14 août.",Liban,"33.89,35.5",https://en.wikipedia.org/w/index.php?search=2006%20Lebanon%20War
2006-08,crime,reconnu,Sous-munitions américaines au Sud-Liban,Sud-Liban,"Dans les derniers jours de la guerre, Israël tire des millions de sous-munitions, en partie américaines. Un rapport du département d'État au Congrès (janvier 2007) conclut à de probables violations des accords d'utilisation.",Liban,"33.3,35.4",https://en.wikipedia.org/w/index.php?search=2006%20Lebanon%20War
2006-09-06,crime,reconnu,Transfert de 14 détenus de la CIA à Guantánamo,"Base de Guantánamo, Cuba","George W. Bush reconnaît l'existence des prisons secrètes de la CIA et annonce le transfert à Guantánamo de 14 détenus, dont Khalid Cheikh Mohammed, soumis à la torture.",Cuba,"19.9,-75.15",https://en.wikipedia.org/w/index.php?search=CIA%20black%20sites%202006%20transfer%20Guantanamo
2006-09-08,info,reconnu,Journalistes de Miami payés par Radio Martí,"Miami, États-Unis",Le Miami Herald révèle que dix journalistes de Floride ont été rémunérés par le bureau de Radio et TV Martí. Plusieurs sont licenciés par leur journal.,Cuba,"23.11,-82.37",https://en.wikipedia.org/w/index.php?search=Radio%20y%20Televisi%C3%B3n%20Mart%C3%AD%20journalists%20paid%202006
2006-10,espion,documenté,Téléphones de 35 dirigeants mondiaux,"Washington, États-Unis","Une note de la NSA d'octobre 2006 montre qu'un haut responsable américain a remis 200 numéros, dont ceux de 35 dirigeants étrangers non nommés, qui ont été placés sur écoute. Révélé par The Guardian en octobre 2013.",États-Unis,"38.9,-77.04",https://www.theguardian.com/world/2013/oct/24/nsa-surveillance-world-leaders-calls
2006-10-30,crime,documenté,Madrasa de Chenagai détruite,"Bajaur, Pakistan","Une frappe détruit une école coranique et tue environ 80 personnes, dont de nombreux adolescents. Islamabad la revendique, mais plusieurs sources l'attribuent à la CIA.",Pakistan,"34.7,71.52",https://en.wikipedia.org/w/index.php?search=Chenagai%20airstrike
2006-11,info,reconnu,Campagne contre Ortega au Nicaragua,"Managua, Nicaragua",L'ambassadeur Paul Trivelli appelle publiquement à battre Daniel Ortega et des responsables américains mettent en garde contre son élection. Ortega l'emporte.,Nicaragua,"12.13,-86.25",https://en.wikipedia.org/w/index.php?search=2006%20Nicaraguan%20general%20election
2006-11,info,documenté,Stratégie de l'ambassade pour diviser le chavisme,"Caracas, Venezuela","Un câble de l'ambassadeur William Brownfield publié par WikiLeaks détaille une stratégie en cinq points, financée par l'USAID, pour « pénétrer » la base de Chávez, « diviser le chavisme » et l'isoler.",Venezuela,"10.5,-66.9",https://en.wikipedia.org/w/index.php?search=William%20Brownfield%20WikiLeaks%20Venezuela
2006-11-11,info,reconnu,Veto après la tuerie de Beit Hanoun,"Conseil de sécurité, New York",Washington bloque un projet condamnant les tirs d'artillerie israéliens qui ont tué 19 civils d'une même famille à Beit Hanoun le 8 novembre.,Palestine (Gaza),"31.54,34.54",https://en.wikipedia.org/w/index.php?search=List%20of%20vetoed%20United%20Nations%20Security%20Council%20resolutions
2006-12,arme,documenté,Invasion éthiopienne de la Somalie,"Mogadiscio, Somalie","L'Éthiopie envahit la Somalie pour chasser les tribunaux islamiques, avec renseignements et appui américains. L'occupation provoque des combats meurtriers à Mogadiscio.",Somalie,"2.04,45.34",https://fr.wikipedia.org/w/index.php?search=Guerre%20de%20Somalie%20%282006-2009%29
2006-12-06,crime,reconnu,Un camionneur tué à la base de Manas,"Bichkek, Kirghizistan","Un aviateur américain, Zachary Hatfield, abat le chauffeur kirghiz Alexandre Ivanov à un poste de contrôle. Il invoque la légitime défense et échappe à la justice kirghize.",Kirghizistan,"42.87,74.59",https://en.wikipedia.org/w/index.php?search=Transit%20Center%20at%20Manas
2006-12-23,sabot,reconnu,Résolution 1737 de l'ONU,"New York, États-Unis","Sous l'impulsion de Washington, le Conseil de sécurité impose les premières sanctions de l'ONU contre le programme nucléaire iranien.",Iran,"35.69,51.39",https://fr.wikipedia.org/w/index.php?search=R%C3%A9solution%201737%20du%20Conseil%20de%20s%C3%A9curit%C3%A9%20des%20Nations%20unies
2006-12-30,mort,reconnu,Exécution de Saddam Hussein,"Bagdad, Irak","Détenu par l'armée américaine, Saddam Hussein est remis aux autorités irakiennes quelques heures avant sa pendaison, après sa condamnation pour le massacre de Doujaïl. Une vidéo montre des insultes lancées par les bourreaux.",Irak,"33.31,44.37",https://en.wikipedia.org/w/index.php?search=Execution%20of%20Saddam%20Hussein
2007,espion,documenté,Le BND et le BfV équipés de XKeyscore,"Pullach, Allemagne","Le renseignement extérieur allemand utilise l'outil d'analyse de la NSA depuis 2007, le renseignement intérieur depuis 2012, pour « soutenir la NSA ». Révélé par Der Spiegel en juillet 2013.",Allemagne,"52.52,13.4",https://www.nbcnews.com/news/world/report-germany-used-key-nsa-surveillance-program-flna6c10697346
2007,crime,reconnu,Détentions de masse à Camp Bucca,"Oum Qasr, Irak","Au plus fort de 2007, l'armée détient plus de 20 000 Irakiens, la plupart sans inculpation ni procès, surtout à Camp Bucca. Plusieurs futurs chefs de l'État islamique y sont passés.",Irak,"30.03,47.9",https://en.wikipedia.org/w/index.php?search=Camp%20Bucca
2007,crime,reconnu,Exécutions de détenus au bord d'un canal,"Bagdad, Irak",Des soldats américains exécutent quatre détenus irakiens menottés et jettent leurs corps dans un canal. Trois sous-officiers sont condamnés en 2009.,Irak,"33.31,44.37",https://en.wikipedia.org/w/index.php?search=Baghdad%20canal%20killings
2007,espion,documenté,Toutes les communications irakiennes captées,"Bagdad, Irak","Sous le général Keith Alexander, la NSA collecte la quasi-totalité des appels, SMS et courriels en Irak via un programme dit Real Time Regional Gateway, selon le Washington Post.",Irak,"33.31,44.37",https://en.wikipedia.org/w/index.php?search=Real%20Time%20Regional%20Gateway
2007,info,allégué,Finding secret de Bush contre l'Iran,"Téhéran, Iran","Selon Seymour Hersh (New Yorker, 2008), Bush signe une directive secrète finançant des opérations en Iran, dont un soutien à des groupes armés baloutches et kurdes. Washington ne confirme pas.",Iran,"35.69,51.39",https://fr.wikipedia.org/w/index.php?search=Joundallah
2007,info,documenté,Accord Bhutto-Musharraf parrainé par Washington,"Islamabad, Pakistan","Condoleezza Rice et le département d'État poussent Benazir Bhutto et Musharraf à un partage du pouvoir, qui permet le retour de Bhutto et l'amnistie de l'ordonnance de réconciliation nationale.",Pakistan,"33.68,73.05",https://en.wikipedia.org/w/index.php?search=National%20Reconciliation%20Ordinance
2007,arme,documenté,Renseignement pour couler les navires des Tigres,"Océan Indien, Sri Lanka","Selon des câbles diplomatiques et des responsables sri-lankais, les États-Unis ont fourni des renseignements qui ont permis de couler les navires d'armement des Tigres tamouls.",Sri Lanka,"6.93,79.86",https://en.wikipedia.org/w/index.php?search=Sri%20Lanka%20Navy%20LTTE%20floating%20warehouses
2007,espion,documenté,Programme de surveillance Creek Sand,"Ouagadougou, Burkina Faso",Des avions civils sous contrat avec l'armée américaine décollent de Ouagadougou pour surveiller le Sahel. Le Washington Post révèle en 2012 ce programme lancé en 2007.,Burkina Faso,"12.37,-1.53",https://en.wikipedia.org/w/index.php?search=Creek%20Sand%20Ouagadougou
2007,crime,allégué,Viol d'une fillette à la base de Melgar,"Melgar, Colombie","La mère d'une fillette de 12 ans accuse le sergent américain Michael Coen et un sous-traitant de l'avoir violée à la base de Melgar. Couverts par l'immunité, ils ne sont jugés ni en Colombie ni aux États-Unis.",Colombie,"4.2,-74.64",https://en.wikipedia.org/w/index.php?search=Melgar%20base%20rape%20case%202007
2007,info,documenté,Pressions sur la justice espagnole,"Madrid, Espagne",Des câbles diplomatiques révélés en 2010 montrent l'ambassade américaine agissant pour faire classer les poursuites contre les soldats qui ont tué le journaliste José Couso à Bagdad.,Espagne,"40.42,-3.7",https://fr.wikipedia.org/w/index.php?search=Jos%C3%A9%20Couso
2007-01,mort,documenté,Fugitifs de Somalie livrés à l'Éthiopie,"Nairobi, Kenya","Des dizaines de personnes arrêtées au Kenya après la chute des tribunaux islamiques sont renvoyées en Somalie puis en Éthiopie. Des agents américains les interrogent en détention secrète, selon HRW et l'AP.",Kenya; Éthiopie,"-1.29,36.82; 9.03,38.75",https://en.wikipedia.org/w/index.php?search=Kenya%20renditions%202007%20Ethiopia%20secret%20prisons
2007-01-08,arme,reconnu,Frappes d'AC-130 à Ras Kamboni,"Ras Kamboni, Somalie",Des avions américains frappent des combattants en fuite près de la frontière kényane. Des nomades figurent parmi les victimes selon des ONG.,Somalie,"-1.64,41.55",https://en.wikipedia.org/w/index.php?search=Battle%20of%20Ras%20Kamboni
2007-01-10,arme,reconnu,"Envoi de renforts, le « surge »","Bagdad, Irak","George W. Bush annonce l'envoi de plus de 20 000 soldats supplémentaires, surtout à Bagdad et dans la province d'Anbar. L'année 2007 est l'une des plus meurtrières de la guerre.",Irak,"33.31,44.37",https://en.wikipedia.org/w/index.php?search=Iraq%20War%20troop%20surge%20of%202007
2007-01-11,mort,reconnu,Raid contre le bureau iranien d'Erbil,"Erbil, Irak",Des forces américaines capturent cinq Iraniens dans le bureau de liaison iranien d'Erbil. Washington les accuse d'appartenir à la force Al-Qods et les détient jusqu'en 2009.,Irak,"36.19,44.01",https://en.wikipedia.org/w/index.php?search=Raid%20on%20the%20Iranian%20Liaison%20Office%20in%20Erbil
2007-02,info,documenté,Washington dissuade Berlin de poursuivre la CIA,"Berlin, Allemagne",Des câbles révélés par WikiLeaks montrent que l'ambassade américaine avertit Berlin des conséquences de mandats d'arrêt contre les agents de la CIA impliqués dans l'enlèvement d'el-Masri.,Allemagne,"52.52,13.4",https://fr.wikipedia.org/w/index.php?search=Affaire%20Khaled%20el-Masri
2007-02-22,crime,documenté,« On ne se rend pas à un hélicoptère »,"Région de Bagdad, Irak",Deux insurgés qui veulent se rendre sont tués par l'Apache « Crazyhorse 18 » après qu'un juriste militaire a estimé qu'on « ne peut se rendre à un aéronef ». Même équipage que « Collateral Murder ». Révélé par WikiLeaks en 2010.,Irak,"33.52,44.27",https://www.thebureauinvestigates.com/stories/2011-05-23/us-apache-guns-down-surrendering-insurgents
2007-03,info,documenté,65 millions demandés contre Ortega,"Managua, Nicaragua","L'ambassadeur au Nicaragua demande environ 65 millions de dollars de plus sur quatre ans pour financer partis, ONG et groupes opposés à Daniel Ortega, jusqu'à la prochaine présidentielle. Révélé par WikiLeaks en 2011.",Nicaragua,"12.13,-86.25",https://jacobin.com/2015/09/latin-america-wikileaks-hugo-chavez-rafael-correa-obama-venezuela-intervention
2007-03-04,crime,reconnu,Fusillade de Shinwar,"Nangarhar, Afghanistan","Après un attentat, des commandos des Marines tirent sur des voitures et des passants sur plusieurs kilomètres ; 19 civils tués. Une enquête militaire juge la réponse excessive, sans condamnation.",Afghanistan,"34.2,70.6",https://en.wikipedia.org/w/index.php?search=Shinwar%20shooting
2007-04,info,documenté,L'USAID renforce les régions contre Morales,"Santa Cruz, Bolivie",Un câble d'avril 2007 décrit l'effort de l'USAID pour renforcer les départements autonomistes en « contrepoids » au gouvernement central : 101 subventions pour environ 4 millions de dollars. Révélé par WikiLeaks en 2011.,Bolivie,"-17.78,-63.18",https://www.americas.org/the-latin-america-wikileaks-files/
2007-04,crime,documenté,Bombardement du district de Shindand,"Shindand, Hérât, Afghanistan","Après des combats avec les forces spéciales américaines, des frappes tuent des dizaines de villageois dans la vallée de Zerkoh selon l'enquête de l'ONU et du gouvernement afghan.",Afghanistan,"33.3,62.14",https://en.wikipedia.org/w/index.php?search=Shindand%20airstrike%202007
2007-06,arme,documenté,Plan pour armer le Fatah,"Gaza, Palestine","Selon Vanity Fair (2008), Washington arme en secret le Fatah contre le Hamas vainqueur des élections, ce qui précipite la bataille de Gaza.",Palestine,"31.5,34.45",https://en.wikipedia.org/w/index.php?search=Battle%20of%20Gaza%20%282007%29
2007-06-01,arme,reconnu,Destroyer contre des islamistes au Puntland,"Bargal, Somalie","L'USS Chafee bombarde depuis la mer des combattants islamistes près de Bargal, dans le Puntland. Washington dit viser des membres d'Al-Qaïda.",Somalie,"11.28,51.08",https://en.wikipedia.org/w/index.php?search=USS%20Chafee%20Bargal%202007
2007-06-17,crime,documenté,Sept enfants tués par la Task Force 373,"Nangar Khel, Paktika, Afghanistan","Visant Abou Laith al-Libi, absent, l'unité secrète tire cinq roquettes HIMARS sur une madrasa et tue sept enfants. Le rapport exige de cacher le rôle de la TF 373. Révélé par les journaux de guerre publiés par WikiLeaks en 2010.",Afghanistan,"32.8,68.9",https://www.channel4.com/news/afghan-files-task-force-373-the-taliban-hunters
2007-07-12,crime,reconnu,« Collateral Murder »,"Bagdad, Irak","Un hélicoptère Apache tue une dizaine d'hommes, dont deux employés de Reuters, puis tire sur un minibus venu secourir un blessé. La vidéo, publiée en 2010 par WikiLeaks, est authentifiée par l'armée.",Irak,"33.32,44.47",https://fr.wikipedia.org/w/index.php?search=Collateral%20Murder
2007-09-16,crime,reconnu,Massacre de la place Nisour,"Bagdad, Irak","Des gardes de Blackwater, sous contrat du département d'État, tuent 17 civils irakiens. Quatre sont condamnés en 2014-2015, puis graciés par Trump en 2020.",Irak,"33.31,44.35",https://fr.wikipedia.org/w/index.php?search=Massacre%20de%20la%20place%20Nisour
2007-10-25,sabot,reconnu,Sanctions contre les Gardiens de la révolution,"Washington, États-Unis",Washington désigne les Gardiens de la révolution comme proliférateurs et leur force Al-Qods comme soutien du terrorisme.,Iran,"35.69,51.39",https://fr.wikipedia.org/w/index.php?search=Gardiens%20de%20la%20r%C3%A9volution%20islamique
2007-12,espion,documenté,Conférence climat de Bali,"Nusa Dua, Indonésie","D'après les documents Snowden, la NSA et le renseignement australien y surveillent les délégations, dont les numéros de responsables indonésiens.",Indonésie,"-8.8,115.23",https://en.wikipedia.org/w/index.php?search=Global%20surveillance%20disclosures%20Indonesia%20Bali%202007
2007-12,sabot,documenté,Liste de représailles sur les OGM,"Paris, France","Dans un câble révélé par WikiLeaks, l'ambassadeur Craig Stapleton recommande de dresser une liste de représailles contre l'UE et la France pour leur refus des OGM.",France,"48.86,2.35",https://en.wikipedia.org/w/index.php?search=Craig%20Roberts%20Stapleton
2008,espion,documenté,Total et Thales ciblés,"Paris, France","Des listes de cibles du GCHQ et de la NSA couvrant 2008 à 2011 incluent le groupe pétrolier Total et l'industriel de défense Thales. Révélé par The Guardian, le New York Times et Der Spiegel en décembre 2013.",France,"48.86,2.35",https://en.wikipedia.org/wiki/Global_surveillance_disclosures_(2013%E2%80%93present)
2008,cyber,documenté,Catalogue ANT des implants de la NSA,Monde,"Ce catalogue interne de l'unité TAO propose une cinquantaine d'outils : portes dérobées pour Cisco, Juniper et Huawei, micrologiciels de disques durs, faux relais mobiles, câbles piégés. Révélé par Der Spiegel en décembre 2013.",Chine,"39.9,116.4",https://en.wikipedia.org/wiki/ANT_catalog
2008,espion,documenté,Espions dans World of Warcraft,Monde,"La NSA et le GCHQ infiltrent World of Warcraft, Second Life et Xbox Live ; les cibles évoquées vont de hackers chinois à un scientifique nucléaire iranien. Aucun complot déjoué n'est cité. Révélé par The Guardian, le NYT et ProPublica en décembre 2013.",Chine; Iran,"39.9,116.4; 35.69,51.39",https://www.propublica.org/article/world-of-spycraft-intelligence-agencies-spied-in-online-games
2008,cyber,documenté,Kaspersky visé par la NSA et le GCHQ,"Moscou, Russie","Les deux agences font de la rétro-ingénierie des antivirus, dont celui de Kaspersky, et surveillent ses courriels pour contourner ses protections. Révélé par The Intercept en juin 2015.",Russie,"55.75,37.62",https://theintercept.com/2015/06/22/nsa-gchq-targeted-kaspersky/
2008,info,documenté,La MINUSTAH vue comme rempart contre Aristide,"Port-au-Prince, Haïti","Selon un câble de 2008 publié par WikiLeaks, l'ambassadrice Janet Sanderson juge la mission de l'ONU indispensable aux intérêts américains, notamment pour empêcher le retour d'Aristide.",Haïti,"18.54,-72.34",https://fr.wikipedia.org/w/index.php?search=MINUSTAH
2008-01,mort,documenté,Abou Laith al-Libi tué par un drone,"Mir Ali, Waziristan du Nord, Pakistan",Une frappe de la CIA tue ce commandant d'Al-Qaïda et plusieurs autres personnes près de Mir Ali.,Pakistan,"32.99,70.26",https://en.wikipedia.org/w/index.php?search=Abu%20Laith%20al-Libi
2008-02,sabot,documenté,Loi Sinde dictée par l'ambassade,"Madrid, Espagne",L'ambassade menace de placer l'Espagne sur la liste noire commerciale « Special 301 » si elle ne durcit pas sa loi contre le téléchargement. La loi Sinde est adoptée fin 2011. Révélé par WikiLeaks et El País en 2010.,Espagne,"40.42,-3.7",https://www.eff.org/deeplinks/2012/01/spains-ley-sinde-new-revelations
2008-02,espion,reconnu,Boursiers et volontaires invités à espionner,"La Paz, Bolivie",Un agent de sécurité de l'ambassade demande à un boursier Fulbright et à des volontaires du Peace Corps de signaler les Cubains et Vénézuéliens en Bolivie. L'ambassade reconnaît une « erreur ».,Bolivie,"-16.5,-68.15",https://en.wikipedia.org/w/index.php?search=Vincent%20Cooper%20Fulbright%20Bolivia%20spying
2008-02-10,crime,reconnu,Viol d'une collégienne à Okinawa,"Chatan, Okinawa, Japon",Un marine est arrêté pour le viol d'une collégienne de 14 ans. La plainte est retirée et la justice japonaise abandonne les poursuites. Une cour martiale américaine le condamne à quatre ans de prison.,Japon,"26.31,127.76",https://en.wikipedia.org/w/index.php?search=2008%20Okinawa%20rape%20incident
2008-02-12,mort,documenté,Assassinat d'Imad Moughniyeh à Damas,"Damas, Syrie","Le chef militaire du Hezbollah est tué par une voiture piégée. Selon le Washington Post et Newsweek (2015), l'opération est menée conjointement par la CIA et le Mossad, la bombe ayant été testée aux États-Unis.",Syrie,"33.51,36.29",https://fr.wikipedia.org/w/index.php?search=Imad%20Moughniyah
2008-03,espion,documenté,Biométrie des candidats paraguayens,"Asunción, Paraguay","Un câble secret demande à l'ambassade d'Asunción empreintes, iris et ADN de personnalités politiques, dont des candidats à la présidentielle, et les relevés d'appels de diplomates cubains, vénézuéliens et boliviens. Révélé par WikiLeaks en 2010.",Paraguay,"-25.28,-57.58",https://www.commondreams.org/news/2010/12/03/wikileaks-cables-cia-drew-un-spying-wishlist-diplomats
2008-03-01,mort,documenté,Raid d'Angostura contre Raúl Reyes,"Angostura, Équateur","L'armée colombienne tue le numéro deux des FARC en territoire équatorien. Selon le Washington Post (2013), un programme secret de la CIA fournissait à Bogota les bombes guidées par GPS.",Équateur; Colombie,"0.05,-76.3; 4.71,-74.07",https://en.wikipedia.org/w/index.php?search=2008%20Andean%20diplomatic%20crisis
2008-03-03,arme,reconnu,Tomahawk sur Dhobley,"Dhobley, Somalie","Des missiles tirés par la marine américaine frappent la ville de Dhobley, près de la frontière kényane, pour tuer Saleh Ali Nabhan, qui en réchappe. Les autorités locales font état de victimes civiles.",Somalie,"0.41,41.02",https://en.wikipedia.org/w/index.php?search=Dhobley%20airstrike%202008
2008-04-03,info,reconnu,Sommet de Bucarest : promesse d'adhésion à l'OTAN,"Bucarest, Roumanie","Sous la pression de Washington, le sommet déclare que l'Ukraine et la Géorgie « deviendront membres de l'OTAN ». Moscou y voit une menace directe.",Ukraine; Géorgie,"50.45,30.52; 41.72,44.79",https://fr.wikipedia.org/w/index.php?search=Sommet%20de%20l%27OTAN%20%C3%A0%20Bucarest%20en%202008
2008-05-01,mort,reconnu,Aden Hashi Ayro tué,"Dhusamareb, Somalie","Une frappe de missiles tue le chef des Chabab et une dizaine d'autres personnes, dont des civils selon les habitants.",Somalie,"5.53,46.39",https://en.wikipedia.org/w/index.php?search=Aden%20Hashi%20Farah%20Ayro
2008-06-10,arme,reconnu,Frappe de Gora Prai sur des soldats pakistanais,"Gora Prai, Mohmand, Pakistan",Des frappes aériennes américaines tuent onze soldats du Frontier Corps pakistanais à un poste frontalier. Islamabad dénonce une agression. Washington parle de légitime défense.,Pakistan,"34.4,71.3",https://en.wikipedia.org/w/index.php?search=Gora%20Prai%20airstrike
2008-06-12,crime,reconnu,Arrêt Boumediene c. Bush,"Washington, États-Unis","La Cour suprême reconnaît aux détenus de Guantánamo le droit de contester leur détention devant la justice fédérale, que le Congrès avait voulu leur retirer.",Cuba,"19.9,-75.15",https://en.wikipedia.org/w/index.php?search=Boumediene%20v.%20Bush
2008-07,mort,documenté,Abou Khabab al-Masri tué par un drone,"Azam Warsak, Waziristan du Sud, Pakistan",Une frappe de la CIA tue le chimiste d'Al-Qaïda et plusieurs autres personnes au Waziristan du Sud.,Pakistan,"32.3,69.8",https://en.wikipedia.org/w/index.php?search=Abu%20Khabab%20al-Masri
2008-07-01,info,reconnu,Mandela retiré de la liste terroriste,"Washington, États-Unis","Une loi signée par George W. Bush retire enfin Nelson Mandela et l'ANC des listes américaines de surveillance terroriste, où ils figuraient depuis l'époque de l'apartheid.",Afrique du Sud,"-25.75,28.19",https://en.wikipedia.org/w/index.php?search=Nelson%20Mandela%20terrorism%20watch%20list%202008
2008-07-06,crime,documenté,Noce bombardée à Haska Meyna,"Deh Bala, Nangarhar, Afghanistan","Une frappe aérienne américaine sur un cortège de mariage tue 47 civils, dont la mariée, selon une commission afghane. L'armée américaine a d'abord affirmé avoir visé des combattants.",Afghanistan,"34.25,70.7",https://en.wikipedia.org/w/index.php?search=Haska%20Meyna%20wedding%20party%20airstrike
2008-08,info,documenté,Gilani consent en secret aux drones,"Islamabad, Pakistan",Le Premier ministre Gilani dit à l'ambassadrice américaine : « Je me moque qu'ils le fassent s'ils visent les bonnes personnes. Nous protesterons à l'Assemblée puis nous l'ignorerons. » Révélé par WikiLeaks en 2010.,Pakistan,"33.68,73.05",https://tribune.com.pk/story/84402/wikileaks-gilani-open-to-drone-strikes-on-right-people
2008-08-08,arme,allégué,Guerre d'Ossétie : feu vert américain allégué,"Tskhinvali, Géorgie","Moscou accuse Washington d'avoir encouragé l'offensive de Saakachvili, dont il avait formé et armé l'armée. Washington dément et dit avoir mis Tbilissi en garde ; le rapport Tagliavini de l'UE ne retient pas de feu vert. Les États-Unis rapatrient d'Irak 2 000 soldats géorgiens.",Géorgie,"42.23,43.96",https://fr.wikipedia.org/w/index.php?search=Guerre%20russo-g%C3%A9orgienne
2008-08-22,crime,reconnu,Massacre d'Azizabad,"Hérat, Afghanistan","Un raid et des frappes américaines tuent environ 90 civils selon l'ONU, dont une soixantaine d'enfants. L'armée a d'abord nié puis reconnu 33 morts civils.",Afghanistan,"33.3,62.18",https://en.wikipedia.org/w/index.php?search=Azizabad%20airstrike
2008-09,sabot,reconnu,Bolivie exclue des préférences commerciales,"Washington, États-Unis","George W. Bush suspend les préférences douanières de l'ATPDEA pour la Bolivie, reprochant à Morales son manque de coopération antidrogue, peu après l'expulsion de l'ambassadeur Goldberg.",Bolivie,"-16.5,-68.15",https://en.wikipedia.org/w/index.php?search=Andean%20Trade%20Promotion%20and%20Drug%20Eradication%20Act
2008-09,crime,documenté,Faux positifs et unités aidées,"Soacha, Colombie",Le scandale de Soacha révèle l'assassinat de civils déguisés en guérilleros ; la JEP compte 6 402 victimes de 2002 à 2008. Des ONG montrent que des unités financées par Washington y ont pris part.,Colombie,"4.58,-74.22",https://fr.wikipedia.org/w/index.php?search=Scandale%20des%20faux%20positifs
2008-09-03,arme,documenté,Raid d'Angoor Adda,"Sud-Waziristan, Pakistan",Des commandos américains héliportés mènent un raid terrestre dans un village du Sud-Waziristan. Islamabad dénonce une violation de sa souveraineté et la mort de civils.,Pakistan,"32.58,69.38",https://en.wikipedia.org/w/index.php?search=Angoor%20Adda%20raid
2008-09-10,info,allégué,Ambassadeur expulsé de Bolivie,"La Paz, Bolivie","Evo Morales expulse l'ambassadeur Philip Goldberg, qu'il accuse de soutenir les préfets séparatistes de l'Est. Washington dément.",Bolivie,"-16.5,-68.15",https://en.wikipedia.org/w/index.php?search=Philip%20Goldberg%20ambassador%20Bolivia
2008-09-11,coup,allégué,Expulsion de l'ambassadeur Patrick Duddy,"Caracas, Venezuela",Chávez expulse l'ambassadeur américain par solidarité avec la Bolivie et affirme avoir déjoué un complot militaire soutenu par Washington. Aucune preuve publique n'est présentée ; Washington expulse l'ambassadeur vénézuélien.,Venezuela,"10.5,-66.9",https://en.wikipedia.org/w/index.php?search=Patrick%20Duddy
2008-09-12,sabot,reconnu,Hauts responsables sanctionnés pour les FARC,"Caracas, Venezuela","Le Trésor sanctionne Hugo Carvajal, Henry Rangel Silva et Ramón Rodríguez Chacín, accusés d'aider la guérilla colombienne des FARC.",Venezuela,"10.5,-66.9",https://fr.wikipedia.org/w/index.php?search=Hugo%20Carvajal
2008-10-26,arme,documenté,Raid héliporté près d'Abou Kamal,"Soukkariyé, Syrie",Des forces spéciales américaines attaquent un bâtiment en Syrie pour viser un passeur d'al-Qaïda. Damas annonce 8 civils tués ; Washington ne confirme qu'officieusement.,Syrie,"34.45,40.92",https://en.wikipedia.org/w/index.php?search=Abu%20Kamal%20raid
2008-11,espion,allégué,La DEA chassée de Bolivie,"La Paz, Bolivie","Morales suspend les activités de l'agence antidrogue américaine, accusée d'espionnage politique et de soutien à l'opposition. Washington rejette ces accusations.",Bolivie,"-16.5,-68.15",https://en.wikipedia.org/w/index.php?search=Drug%20Enforcement%20Administration%20Bolivia%20expelled%202008
2008-12,info,documenté,Un militant du 6-Avril reçu par Washington,"Le Caire, Égypte","Un câble du 30 décembre 2008 montre que le département d'État a fait venir à New York un militant du mouvement du 6-Avril, qui confie un plan pour évincer Moubarak, tout en protégeant son identité. Révélé par WikiLeaks en 2011.",Égypte,"30.04,31.24",https://www.theglobeandmail.com/news/world/us-officials-backed-rebels-planning-egyptian-uprising-in-2008-wikileaks/article564010/
2008-12-14,arme,documenté,Opération Lightning Thunder contre la LRA,"Parc de la Garamba, RD Congo",Des conseillers de l'AFRICOM aident à planifier et financer l'attaque ougandaise contre les camps de la LRA. L'offensive échoue et la LRA tue en représailles des centaines de civils à Noël.,RD Congo,"4.0,29.5",https://en.wikipedia.org/w/index.php?search=Operation%20Lightning%20Thunder%20%282008%29
2008-12-15,sabot,reconnu,Siemens paie 800 millions aux États-Unis,"Munich, Allemagne","Le groupe allemand règle des poursuites pour corruption à l'étranger au titre de la loi FCPA ; l'amende totale atteint 1,6 milliard de dollars avec la justice allemande.",Allemagne,"48.14,11.58",https://en.wikipedia.org/w/index.php?search=Siemens%20bribery%20scandal%20FCPA%202008
2009,arme,reconnu,Opération Fast and Furious,Mexique,L'ATF laisse environ 2 000 armes passer aux mains de trafiquants liés aux cartels mexicains. L'inspecteur général du ministère de la Justice condamne l'opération en 2012.,Mexique,"19.43,-99.13",https://fr.wikipedia.org/w/index.php?search=Op%C3%A9ration%20Fast%20and%20Furious
2009,info,documenté,Ateliers anti-sida pour recruter à Cuba,"La Havane, Cuba","Selon l'agence AP (2014), un programme de l'USAID envoie de jeunes Latino-Américains à Cuba sous couvert d'ateliers de prévention du VIH pour repérer de futurs opposants.",Cuba,"23.11,-82.37",https://en.wikipedia.org/w/index.php?search=USAID%20Cuba%20HIV%20workshop%20AP%202014
2009,arme,documenté,Forces spéciales cachées dans l'armée pakistanaise,"Waziristan, Pakistan",Des Bérets verts sont intégrés en secret aux unités pakistanaises à Bajaur puis au Waziristan pour guider les opérations et les frappes de drones. L'ambassadrice Anne Patterson juge leur révélation dangereuse. Révélé par WikiLeaks en 2010.,Pakistan,"33.0,70.07",https://www.aljazeera.com/features/2011/5/21/cables-show-us-special-operations-in-pakistan
2009,espion,documenté,Base Nymrod : 122 chefs d'État ciblés,Monde,"Un document de 2009 recense 122 dirigeants étrangers dans une base de la NSA, dont Angela Merkel et les chefs d'État du Pérou, de la Somalie, du Guatemala, de la Colombie et de la Biélorussie. Révélé par Der Spiegel en mars 2014.",Allemagne; Pérou; Somalie; Guatemala; Colombie; Biélorussie,"52.52,13.4; -12.05,-77.04; 2.05,45.32; 14.63,-90.51; 4.71,-74.07; 53.9,27.56",https://theintercept.com/2014/03/29/der-spiegel-nsa-ghcq-hacked-german-companies-put-merkel-list-122-targeted-leaders/
2009,espion,documenté,Drones israéliens interceptés (Anarchist),"Troodos, Chypre","Depuis une base britannique à Chypre, le GCHQ et la NSA captent les images des drones et avions de combat israéliens, notamment au-dessus de Gaza. Révélé par The Intercept, Der Spiegel et Yediot Aharonot en janvier 2016.",Israël,"32.08,34.78",https://theintercept.com/2016/01/28/israeli-drone-feeds-hacked-by-british-and-american-intelligence/
2009,info,documenté,Rappeurs cubains recrutés par l'USAID,"La Havane, Cuba","Selon l'agence AP (2014), un sous-traitant de l'USAID, Creative Associates, tente d'utiliser la scène hip-hop cubaine, dont le groupe Los Aldeanos, pour susciter un mouvement de jeunes contestataires.",Cuba,"23.11,-82.37",https://en.wikipedia.org/w/index.php?search=Los%20Aldeanos%20USAID
2009,crime,documenté,Prison noire de Bagram,"Bagram, Afghanistan","D'anciens détenus décrivent à la BBC et au CICR un site séparé à Bagram, la « Tor Jail », avec isolement, privation de sommeil et coups. Le Pentagone admet l'existence d'un centre de filtrage.",Afghanistan,"34.95,69.26",https://en.wikipedia.org/w/index.php?search=Tor%20Jail%20Bagram
2009,espion,documenté,Drones Reaper aux Seychelles,"Mahé, Seychelles","Washington installe des drones Reaper sur l'aéroport de Mahé. Présentés comme anti-piraterie, ils servent aussi à des missions en Somalie, selon des câbles publiés par WikiLeaks.",Seychelles,"-4.62,55.45",https://en.wikipedia.org/w/index.php?search=Seychelles%20Reaper%20drones%20WikiLeaks
2009,sabot,documenté,Lobbying contre le salaire minimum,"Port-au-Prince, Haïti",Des câbles WikiLeaks montrent que l'ambassade américaine a appuyé les sous-traitants de Hanes et Levi's contre une loi haïtienne portant le salaire minimum à 5 dollars par jour.,Haïti,"18.54,-72.34",https://en.wikipedia.org/w/index.php?search=WikiLeaks%20Haiti%20minimum%20wage
2009-01,crime,documenté,Phosphore blanc américain sur Gaza,"Gaza, Palestine","Pendant l'opération Plomb durci, l'armée israélienne tire des obus au phosphore blanc sur des zones habitées. Human Rights Watch identifie des obus M825A1 fabriqués aux États-Unis.",Palestine (Gaza),"31.5,34.45",https://fr.wikipedia.org/w/index.php?search=Guerre%20de%20Gaza%20de%202008-2009
2009-01-09,sabot,reconnu,Lloyds paie 350 millions,"Londres, Royaume-Uni",La banque britannique Lloyds TSB conclut un accord de poursuites différées pour avoir traité des paiements liés à l'Iran et au Soudan.,Royaume-Uni,"51.51,-0.13",https://en.wikipedia.org/w/index.php?search=Lloyds%20TSB%20Iran%20sanctions%202009
2009-01-23,crime,documenté,Premières frappes de l'ère Obama,"Waziristan, Pakistan","Trois jours après l'investiture, deux frappes de drone tuent une vingtaine de personnes. L'une frappe la maison d'un chef tribal pro-gouvernemental et tue des civils.",Pakistan,"32.8,69.9",https://en.wikipedia.org/w/index.php?search=Drone%20strikes%20in%20Pakistan%202009
2009-02,info,allégué,Diplomates américains expulsés de Quito,"Quito, Équateur","Correa expulse deux diplomates, dont Mark Sullivan, présenté comme chef de station de la CIA, les accusant de conditionner l'aide à la police au contrôle de ses unités de renseignement.",Équateur,"-0.18,-78.47",https://fr.wikipedia.org/w/index.php?search=Relations%20entre%20l%27%C3%89quateur%20et%20les%20%C3%89tats-Unis
2009-02-18,sabot,reconnu,UBS lève le secret bancaire,"Zurich, Suisse","Sous la menace de poursuites américaines, UBS paie 780 millions de dollars et livre au fisc américain des données sur ses clients, une brèche dans le secret bancaire suisse.",Suisse,"47.37,8.54",https://en.wikipedia.org/w/index.php?search=UBS%20tax%20evasion%202009%20settlement
2009-03,espion,documenté,Données brutes livrées à l'unité 8200,"Tel-Aviv, Israël","Un accord de mars 2009 permet à la NSA de transmettre au renseignement électronique israélien des interceptions brutes, y compris de citoyens américains, sans filtrage préalable. Révélé par The Guardian en septembre 2013.",Israël,"32.08,34.78",https://www.timesofisrael.com/nsa-transferred-raw-intelligence-to-israel-document-shows/
2009-03-08,espion,reconnu,USNS Impeccable au large de Hainan,Mer de Chine méridionale,"Le navire espion Impeccable, qui traque des sous-marins près de la base de Yulin, est encerclé par des navires chinois.",Chine,"17.5,109.5",https://en.wikipedia.org/w/index.php?search=USNS%20Impeccable%20incident
2009-04,espion,documenté,Medvedev écouté au G20 de Londres,"Londres, Royaume-Uni","Selon The Guardian (2013), la NSA tente d'intercepter les appels du président russe Dmitri Medvedev pendant le sommet.",Russie,"55.75,37.62",https://en.wikipedia.org/w/index.php?search=2009%20G20%20London%20summit%20surveillance
2009-04,espion,documenté,ADN des dirigeants des Grands Lacs demandé,Afrique des Grands Lacs,"Un câble secret demande aux ambassades de Kinshasa, Kigali, Kampala et Bujumbura des données biométriques, dont l'ADN, les empreintes et l'iris, de dirigeants de la région. Révélé par WikiLeaks en 2010.",RD Congo; Rwanda; Ouganda; Burundi,"-4.32,15.31; -1.95,30.06; 0.35,32.58; -3.38,29.36",https://allafrica.com/stories/201011291834.html
2009-04,info,documenté,Pressions contre l'enquête Garzón sur Guantánamo,"Madrid, Espagne",Le sénateur Mel Martinez et le chargé d'affaires avertissent Madrid des conséquences des poursuites de Baltasar Garzón contre six responsables de l'administration Bush et sur les vols de la CIA. Révélé par WikiLeaks en 2010.,Espagne,"40.42,-3.7",https://www.democracynow.org/2010/12/1/wikileaks_cables_reveal_us_tried_to
2009-04,espion,documenté,Faux cybercafés du GCHQ au G20 de Londres,"Londres, Royaume-Uni","Le renseignement britannique, allié de la NSA, installe de faux cybercafés, pirate les BlackBerry et vise notamment les délégations turque et sud-africaine lors des réunions du G20 de 2009. Révélé par The Guardian en juin 2013.",Turquie; Afrique du Sud,"39.93,32.85; -25.75,28.19",https://www.aljazeera.com/news/2013/6/17/uk-reportedly-spied-on-g20-delegates
2009-05-04,crime,reconnu,Massacre de Granai,"Farah, Afghanistan",Des bombardiers américains frappent le village de Granai. Le gouvernement afghan compte environ 140 morts civils ; l'armée admet des « erreurs ».,Afghanistan,"32.6,62.4",https://en.wikipedia.org/w/index.php?search=Granai%20airstrike
2009-06,espion,documenté,Défection de Shahram Amiri,"Téhéran, Iran","Le scientifique nucléaire iranien disparaît en Arabie saoudite et passe à la CIA, qui l'aurait payé 5 millions de dollars selon la presse. Revenu en 2010, il est exécuté en Iran en 2016.",Iran,"35.69,51.39",https://fr.wikipedia.org/w/index.php?search=Shahram%20Amiri
2009-06,crime,documenté,La Kandahar Strike Force tue un chef de police,"Kandahar, Afghanistan","Des membres de cette milice payée et encadrée par la CIA attaquent le bureau du procureur et tuent le chef de la police Matiullah Qati, selon le New York Times.",Afghanistan,"31.61,65.71",https://en.wikipedia.org/w/index.php?search=Kandahar%20Strike%20Force
2009-06-04,coup,reconnu,Obama reconnaît le coup de 1953,"Le Caire, Égypte","Dans son discours du Caire, Obama déclare que les États-Unis ont joué un rôle dans le renversement d'un gouvernement iranien démocratiquement élu.",Iran,"35.69,51.39",https://fr.wikipedia.org/w/index.php?search=Discours%20du%20Caire
2009-06-23,crime,documenté,Frappe sur des funérailles à Makeen,"Sud-Waziristan, Pakistan","Un drone frappe les funérailles d'un combattant ; plus de 60 morts selon le Bureau of Investigative Journalism, dont de nombreux civils. Cette tactique de seconde frappe sur les rassemblements est documentée.",Pakistan,"32.63,69.9",https://en.wikipedia.org/w/index.php?search=June%202009%20Makeen%20airstrike
2009-06-28,coup,allégué,Putsch au Honduras,"Tegucigalpa, Honduras","L'armée expulse Manuel Zelaya, dont l'avion fait escale à la base américaine de Soto Cano. Washington refuse de parler juridiquement de coup d'État ; Hillary Clinton écrit avoir œuvré à empêcher son retour.",Honduras,"14.07,-87.21",https://fr.wikipedia.org/w/index.php?search=Coup%20d%27%C3%89tat%20de%202009%20au%20Honduras
2009-06-28,coup,documenté,L'avion de Zelaya passe par Palmerola,"Comayagua, Honduras","L'avion qui expulse le président Zelaya fait escale sur la base de Soto Cano, où stationnent des troupes américaines. Washington nie avoir été informé.",Honduras,"14.38,-87.62",https://en.wikipedia.org/w/index.php?search=2009%20Honduran%20coup%20d%27%C3%A9tat
2009-07-31,espion,documenté,Directive Clinton pour espionner l'ONU,"New York, États-Unis","Un câble signé Hillary Clinton demande aux diplomates de recueillir sur Ban Ki-moon et les délégations de l'ONU mots de passe, numéros de carte de crédit et données biométriques. Liste dressée par la CIA. Révélé par WikiLeaks en 2010.",ONU (New York),"40.75,-73.97",https://en.wikipedia.org/wiki/Spying_on_United_Nations_leaders_by_United_States_diplomats
2009-08,cyber,documenté,Sécurité publique mexicaine piratée,"Mexico, Mexique","L'opération « Whitetamale » donne à la NSA les courriels de hauts responsables du secrétariat mexicain à la Sécurité publique, y compris des éléments de langage diplomatiques. Révélé par Der Spiegel en octobre 2013.",Mexique,"19.43,-99.13",https://www.commondreams.org/news/2013/10/20/nsa-spied-mexican-government-years
2009-08-05,mort,documenté,Baitullah Mehsud tué par un drone,"Zangara, Waziristan du Sud, Pakistan","Une frappe de la CIA tue le chef des talibans pakistanais, sa femme et d'autres proches sur le toit de la maison de son beau-père.",Pakistan,"32.4,69.8",https://en.wikipedia.org/w/index.php?search=Baitullah%20Mehsud
2009-09-04,crime,reconnu,Frappe sur les camions-citernes de Kunduz,"Kunduz, Afghanistan","Sur ordre d'un officier allemand, des F-15 américains bombardent deux camions volés entourés de villageois. Plus de 90 morts, dont de nombreux civils.",Afghanistan,"36.8,68.8",https://fr.wikipedia.org/w/index.php?search=Frappe%20a%C3%A9rienne%20de%20Kunduz
2009-09-14,mort,reconnu,Raid contre Saleh Ali Nabhan,"Baraawe, Somalie","Des hélicoptères des forces spéciales mitraillent un convoi et tuent Nabhan, suspect des attentats de 2002 au Kenya, avant d'emporter son corps.",Somalie,"1.11,44.07",https://en.wikipedia.org/w/index.php?search=Saleh%20Ali%20Saleh%20Nabhan
2009-10,info,documenté,Séminaire « Projeto Pontes » à Rio,"Rio de Janeiro, Brésil","Le département d'État forme des juges, procureurs et policiers brésiliens à la lutte contre le blanchiment. Un câble diplomatique publié par WikiLeaks cite parmi les participants le juge Sérgio Moro, futur juge de Lava Jato.",Brésil,"-22.9,-43.2",https://en.wikipedia.org/w/index.php?search=Sergio%20Moro%20WikiLeaks%20Projeto%20Pontes
2009-10-27,info,documenté,Ahmed Wali Karzai payé par la CIA,"Kandahar, Afghanistan","Le New York Times révèle que le frère du président, soupçonné de trafic d'opium, reçoit depuis des années des paiements de la CIA et recrute pour elle la Kandahar Strike Force.",Afghanistan,"31.61,65.71",https://en.wikipedia.org/w/index.php?search=Ahmed%20Wali%20Karzai
2009-10-30,arme,reconnu,Accord sur sept bases militaires,"Bogotá, Colombie",Un accord donne aux forces américaines l'accès à sept bases colombiennes. La Cour constitutionnelle l'invalide en août 2010 faute de vote du Congrès.,Colombie,"4.71,-74.07",https://en.wikipedia.org/w/index.php?search=US-Colombia%20Defense%20Cooperation%20Agreement%202009
2009-11,mort,documenté,Blackwater dans le programme secret du JSOC,"Karachi, Pakistan",The Nation rapporte que des employés de Blackwater participent à Karachi à un programme de frappes et de capture du commandement des opérations spéciales. La société dément.,Pakistan,"24.86,67.0",https://en.wikipedia.org/w/index.php?search=Blackwater%20Pakistan%20Scahill%202009
2009-11-04,mort,reconnu,23 Américains condamnés à Milan,"Milan, Italie","La justice italienne condamne par contumace 23 Américains, dont 22 agents de la CIA, pour l'enlèvement d'Abou Omar en 2003. Aucun n'est extradé.",Italie,"45.46,9.19",https://fr.wikipedia.org/w/index.php?search=Affaire%20Abou%20Omar
2009-11-29,info,reconnu,Reconnaissance de l'élection sous la junte,"Tegucigalpa, Honduras","Contrairement à la plupart des pays latino-américains, Washington reconnaît l'élection organisée par le régime de facto, remportée par Porfirio Lobo.",Honduras,"14.07,-87.21",https://en.wikipedia.org/w/index.php?search=2009%20Honduran%20general%20election
2009-12,espion,documenté,L'état mental de Cristina Kirchner sondé,"Buenos Aires, Argentine","Un câble signé Hillary Clinton demande à l'ambassade si la présidente argentine prend des médicaments et comment elle gère le stress. Révélé par WikiLeaks en 2010, il vaut à Clinton d'appeler Kirchner pour exprimer ses regrets.",Argentine,"-34.6,-58.38",http://www.cnn.com/2010/WORLD/americas/11/30/argentina.wikileaks/
2009-12,espion,documenté,Négociations climat de Copenhague,"Copenhague, Danemark",Une note de la NSA du 7 décembre 2009 prévoit d'intercepter les délégations étrangères pendant la COP15 pour renseigner les négociateurs américains. Révélé par Information et le Huffington Post en janvier 2014.,Danemark,"55.68,12.57",https://www.huffpost.com/entry/snowden-nsa-surveillance_n_4681362
2009-12-03,info,reconnu,Arrestation d'Alan Gross à Cuba,"La Havane, Cuba","Ce sous-traitant de l'USAID est arrêté pour avoir installé en secret du matériel d'accès à Internet. Condamné à 15 ans, il est libéré en 2014.",Cuba,"23.11,-82.37",https://en.wikipedia.org/w/index.php?search=Alan%20Gross
2009-12-16,sabot,reconnu,Credit Suisse paie 536 millions,"Zurich, Suisse",Credit Suisse accepte de payer 536 millions de dollars pour des transactions avec l'Iran et d'autres pays sous embargo américain.,Suisse,"47.37,8.54",https://en.wikipedia.org/w/index.php?search=Credit%20Suisse%20sanctions%202009
2009-12-17,crime,documenté,Massacre d'al-Majalah,"Abyan, Yémen","Un missile de croisière à sous-munitions tue 41 civils, dont 21 enfants. Sanaa revendique la frappe ; Amnesty et un câble WikiLeaks établissent qu'elle était américaine.",Yémen,"13.6,46.2",https://en.wikipedia.org/w/index.php?search=Al-Majalah%20camp%20attack
2009-12-27,crime,documenté,Raid nocturne de Narang,"Narang, Kunar, Afghanistan","Une unité dirigée par des Américains tue huit à dix habitants, dont des écoliers, lors d'un raid de nuit. L'enquête afghane parle d'exécutions. L'OTAN reconnaît des victimes non combattantes.",Afghanistan,"34.75,71.1",https://en.wikipedia.org/w/index.php?search=Narang%20night%20raid
2010,info,reconnu,"ZunZuneo, le « Twitter cubain »","La Havane, Cuba",Réseau social par SMS financé en secret par l'USAID pour susciter la contestation. L'agence AP le révèle en 2014 ; l'USAID confirme le programme.,Cuba,"23.11,-82.37",https://en.wikipedia.org/w/index.php?search=ZunZuneo
2010,espion,documenté,Le BJP indien parmi les cibles,"New Delhi, Inde","Le Washington Post révèle en 2014 que la NSA a obtenu en 2010 le droit d'espionner le BJP, alors dans l'opposition, parmi six partis étrangers.",Inde,"28.61,77.21",https://en.wikipedia.org/w/index.php?search=Global%20surveillance%20disclosures%20India%20BJP%20NSA
2010,espion,documenté,Transactions Visa espionnées,"Europe, Moyen-Orient, Afrique","Une présentation de la NSA de 2010 vise les transactions des clients de Visa en Europe, au Moyen-Orient et en Afrique ; la branche « Follow the Money » alimente la base Tracfin. Révélé par Der Spiegel en septembre 2013.",Royaume-Uni; Afrique du Sud,"51.5,-0.13; -25.75,28.19",https://www.vice.com/en/article/the-nsa-spied-on-credit-cards-and-bank-transactions/
2010,espion,documenté,AURORAGOLD : opérateurs mobiles espionnés,"Londres, Royaume-Uni","La NSA surveille plus de 1 200 comptes de courriel liés aux opérateurs mobiles, dont ceux de l'association GSMA, pour trouver des failles dans les réseaux du monde entier. Révélé par The Intercept en décembre 2014.",Royaume-Uni,"51.5,-0.13",https://theintercept.com/2014/12/04/nsa-auroragold-hack-cellphones/
2010,espion,documenté,Station d'écoute à l'ambassade de Jakarta,"Jakarta, Indonésie",Une carte de la NSA publiée par Der Spiegel en 2013 range l'ambassade américaine de Jakarta parmi les sites du Special Collection Service qui interceptent les communications locales.,Indonésie,"-6.2,106.85",https://en.wikipedia.org/w/index.php?search=Special%20Collection%20Service%20embassies%20Southeast%20Asia%202013
2010,espion,documenté,Station d'écoute à l'ambassade de Bangkok,"Bangkok, Thaïlande",La carte de la NSA publiée par Der Spiegel en 2013 range l'ambassade américaine de Bangkok parmi les sites du Special Collection Service chargés d'intercepter les communications.,Thaïlande,"13.75,100.5",https://en.wikipedia.org/w/index.php?search=Special%20Collection%20Service%20embassies%20Southeast%20Asia%202013
2010,espion,documenté,Station d'écoute à l'ambassade de Rangoun,"Rangoun, Birmanie",La carte de la NSA publiée par Der Spiegel en 2013 range l'ambassade américaine de Rangoun parmi les sites du Special Collection Service chargés d'intercepter les communications.,Birmanie,"16.8,96.16",https://en.wikipedia.org/w/index.php?search=Special%20Collection%20Service%20embassies%20Southeast%20Asia%202013
2010,espion,documenté,Station d'écoute à l'ambassade de Kuala Lumpur,"Kuala Lumpur, Malaisie",La carte de la NSA publiée par Der Spiegel en 2013 range l'ambassade américaine de Kuala Lumpur parmi les sites du Special Collection Service chargés d'intercepter les communications.,Malaisie,"3.14,101.69",https://en.wikipedia.org/w/index.php?search=Special%20Collection%20Service%20embassies%20Southeast%20Asia%202013
2010,espion,documenté,Réseau de la CIA démantelé,"Pékin, Chine","Selon le New York Times, Pékin tue ou emprisonne de 18 à 20 sources de la CIA entre 2010 et 2012, démantelant son réseau d'espions en Chine.",Chine,"39.9,116.4",https://en.wikipedia.org/w/index.php?search=CIA%20China%202010%202012%20informants%20killed
2010,cyber,documenté,Variante de Stuxnet contre le Nord,"Pyongyang, Corée du Nord","Selon Reuters, qui cite des sources du renseignement, les États-Unis tentent d'infecter le programme nucléaire nord-coréen avec une version de Stuxnet. L'opération échoue faute d'accès aux machines visées.",Corée du Nord,"39.03,125.75",https://fr.wikipedia.org/w/index.php?search=Stuxnet
2010,cyber,documenté,La NSA infiltre les réseaux nord-coréens,"Pyongyang, Corée du Nord","D'après le New York Times et des documents Snowden publiés en 2015, la NSA pénètre dès 2010 les réseaux nord-coréens via la Chine et la Malaisie et y implante des logiciels espions.",Corée du Nord,"39.03,125.75",https://en.wikipedia.org/w/index.php?search=Sony%20Pictures%20hack
2010-01,crime,reconnu,Kill Team de Maywand,"Maywand, Afghanistan",Des soldats de la 5e brigade Stryker tuent trois civils afghans pour le plaisir entre janvier et mai 2010 et gardent des doigts en trophées. Plusieurs sont condamnés.,Afghanistan,"31.72,65.27",https://en.wikipedia.org/w/index.php?search=Maywand%20District%20murders
2010-01,info,documenté,Stratégie d'influence sur les minorités en France,"Paris, France","Un câble de l'ambassadeur Charles Rivkin décrit une « stratégie d'engagement des minorités » : diplomates dans les banlieues, jeunes invités à l'ambassade, projets financés, pour peser sur la société française. Révélé par WikiLeaks en 2010.",France,"48.86,2.35",https://wikileaks.org/plusd/cables/10PARIS58_a.html
2010-01,arme,reconnu,Déploiement militaire après le séisme,"Port-au-Prince, Haïti",Des milliers de soldats américains arrivent après le séisme et prennent le contrôle de l'aéroport. Médecins sans frontières et plusieurs gouvernements se plaignent de vols humanitaires détournés.,Haïti,"18.54,-72.34",https://en.wikipedia.org/w/index.php?search=Operation%20Unified%20Response
2010-01-02,info,documenté,Saleh couvre les frappes américaines,"Sanaa, Yémen","Face au général Petraeus, le président Saleh promet : « Nous continuerons à dire que les bombes sont les nôtres, pas les vôtres. » Son vice-Premier ministre dit avoir menti au Parlement. Révélé par WikiLeaks en 2010.",Yémen,"15.35,44.21",https://www.cnn.com/2010/US/11/28/wikileaks.yemen/
2010-02-12,crime,reconnu,Raid nocturne de Khataba,"Gardez, Afghanistan","Des forces spéciales tuent cinq civils dont deux femmes enceintes. Selon le Times de Londres, des soldats ont extrait les balles des corps ; l'amiral McRaven présente des excuses.",Afghanistan,"33.6,69.23",https://en.wikipedia.org/w/index.php?search=Khataba%20raid
2010-02-14,crime,reconnu,Roquettes HIMARS sur une maison à Marjah,"Marjah, Helmand, Afghanistan","Pendant l'offensive Moshtarak, deux roquettes frappent une maison et tuent douze civils, dont des enfants. L'OTAN reconnaît l'erreur et suspend ce système.",Afghanistan,"31.52,64.09",https://en.wikipedia.org/w/index.php?search=Operation%20Moshtarak%20civilian%20casualties%20rocket
2010-02-21,crime,reconnu,Frappe sur un convoi de minibus en Uruzgan,"Uruzgan, Afghanistan","Des hélicoptères américains, guidés par l'équipage d'un drone Predator, tuent 23 civils dans trois véhicules. McChrystal présente ses excuses. L'enquête sanctionne plusieurs officiers.",Afghanistan,"32.9,66.0",https://en.wikipedia.org/w/index.php?search=Uruzgan%20helicopter%20attack
2010-03-11,info,documenté,La CIA planifie la propagande sur l'Afghanistan,"Paris, France",Une note de la « Red Cell » de la CIA propose de jouer sur la compassion pour les Afghanes en France et sur la peur des réfugiés et du terrorisme en Allemagne pour contrer l'hostilité à la guerre. Publiée par WikiLeaks en mars 2010.,France; Allemagne,"48.86,2.35; 52.52,13.4","https://www.wikileaks.org/wiki/CIA_report_into_shoring_up_Afghan_war_support_in_Western_Europe,_11_Mar_2010"
2010-03-18,sabot,reconnu,La loi FATCA s'impose aux banques,"Washington, États-Unis","La loi oblige les banques du monde entier à déclarer au fisc américain les comptes des citoyens américains, sous peine de retenue de 30 %. Des « Américains accidentels » en Europe perdent leurs comptes.",France; Suisse,"48.86,2.35; 46.95,7.45",https://fr.wikipedia.org/w/index.php?search=Foreign%20Account%20Tax%20Compliance%20Act
2010-04,sabot,documenté,Aide coupée pour l'accord de Copenhague,"La Paz, Bolivie","Les câbles montrent une offensive diplomatique mêlant renseignement, menaces et promesses d'aide pour rallier des pays à l'accord de Copenhague. Washington coupe ensuite des aides à la Bolivie et à l'Équateur, opposés au texte. Révélé par WikiLeaks en 2010.",Bolivie; Équateur,"-16.5,-68.15; -0.18,-78.47",https://insideclimatenews.org/news/03122010/wikileaks-how-us-manipulated-climate-accord/
2010-04,sabot,reconnu,Indemnités nucléaires jamais payées,"Majuro, Îles Marshall","La Cour suprême refuse d'examiner les recours de Bikini et d'Enewetak, qui réclamaient les indemnités accordées par le Tribunal des réclamations nucléaires, plus de 2 milliards de dollars jamais versés.",Îles Marshall (tutelle américaine),"11.6,165.4; 11.5,162.3",https://en.wikipedia.org/w/index.php?search=Marshall%20Islands%20Nuclear%20Claims%20Tribunal
2010-04-01,sabot,reconnu,Daimler paie 185 millions au titre du FCPA,"Stuttgart, Allemagne",Le constructeur allemand règle 185 millions de dollars pour des pots-de-vin versés dans une vingtaine de pays.,Allemagne,"48.78,9.18",https://en.wikipedia.org/w/index.php?search=Daimler%20FCPA%202010
2010-05-10,sabot,reconnu,ABN AMRO paie 500 millions,"Amsterdam, Pays-Bas","La banque néerlandaise paie 500 millions de dollars pour des paiements liés à l'Iran, la Libye, le Soudan et Cuba.",Pays-Bas,"52.37,4.9",https://en.wikipedia.org/w/index.php?search=ABN%20AMRO%20sanctions%202010
2010-05-24,espion,reconnu,Avion espion au-dessus de Tivoli Gardens,"Kingston, Jamaïque","Pendant l'assaut contre le fief de Christopher Coke, réclamé par Washington, un avion de surveillance américain filme l'opération. Au moins 69 civils sont tués. La commission d'enquête confirme le rôle de l'avion.",Jamaïque,"17.97,-76.8",https://en.wikipedia.org/w/index.php?search=Tivoli%20Incursion
2010-06,espion,documenté,NSA au sommet du G20 de Toronto,"Toronto, Canada","Selon des documents Snowden publiés par CBC, la NSA mène une vaste opération d'espionnage pendant les sommets du G8 et du G20, avec l'accord du renseignement canadien.",Canada,"43.65,-79.38",https://en.wikipedia.org/w/index.php?search=NSA%20G20%20Toronto%202010%20surveillance
2010-06,cyber,documenté,Routeurs Cisco piégés en transit,"Damas, Syrie","La NSA intercepte des colis de matériel réseau, y implante des balises puis les réexpédie ; une note de juin 2010 cite une opération réussie contre l'opérateur public syrien. Révélé par Glenn Greenwald en mai 2014.",Syrie,"33.51,36.29",https://www.cbc.ca/news/world/glenn-greenwald-says-nsa-bugs-tech-hardware-en-route-to-global-customers-1.2640317
2010-06-02,info,documenté,Hatoyama tombe sur la base de Futenma,"Tokyo, Japon","Le Premier ministre Hatoyama Yukio démissionne après avoir renoncé, sous la pression de Washington, à transférer hors d'Okinawa la base de Futenma. Des câbles publiés par WikiLeaks montrent des hauts fonctionnaires japonais encourageant Washington à ne rien céder.",Japon,"35.69,139.69",https://fr.wikipedia.org/w/index.php?search=Yukio%20Hatoyama
2010-06-09,sabot,reconnu,Résolution 1929 de l'ONU,"New York, États-Unis",Washington obtient du Conseil de sécurité un nouveau durcissement des sanctions contre l'Iran : embargo sur les armes lourdes et contrôle des navires.,Iran,"35.69,51.39",https://fr.wikipedia.org/w/index.php?search=R%C3%A9solution%201929%20du%20Conseil%20de%20s%C3%A9curit%C3%A9%20des%20Nations%20unies
2010-06-17,cyber,documenté,Stuxnet,"Natanz, Iran",Premier logiciel conçu pour détruire du matériel : il sabote des centrifugeuses iraniennes. Le New York Times l'attribue à l'opération américano-israélienne « Olympic Games ».,Iran,"33.72,51.73",https://fr.wikipedia.org/w/index.php?search=Stuxnet
2010-06-28,sabot,reconnu,Technip paie 338 millions au titre du FCPA,"Paris, France",Le groupe parapétrolier français règle des poursuites américaines pour corruption au Nigeria.,France,"48.86,2.35",https://en.wikipedia.org/w/index.php?search=Technip%20FCPA%20Nigeria%202010
2010-07-01,sabot,reconnu,Loi CISADA,"Washington, États-Unis",Obama signe une loi qui sanctionne les entreprises étrangères vendant de l'essence à l'Iran ou travaillant avec ses banques.,Iran,"35.69,51.39",https://en.wikipedia.org/w/index.php?search=Comprehensive%20Iran%20Sanctions%2C%20Accountability%2C%20and%20Divestment%20Act
2010-07-07,sabot,reconnu,Snamprogetti et ENI paient 365 millions,"Milan, Italie","La filiale d'ENI règle 365 millions de dollars pour des pots-de-vin au Nigeria dans le consortium de Bonny Island, également poursuivi pour Technip.",Italie,"45.43,9.28",https://en.wikipedia.org/w/index.php?search=Snamprogetti%20Bonny%20Island%20FCPA
2010-07-25,mort,documenté,Task Force 373 révélée,Afghanistan,"Les journaux de guerre publiés par WikiLeaks révèlent cette unité secrète chargée de tuer ou capturer des cibles d'une liste, et plusieurs raids ayant tué des civils. Le Pentagone condamne la fuite sans contester les documents.",Afghanistan,"34.53,69.17",https://en.wikipedia.org/w/index.php?search=Task%20Force%20373
2010-08-18,sabot,reconnu,Barclays paie 298 millions,"Londres, Royaume-Uni","Barclays conclut un accord de poursuites différées pour des transactions avec Cuba, l'Iran, la Libye, la Birmanie et le Soudan.",Royaume-Uni,"51.51,-0.13",https://en.wikipedia.org/w/index.php?search=Barclays%20sanctions%202010
2010-09-30,arme,reconnu,Hélicoptères de l'OTAN contre un poste pakistanais,"Mandi Kandao, Kurram, Pakistan",Des hélicoptères américains franchissent la frontière et tuent deux à trois soldats pakistanais. Le Pakistan ferme le poste de Torkham. Washington présente ses excuses.,Pakistan,"33.9,70.1",https://en.wikipedia.org/w/index.php?search=2010%20NATO%20attack%20in%20Pakistan
2010-12,sabot,reconnu,Contrats de carburant de Manas,"Bichkek, Kirghizistan",Un rapport du Congrès montre que les contrats de kérosène de la base ont profité à des sociétés liées aux familles des présidents Akaïev et Bakiev.,Kirghizistan,"42.87,74.59",https://en.wikipedia.org/w/index.php?search=Transit%20Center%20at%20Manas
2010-12-27,sabot,reconnu,Alcatel-Lucent paie 137 millions,"Paris, France","L'équipementier franco-américain règle avec la justice américaine et la SEC des poursuites pour corruption au Costa Rica, au Honduras, en Malaisie et à Taïwan.",France,"48.86,2.35",https://en.wikipedia.org/w/index.php?search=Alcatel-Lucent%20FCPA%20settlement%202010
2011,espion,documenté,Tempora : câbles transatlantiques aspirés,"Bude, Royaume-Uni",Le GCHQ branche des sondes sur plus de 200 câbles en fibre optique qui atterrissent au Royaume-Uni et stocke le trafic jusqu'à 30 jours ; la NSA y a accès. Révélé par The Guardian en juin 2013.,Royaume-Uni,"50.83,-4.55",https://www.npr.org/sections/thetwo-way/2013/06/21/194267403/report-uk-spy-agency-taps-trans-atlantic-fiber-optic-cables
2011,arme,documenté,Armes qataries aux rebelles avec l'aval américain,"Benghazi, Libye","Selon le New York Times, Washington approuve des livraisons d'armes du Qatar aux rebelles libyens, dont une partie parvient à des milices islamistes.",Libye,"32.12,20.07",https://en.wikipedia.org/w/index.php?search=Qatar%20Libyan%20civil%20war%20arms
2011-01,info,documenté,Pression sur la présidentielle haïtienne,"Port-au-Prince, Haïti","Hillary Clinton se rend à Port-au-Prince pour obtenir que Michel Martelly, et non le candidat du pouvoir, accède au second tour, sur la base d'un rapport de l'OEA contesté.",Haïti,"18.54,-72.34",https://en.wikipedia.org/w/index.php?search=2010%E2%80%9311%20Haitian%20general%20election
2011-01-25,info,allégué,Printemps arabe en Égypte,"Le Caire, Égypte","Des militants avaient été formés par des ONG financées par Washington, selon le New York Times ; le régime y voit une main étrangère et poursuit des ONG américaines.",Égypte,"30.04,31.24",https://en.wikipedia.org/w/index.php?search=2011%20Egyptian%20revolution%20United%20States
2011-01-27,mort,reconnu,Raymond Davis tue deux hommes à Lahore,"Lahore, Pakistan",Un contractuel de la CIA tue deux Pakistanais dans la rue ; un véhicule venu l'exfiltrer écrase un passant. Il est libéré en mars après le versement du « prix du sang ».,Pakistan,"31.55,74.35",https://fr.wikipedia.org/w/index.php?search=Raymond%20Allen%20Davis
2011-02-02,info,reconnu,Obama fait maintenir un journaliste en prison,"Sanaa, Yémen","Obama appelle le président Saleh pour s'opposer à la libération d'Abdulelah Haider Shaye, journaliste qui avait révélé le rôle américain à al-Majalah. Il reste détenu jusqu'en 2013.",Yémen,"15.35,44.21",https://en.wikipedia.org/w/index.php?search=Abdulelah%20Haider%20Shaye
2011-02-18,info,reconnu,Veto contre la condamnation des colonies,"Conseil de sécurité, New York","Premier veto d'Obama : les États-Unis sont seuls à s'opposer à un projet déclarant illégales les colonies israéliennes, soutenu par plus de 120 pays coauteurs.",Palestine,"31.9,35.2",https://en.wikipedia.org/w/index.php?search=List%20of%20vetoed%20United%20Nations%20Security%20Council%20resolutions
2011-02-25,sabot,reconnu,Gel des avoirs libyens,"Tripoli, Libye","Obama gèle les avoirs du gouvernement libyen et de la famille Kadhafi aux États-Unis, soit plus de 30 milliards de dollars, au début du soulèvement.",Libye,"32.89,13.19",https://en.wikipedia.org/w/index.php?search=International%20reactions%20to%20the%20Libyan%20civil%20war
2011-03,espion,reconnu,Fausse campagne de vaccination,"Abbottabad, Pakistan",La CIA monte avec le médecin Shakil Afridi une fausse vaccination contre l'hépatite B pour obtenir l'ADN de la famille de Ben Laden. Les talibans s'en servent ensuite contre les vaccinateurs anti-polio.,Pakistan,"34.17,73.24",https://fr.wikipedia.org/w/index.php?search=Shakil%20Afridi
2011-03,crime,documenté,Massacre d'Allende après une fuite de la DEA,"Allende, Coahuila, Mexique","Des informations transmises par la DEA à une unité mexicaine fuient vers les Zetas, qui tuent des dizaines, voire des centaines d'habitants, selon ProPublica en 2017.",Mexique,"28.34,-100.85",https://en.wikipedia.org/w/index.php?search=2011%20Allende%20massacre
2011-03,cyber,documenté,Réseau de PDVSA pénétré,"Caracas, Venezuela","Avec l'aide de l'ambassade à Caracas, la NSA accède aux communications internes de la compagnie pétrolière publique vénézuélienne et vise ses dirigeants. Révélé par The Intercept et teleSUR en novembre 2015.",Venezuela,"10.49,-66.9",https://venezuelanalysis.com/analysis/11704/
2011-03,coup,documenté,La CIA sur le terrain en Libye,"Benghazi, Libye","Fin mars 2011, la presse révèle qu'Obama a signé une autorisation secrète d'aide aux rebelles et que des équipes de la CIA opèrent en Libye pour guider les frappes et évaluer les insurgés.",Libye,"32.12,20.07",https://en.wikipedia.org/w/index.php?search=CIA%20activities%20in%20Libya
2011-03,info,reconnu,Pression pour retarder le retour d'Aristide,"Port-au-Prince, Haïti","Avant le second tour de la présidentielle, la Maison-Blanche demande publiquement à Aristide de ne pas rentrer et Barack Obama appelle le président sud-africain Jacob Zuma.",Haïti,"18.54,-72.34",https://fr.wikipedia.org/w/index.php?search=Jean-Bertrand%20Aristide
2011-03-01,crime,reconnu,Neuf garçons tués au Kunar,"Darah-ye Pech, Kunar, Afghanistan",Des hélicoptères de l'OTAN tuent neuf garçons qui ramassaient du bois. Le général Petraeus présente des excuses publiques.,Afghanistan,"34.95,70.9",https://en.wikipedia.org/w/index.php?search=March%202011%20Kunar%20helicopter%20attack
2011-03-16,espion,reconnu,Drones Global Hawk au-dessus du Mexique,Mexique,Le New York Times révèle que des drones américains survolent le Mexique pour traquer les cartels ; Mexico confirme les vols.,Mexique,"24.0,-103.0",https://en.wikipedia.org/w/index.php?search=United%20States%20drones%20Mexico%202011
2011-03-16,info,documenté,Raymond Davis libéré contre le prix du sang,"Lahore, Pakistan","L'agent de la CIA est libéré après le versement de 2,4 millions de dollars de diya aux familles des victimes. Washington nie avoir payé. Des familles disent avoir subi des pressions.",Pakistan,"31.55,74.35",https://en.wikipedia.org/w/index.php?search=Raymond%20Allen%20Davis%20incident
2011-03-17,crime,documenté,Frappe sur la jirga de Datta Khel,"Nord-Waziristan, Pakistan","Un drone frappe une assemblée tribale qui réglait un litige sur une mine. Une quarantaine de morts, en majorité civils, selon les enquêtes de presse et d'ONG.",Pakistan,"33.0,70.07",https://en.wikipedia.org/w/index.php?search=2011%20Datta%20Khel%20airstrike
2011-03-19,arme,reconnu,Opération Odyssey Dawn,"Tripoli, Libye","Les États-Unis dirigent la première phase des frappes : plus d'une centaine de missiles Tomahawk, tirés avec les Britanniques, visent les défenses antiaériennes, et des bombardiers B-2 frappent une base près de Syrte. L'OTAN prend le relais le 31 mars.",Libye,"32.89,13.19; 31.1,16.6",https://en.wikipedia.org/w/index.php?search=Operation%20Odyssey%20Dawn
2011-03-31,arme,reconnu,Participation à l'opération Unified Protector,"Tripoli, Libye","Sous commandement de l'OTAN, les États-Unis fournissent ravitaillement, renseignement et frappes jusqu'à la chute de Kadhafi. La mission de protection des civils de la résolution 1973 devient un changement de régime.",Libye,"32.89,13.19",https://en.wikipedia.org/w/index.php?search=Operation%20Unified%20Protector
2011-04,espion,documenté,Dishfire : 200 millions de SMS par jour,Monde,"La NSA collecte en moyenne 194 millions de SMS par jour dans le monde pour en extraire contacts, déplacements et transactions ; le GCHQ y interroge des numéros britanniques. Révélé par The Guardian et Channel 4 en janvier 2014.",Royaume-Uni,"51.5,-0.13",https://www.cbc.ca/news/world/nsa-collects-millions-of-text-messages-globally-the-guardian-1.2499963
2011-04-08,mort,reconnu,Posada Carriles acquitté à El Paso,"El Paso, États-Unis","Jugé seulement pour parjure et fraude migratoire, Posada Carriles est acquitté. Washington a refusé de l'extrader vers le Venezuela, qui le réclame pour l'attentat du vol Cubana 455.",Cuba,"23.11,-82.37",https://en.wikipedia.org/w/index.php?search=Luis%20Posada%20Carriles
2011-04-21,arme,reconnu,Drones armés au-dessus de la Libye,"Misrata, Libye","Obama autorise l'emploi de drones Predator armés contre les forces de Kadhafi, notamment à Misrata assiégée.",Libye,"32.38,15.09",https://en.wikipedia.org/w/index.php?search=2011%20military%20intervention%20in%20Libya
2011-04-24,crime,documenté,Plus de 150 innocents détenus à Guantánamo,"Base de Guantánamo, Cuba","Les fiches des détenus montrent que l'armée savait qu'au moins 150 hommes, dont un Afghan de 89 ans et un garçon de 14 ans, n'avaient rien à y faire. Certains étaient retenus pour une montre Casio. Révélé par WikiLeaks en 2011.",Cuba,"19.9,-75.13",https://www.democracynow.org/2011/4/25/wikileaks_documents_reveal_us_knowingly_imprisoned
2011-05,espion,documenté,"DANCINGOASIS, la plus grosse écoute de câble",Câble Europe occidentale-Extrême-Orient,"Ce programme de la NSA, lancé en mai 2011, capte un câble entre l'Europe occidentale et l'Extrême-Orient : 57,7 milliards d'enregistrements en un mois. Son emplacement exact n'est pas public. Révélé par le livre « Der NSA-Komplex » de journalistes du Spiegel en 2014.",Égypte,"29.97,32.55",https://www.electrospaces.net/2014/05/nsas-largest-cable-tapping-program.html
2011-05-02,mort,reconnu,Raid d'Abbottabad,"Abbottabad, Pakistan","Des Navy SEAL tuent Oussama ben Laden dans sa résidence, sans prévenir le Pakistan. Le corps est immergé en mer.",Pakistan,"34.17,73.24",https://fr.wikipedia.org/w/index.php?search=Mort%20d%27Oussama%20ben%20Laden
2011-06-23,arme,reconnu,Première frappe de drone en Somalie,"Kismayo, Somalie",Un drone américain vise des chefs des shebab près de Kismayo. C'est la première frappe de drone connue en Somalie ; les suivantes se comptent par centaines.,Somalie,"-0.36,42.54",https://en.wikipedia.org/w/index.php?search=American%20military%20intervention%20in%20Somalia%20%282007%E2%80%93present%29
2011-07,crime,reconnu,Marines urinant sur des corps,"Helmand, Afghanistan",Une vidéo diffusée en janvier 2012 montre des tireurs d'élite des Marines urinant sur des cadavres de talibans. Des sanctions disciplinaires suivent.,Afghanistan,"31.6,64.36",https://en.wikipedia.org/w/index.php?search=2012%20Marines%20urination%20video
2011-07,crime,documenté,Prison secrète de la CIA à Mogadiscio,"Mogadiscio, Somalie","The Nation révèle que la CIA utilise une prison souterraine sous le siège du renseignement somalien, où des détenus sont interrogés sans avocat.",Somalie,"2.04,45.34",https://en.wikipedia.org/w/index.php?search=CIA%20Somalia%20secret%20prison%20Jeremy%20Scahill
2011-08-18,sabot,reconnu,Embargo sur le pétrole syrien,"Damas, Syrie",Obama appelle Bachar al-Assad à partir et signe un décret gelant les avoirs de l'État syrien et interdisant l'importation de pétrole syrien et tout investissement américain en Syrie.,Syrie,"33.51,36.29",https://en.wikipedia.org/w/index.php?search=Sanctions%20against%20Syria
2011-09,cyber,allégué,Logiciel espion Duqu,"Budapest, Hongrie","Découvert par le laboratoire hongrois CrySyS, ce code proche de Stuxnet vole des données industrielles, surtout en Iran. Son attribution aux mêmes auteurs reste une hypothèse.",Iran,"35.69,51.39",https://en.wikipedia.org/w/index.php?search=Duqu
2011-09-30,mort,reconnu,Assassinat d'Anwar al-Awlaki,"Al-Jawf, Yémen","Un drone tue le prédicateur américain Anwar al-Awlaki, sans procès, sur la base d'un mémo juridique secret. Un autre Américain, Samir Khan, meurt avec lui.",Yémen,"16.1,44.9",https://fr.wikipedia.org/w/index.php?search=Anwar%20al-Awlaki
2011-10,arme,reconnu,Base de drones d'Arba Minch,"Arba Minch, Éthiopie","L'US Air Force fait voler des drones Reaper depuis cet aéroport éthiopien pour des missions en Somalie. La base, révélée par le Washington Post, ferme en 2016.",Éthiopie,"6.03,37.55",https://en.wikipedia.org/w/index.php?search=Arba%20Minch%20drone%20base
2011-10-14,crime,reconnu,Abdulrahman al-Awlaki tué à 16 ans,"Chabwa, Yémen","Deux semaines après son père, le fils d'Anwar al-Awlaki, citoyen américain de 16 ans, est tué par un drone. L'administration parle d'erreur de ciblage.",Yémen,"14.5,47.1",https://en.wikipedia.org/w/index.php?search=Abdulrahman%20al-Awlaki
2011-10-14,arme,reconnu,Forces spéciales contre Joseph Kony,Ouganda et Centrafrique,Barack Obama envoie une centaine de soldats des forces spéciales conseiller l'armée ougandaise et ses voisins dans la traque de la LRA. La mission prend fin en 2017 sans capturer Kony.,Ouganda; Centrafrique,"0.35,32.58; 5.8,22.4",https://en.wikipedia.org/w/index.php?search=Operation%20Observant%20Compass
2011-10-20,mort,reconnu,Convoi de Kadhafi frappé,"Syrte, Libye","Un drone Predator américain et des avions français frappent le convoi de Kadhafi. Capturé par des rebelles, il est lynché et tué.",Libye,"31.21,16.59",https://fr.wikipedia.org/w/index.php?search=Mort%20de%20Mouammar%20Kadhafi
2011-10-31,crime,documenté,"Tariq Aziz, 16 ans, tué par un drone","Waziristan du Nord, Pakistan","L'adolescent, qui venait de participer à une réunion contre les drones à Islamabad, est tué avec son cousin de 12 ans par une frappe de la CIA.",Pakistan,"33.0,70.1",https://en.wikipedia.org/w/index.php?search=Tariq%20Aziz%20drone%20strike
2011-11-26,arme,reconnu,Incident de Salala,"Mohmand, Pakistan",Des hélicoptères et un AC-130 américains attaquent deux postes frontaliers pakistanais et tuent 24 soldats. Islamabad ferme les routes d'approvisionnement de l'OTAN sept mois.,Pakistan,"34.6,71.2",https://fr.wikipedia.org/w/index.php?search=Incident%20de%20Salala
2011-12,info,allégué,Manifestations de Bolotnaïa,"Moscou, Russie",Poutine accuse Hillary Clinton d'avoir donné « le signal » des manifestations contre la fraude électorale ; aucune preuve n'est avancée.,Russie,"55.75,37.62",https://fr.wikipedia.org/w/index.php?search=Manifestations%20de%202011-2012%20en%20Russie
2011-12,sabot,documenté,La DEA blanchit l'argent des cartels,Mexique,Le New York Times révèle que des agents américains ont transporté et blanchi des millions de dollars de cartels mexicains dans des opérations d'infiltration.,Mexique,"19.43,-99.13",https://en.wikipedia.org/w/index.php?search=DEA%20money%20laundering%20Mexico%20cartels%202011
2011-12-04,espion,reconnu,Drone espion RQ-170 capturé,"Kashmar, Iran",L'Iran récupère un drone furtif américain RQ-170 Sentinel en mission de reconnaissance au-dessus de son territoire. Washington reconnaît la perte et demande sa restitution.,Iran,"35.24,58.46",https://fr.wikipedia.org/w/index.php?search=Incident%20du%20RQ-170%20en%20Iran
2011-12-11,arme,documenté,Évacuation de la base de drones de Shamsi,"Shamsi, Baloutchistan, Pakistan","Après Salala, le Pakistan exige le départ des Américains de cette base d'où la CIA faisait décoller ses drones. Les derniers personnels partent le 11 décembre.",Pakistan,"27.85,66.0",https://en.wikipedia.org/w/index.php?search=Shamsi%20Airfield
2011-12-28,crime,documenté,Massacre de Roboski,"Roboski, Turquie","Des F-16 turcs tuent 34 villageois kurdes, pour la plupart des jeunes contrebandiers. Selon le Wall Street Journal, un drone Predator américain avait repéré le groupe et transmis l'information à l'armée turque.",Turquie,"37.4,43.0",https://en.wikipedia.org/w/index.php?search=Roboski%20airstrike
2011-12-31,sabot,reconnu,Sanctions contre la Banque centrale d'Iran,"Washington, États-Unis","La loi de défense signée par Obama sanctionne les banques étrangères qui traitent avec la Banque centrale iranienne, pour réduire les ventes de pétrole de l'Iran.",Iran,"35.69,51.39",https://fr.wikipedia.org/w/index.php?search=Sanctions%20contre%20l%27Iran
2012,espion,documenté,Programme SKYNET de la NSA,Pakistan,"Selon des documents Snowden publiés par The Intercept, la NSA analyse les métadonnées de 55 millions de mobiles pakistanais pour désigner des « suspects » par algorithme.",Pakistan,"33.69,73.05",https://en.wikipedia.org/w/index.php?search=SKYNET%20%28surveillance%20program%29
2012,espion,documenté,La présidentielle française ciblée,"Paris, France","Selon des ordres de mission publiés par WikiLeaks en 2017, la CIA a chargé ses agents de recueillir des informations sur les partis français avant la présidentielle.",France,"48.86,2.35",https://en.wikipedia.org/w/index.php?search=WikiLeaks%20CIA%20espionage%20orders%202012%20French%20presidential%20election
2012,cyber,documenté,Visioconférences de l'ONU déchiffrées,"New York, États-Unis","À l'été 2012, la NSA casse le chiffrement du système de visioconférence interne des Nations unies ; en trois semaines, les communications décodées passent de 12 à 458. Révélé par Der Spiegel en août 2013.",États-Unis,"40.75,-73.97",https://www.aljazeera.com/news/2013/8/25/report-us-bugged-un-headquarters
2012,cyber,documenté,50 000 réseaux infectés par la NSA,Monde,"Une carte de la NSA montre que, mi-2012, plus de 50 000 réseaux informatiques sont infectés par ses logiciels, en Europe, en Amérique latine, au Moyen-Orient, en Inde, en Chine et en Russie. Révélé par NRC Handelsblad en novembre 2013.",Mexique; Brésil; Chine; Russie; Inde,"19.43,-99.13; -15.79,-47.88; 39.9,116.4; 55.75,37.62; 28.61,77.21",https://www.helpnetsecurity.com/2013/11/25/nsa-compromised-50000-global-computer-networks/
2012,arme,allégué,Filière d'armes libyennes vers la Syrie,"Benghazi, Libye","Selon Seymour Hersh, la CIA supervise depuis Benghazi l'acheminement d'armes libyennes vers les rebelles syriens via la Turquie. Washington dément ; l'affirmation reste contestée.",Libye; Syrie,"32.12,20.07; 35.0,36.3",https://en.wikipedia.org/w/index.php?search=The%20Red%20Line%20and%20the%20Rat%20Line
2012,crime,documenté,Disparitions imputées aux forces spéciales à Nerkh,"Nerkh, Wardak, Afghanistan",Des habitants accusent une unité de forces spéciales américaines et ses interprètes de dizaines de disparitions et de meurtres. Karzai expulse ces forces de Wardak en février 2013. Washington nie.,Afghanistan,"34.35,68.6",https://en.wikipedia.org/w/index.php?search=Nerkh%20Wardak%20special%20forces%20disappearances
2012,arme,documenté,Unités formées par Washington passent aux rebelles,Nord du Mali,"Des commandants touaregs d'unités maliennes d'élite formées par les États-Unis rejoignent la rébellion du Nord avec hommes, armes et véhicules, rapporte le New York Times.",Mali,"17.0,-1.0",https://en.wikipedia.org/w/index.php?search=Mali%20Tuareg%20rebellion%202012%20US-trained%20units%20defect
2012-01-20,espion,reconnu,Raid contre Kim Dotcom pour le FBI,"Coatesville, Nouvelle-Zélande","À la demande du FBI, la police néo-zélandaise perquisitionne la maison de Kim Dotcom. Le service d'écoute GCSB l'avait espionné illégalement, ce que reconnaît le Premier ministre John Key en s'excusant.",Nouvelle-Zélande,"-36.72,174.6",https://en.wikipedia.org/w/index.php?search=Kim%20Dotcom%20raid%202012%20GCSB
2012-02-02,arme,allégué,Frappe aérienne de Parang à Sulu,"Parang, Sulu, Philippines",Un raid aérien de l'armée philippine tue plus d'une dizaine de militants présumés d'Abou Sayyaf et de la Jemaah Islamiyah. Des responsables philippins cités par l'AP évoquent des kits de guidage américains ; l'armée dément ensuite leur usage.,Philippines,"5.92,120.9",https://en.wikipedia.org/w/index.php?search=2012%20Parang%20Sulu%20airstrike
2012-03-11,crime,reconnu,Massacre de Kandahar,"Panjwai, Afghanistan","Le sergent Robert Bales tue 16 villageois, dont neuf enfants, dans deux villages. Il est condamné à la perpétuité.",Afghanistan,"31.53,65.46",https://fr.wikipedia.org/w/index.php?search=Massacre%20de%20Kandahar
2012-03-17,sabot,documenté,L'Iran coupé du réseau SWIFT,"Téhéran, Iran","Sous pression américaine et en application d'un règlement européen, SWIFT déconnecte les banques iraniennes, qui ne peuvent plus effectuer de virements internationaux.",Iran,"35.69,51.39",https://fr.wikipedia.org/w/index.php?search=SWIFT
2012-03-22,coup,reconnu,"Putsch du capitaine Sanogo, formé aux USA","Bamako, Mali","Le capitaine Amadou Sanogo, qui renverse Amadou Toumani Touré, avait suivi plusieurs formations militaires aux États-Unis. Le Pentagone le reconnaît tout en condamnant le coup.",Mali,"12.64,-8.0",https://en.wikipedia.org/w/index.php?search=2012%20Malian%20coup%20d%27%C3%A9tat
2012-05,cyber,allégué,L'Élysée piraté,"Paris, France","Entre les deux tours, des ordinateurs de l'Élysée sont infiltrés. L'Express accuse les États-Unis ; une note de la NSA révélée par Snowden nie et soupçonne un autre allié.",France,"48.86,2.35",https://fr.wikipedia.org/w/index.php?search=Piratage%20de%20l%27%C3%89lys%C3%A9e%202012
2012-05,cyber,documenté,Réseau du Quai d'Orsay intercepté,"Paris, France",Une présentation de la NSA de mai 2012 cite le réseau privé du ministère français des Affaires étrangères parmi les réseaux pénétrés par des attaques « de l'homme du milieu ». Révélé par TV Globo en septembre 2013.,France,"48.86,2.35",https://www.motherjones.com/kevin-drum/2013/09/nsa-targeting-swift-network-petrobras-french-ministry-foreign-affairs/
2012-05-11,crime,reconnu,Fusillade d'Ahuas,"Ahuas, Honduras","Lors d'une opération antidrogue avec la DEA, un hélicoptère tire sur une embarcation et tue quatre civils. Un rapport des inspecteurs généraux américains de 2017 critique la DEA.",Honduras,"15.47,-84.36",https://en.wikipedia.org/w/index.php?search=Ahuas%20incident
2012-05-28,cyber,documenté,Logiciel espion Flame,Iran,"Découvert par Kaspersky, surtout en Iran. Le Washington Post l'attribue à une opération américano-israélienne visant le programme nucléaire iranien.",Iran; Liban,"35.69,51.39; 33.89,35.5",https://en.wikipedia.org/w/index.php?search=Flame%20%28malware%29
2012-06,arme,documenté,Agents de la CIA à la frontière turque,Sud de la Turquie,"Selon le New York Times, des agents de la CIA opèrent dans le sud de la Turquie pour décider quels groupes rebelles syriens reçoivent les armes payées par la Turquie, l'Arabie saoudite et le Qatar.",Syrie,"36.2,36.6",https://en.wikipedia.org/w/index.php?search=CIA%20activities%20in%20Syria
2012-06-04,mort,documenté,Abou Yahya al-Libi tué par un drone,"Mir Ali, Waziristan du Nord, Pakistan",Une frappe de la CIA tue le numéro deux d'Al-Qaïda. Islamabad proteste contre une violation de sa souveraineté.,Pakistan,"32.99,70.26",https://en.wikipedia.org/w/index.php?search=Abu%20Yahya%20al-Libi
2012-06-06,crime,reconnu,Noce bombardée en Logar,"Baraki Barak, Logar, Afghanistan","Une frappe de l'OTAN sur une maison où se tenait un mariage tue 18 civils, dont des femmes et des enfants. Le général John Allen s'excuse.",Afghanistan,"33.9,68.9",https://en.wikipedia.org/w/index.php?search=June%202012%20Logar%20airstrike
2012-06-12,sabot,reconnu,ING paie 619 millions pour violation d'embargos,"Amsterdam, Pays-Bas","La banque néerlandaise est sanctionnée pour des transactions avec Cuba et l'Iran, soumises aux embargos américains.",Pays-Bas,"52.37,4.9",https://en.wikipedia.org/w/index.php?search=ING%20Bank%20sanctions%20settlement%202012
2012-06-22,coup,allégué,Destitution de Fernando Lugo,"Asunción, Paraguay",Le président est destitué en moins de deux jours. Des câbles WikiLeaks montrent que l'ambassade connaissait dès 2009 les projets de l'opposition ; un rôle américain n'est pas démontré.,Paraguay,"-25.26,-57.58",https://en.wikipedia.org/w/index.php?search=Impeachment%20of%20Fernando%20Lugo
2012-08,cyber,allégué,Logiciel espion Gauss,"Beyrouth, Liban","Kaspersky découvre un logiciel de la famille de Flame qui dérobe des identifiants bancaires, surtout au Liban. Son attribution reste une hypothèse.",Liban,"33.89,35.5",https://en.wikipedia.org/w/index.php?search=Gauss%20%28malware%29
2012-09,crime,reconnu,Refus d'extrader Sánchez de Lozada,"Washington, États-Unis","Les États-Unis rejettent la demande d'extradition de l'ex-président bolivien, poursuivi pour la répression d'octobre 2003 qui a fait une soixantaine de morts. Un jury de Floride le juge responsable en 2018.",Bolivie,"-16.5,-68.15",https://fr.wikipedia.org/w/index.php?search=Gonzalo%20S%C3%A1nchez%20de%20Lozada
2012-09-16,crime,reconnu,Femmes tuées en ramassant du bois à Kapisa,"Alasai, Kapisa, Afghanistan",Une frappe de l'OTAN tue huit femmes et filles qui ramassaient du bois. L'OTAN reconnaît les faits et présente ses regrets.,Afghanistan,"34.85,69.58",https://en.wikipedia.org/w/index.php?search=September%202012%20Kapisa%20airstrike
2012-09-18,info,reconnu,L'USAID expulsée de Russie,"Moscou, Russie","Moscou ferme l'agence américaine d'aide, qui finançait notamment l'ONG d'observation électorale Golos, en l'accusant d'ingérence politique.",Russie,"55.75,37.62",https://en.wikipedia.org/w/index.php?search=USAID
2012-10-02,sabot,documenté,Frégate argentine saisie par un fonds vautour,"Tema, Ghana","À la demande de NML Capital, fonds du milliardaire américain Paul Singer, un tribunal ghanéen immobilise le trois-mâts ARA Libertad. Le Tribunal du droit de la mer ordonne sa libération.",Argentine,"-34.6,-58.38",https://en.wikipedia.org/w/index.php?search=ARA%20Libertad%20%28Q-2%29
2012-10-08,info,reconnu,Rapport du Congrès contre Huawei et ZTE,"Pékin, Chine","La commission du renseignement de la Chambre qualifie Huawei et ZTE de menaces pour la sécurité et recommande de les exclure du marché américain, sans preuve publique d'espionnage.",Chine,"22.54,114.06",https://en.wikipedia.org/w/index.php?search=Huawei%20ZTE%20House%20Intelligence%20Committee%20report%202012
2012-10-24,crime,documenté,Mort de Mamana Bibi,"Nord-Waziristan, Pakistan","Une grand-mère de 68 ans est tuée par un drone en cueillant des légumes devant ses petits-enfants, selon Amnesty International.",Pakistan,"33.0,70.0",https://en.wikipedia.org/w/index.php?search=Mamana%20Bibi
2012-11-21,sabot,reconnu,Jugement Griesa pour les fonds vautours,"New York, États-Unis","Le juge fédéral Thomas Griesa ordonne à l'Argentine de payer 1,33 milliard de dollars aux fonds détenteurs de dette non restructurée, au nom de la clause pari passu.",Argentine,"-34.6,-58.38",https://en.wikipedia.org/w/index.php?search=Thomas%20Griesa
2012-11-29,cyber,allégué,Internet syrien coupé par la NSA,"Damas, Syrie","Selon Edward Snowden, interrogé par Wired en 2014, une tentative de l'unité TAO d'implanter un logiciel dans un routeur central d'un fournisseur syrien l'a rendu inopérant et provoqué la coupure. Aucun document publié ne l'étaye.",Syrie,"33.51,36.29",https://www.washingtonpost.com/news/the-switch/wp/2014/08/13/snowden-claims-you-should-blame-the-nsa-for-a-2012-syrian-internet-outage-not-assad/
2012-12,espion,documenté,La Norvège transmet ses écoutes afghanes,"Oslo, Norvège",Un document attribué d'abord à la NSA recense 33 millions d'appels en un mois ; le renseignement norvégien précise qu'il les a captés en Afghanistan et partagés avec les Américains. Révélé par Dagbladet en novembre 2013.,Afghanistan,"34.53,69.18",https://www.thelocal.no/20131119/nsa-recorded-m-phone-calls-of-nato-ally-norway
2012-12-10,sabot,reconnu,Standard Chartered paie 327 millions,"Londres, Royaume-Uni","Après 340 millions versés au régulateur de New York en août, la banque britannique paie 327 millions de dollars aux autorités fédérales pour des transactions iraniennes.",Royaume-Uni,"51.51,-0.13",https://en.wikipedia.org/w/index.php?search=Standard%20Chartered
2012-12-11,sabot,reconnu,"HSBC paie 1,9 milliard","Londres, Royaume-Uni","HSBC paie 1,92 milliard de dollars pour des défaillances de contrôle du blanchiment et des violations des sanctions américaines.",Royaume-Uni,"51.51,-0.13",https://en.wikipedia.org/w/index.php?search=HSBC%20money%20laundering%202012
2012-12-14,sabot,reconnu,Loi Magnitski,"Washington, États-Unis",Obama signe une loi qui sanctionne des responsables russes jugés liés à la mort en détention de l'avocat Sergueï Magnitski. Moscou riposte en interdisant les adoptions par des Américains.,Russie,"55.75,37.62",https://fr.wikipedia.org/w/index.php?search=Loi%20Magnitski
2013,arme,reconnu,Programme Timber Sycamore,Syrie,"La CIA arme et forme des rebelles syriens avec l'Arabie saoudite, pour environ un milliard de dollars. Une partie des armes finit chez des groupes jihadistes. Trump y met fin en 2017.",Syrie,"33.51,36.29",https://fr.wikipedia.org/w/index.php?search=Timber%20Sycamore
2013,crime,reconnu,Alimentation forcée à Guantánamo,"Guantánamo, Cuba","Face à une grève de la faim de plus de cent détenus, l'armée les nourrit de force par sonde nasogastrique, une pratique condamnée par l'ONU comme traitement inhumain.",Cuba,"19.9,-75.13",https://en.wikipedia.org/w/index.php?search=Guantanamo%20hunger%20strikes
2013-01,espion,documenté,MUSCULAR : Google et Yahoo interceptés,Royaume-Uni,"Avec le GCHQ, la NSA copie hors des États-Unis les flux entre centres de données de Google et de Yahoo : des millions d'enregistrements par jour. Révélé par le Washington Post en octobre 2013.",Royaume-Uni,"51.5,-0.13",https://en.wikipedia.org/wiki/MUSCULAR
2013-01,arme,reconnu,Soutien logistique à l'opération Serval,Mali,L'armée de l'air américaine transporte des troupes françaises vers le Mali et ravitaille leurs avions en vol. Washington fournit aussi du renseignement.,Mali,"12.64,-8.0",https://fr.wikipedia.org/w/index.php?search=Op%C3%A9ration%20Serval
2013-01-03,sabot,reconnu,"Wegelin, plus vieille banque suisse, coulée","Saint-Gall, Suisse","Première banque étrangère inculpée aux États-Unis pour aide à l'évasion fiscale, Wegelin plaide coupable et annonce sa fermeture après 272 ans d'existence.",Suisse,"47.42,9.38",https://en.wikipedia.org/w/index.php?search=Wegelin%20%26%20Co.
2013-02,crime,reconnu,Frappe de Shigal au Kunar,"Shigal, Kunar, Afghanistan","Une frappe demandée par les forces afghanes tue une dizaine de civils, dont des enfants. Karzai interdit ensuite à ses troupes de demander des frappes aériennes.",Afghanistan,"34.99,71.23",https://en.wikipedia.org/w/index.php?search=Shigal%20airstrike%20February%202013
2013-02-13,cyber,documenté,Câble sous-marin SEA-ME-WE 4 piraté,"Marseille, France",L'unité TAO de la NSA pénètre le site de gestion du consortium du câble reliant Marseille à l'Asie du Sud-Est et récupère la cartographie de ses circuits. Révélé par Der Spiegel et Le Monde en décembre 2013.,France; Égypte; Inde,"43.3,5.37; 29.97,32.55; 28.61,77.21",https://www.securityweek.com/nsa-spying-europe-asia-undersea-telecom-cables-report
2013-02-22,espion,reconnu,Drones américains à Niamey,"Niamey, Niger",Barack Obama informe le Congrès de l'envoi d'une centaine de militaires au Niger pour faire voler des drones de surveillance au-dessus du Mali et du Sahel.,Niger,"13.51,2.11",https://en.wikipedia.org/w/index.php?search=United%20States%20military%20deployment%20Niger%202013%20drones
2013-04,espion,documenté,Notes de Ban Ki-moon interceptées,"New York, États-Unis",La NSA obtient à l'avance les éléments de langage du secrétaire général de l'ONU pour sa rencontre du 11 avril 2013 avec Barack Obama. Révélé par le New York Times en novembre 2013.,États-Unis,"40.75,-73.97",https://www.rtlnieuws.nl/buitenland/artikel/2285816/nsa-onderschepte-tekst-ban-ki-moon-bij-bezoek-obama
2013-04,espion,documenté,XKeyscore livré au Japon,"Tokyo, Japon","La NSA fournit XKeyscore au renseignement japonais, qui finance ses installations, dont une à Okinawa, tout en espionnant des responsables japonais. Révélé par The Intercept et NHK en avril 2017.",Japon,"35.69,139.69",https://theintercept.com/2017/04/24/japans-secret-deals-with-the-nsa-that-expand-global-surveillance/
2013-04,espion,documenté,La Suède espionne la Russie pour la NSA,"Stockholm, Suède","Le FRA suédois fournit à la NSA une collecte « unique » sur les dirigeants et la politique intérieure russes, grâce à son accès aux câbles de la Baltique. Révélé par la télévision SVT en décembre 2013.",Russie,"55.75,37.62",https://www.thelocal.se/20131205/sweden-spied-on-russia-for-nsa-report
2013-04,espion,documenté,Aide de la NSA à la police saoudienne,"Riyad, Arabie saoudite",Une note d'avril 2013 prévoit un « soutien analytique et technique direct » au ministère saoudien de l'Intérieur sur la « sécurité intérieure ». Révélé par The Intercept en juillet 2014.,Arabie saoudite,"24.69,46.72",https://theintercept.com/2014/07/25/nsas-new-partner-spying-saudi-arabias-brutal-state-police/
2013-04-14,sabot,reconnu,Arrestation de Frédéric Pierucci,"New York, à propos de la France",Le cadre d'Alstom est arrêté à l'aéroport JFK dans une enquête pour corruption en Indonésie. Il passera plus de deux ans en détention aux États-Unis.,France,"48.86,2.35",https://fr.wikipedia.org/w/index.php?search=Fr%C3%A9d%C3%A9ric%20Pierucci
2013-04-17,crime,documenté,Frappe de drone à Wessab,"Wessab, Yémen","Un drone tue un responsable présumé d'Al-Qaïda dans un village. Le jeune Yéménite Farea al-Muslimi, originaire de Wessab, témoigne devant le Sénat américain de la peur semée dans le village.",Yémen,"14.3,43.7",https://en.wikipedia.org/w/index.php?search=Farea%20Al-Muslimi
2013-04-28,info,documenté,« Argent fantôme » de la CIA pour Karzai,"Kaboul, Afghanistan","Le New York Times révèle que la CIA livre depuis 2002 des sacs d'espèces au bureau du président, des dizaines de millions de dollars. Karzai confirme avoir reçu des « petites sommes ».",Afghanistan,"34.53,69.17",https://en.wikipedia.org/w/index.php?search=Hamid%20Karzai%20CIA%20ghost%20money
2013-05-01,info,allégué,USAID expulsée de Bolivie,"La Paz, Bolivie","Evo Morales expulse l'agence américaine, qu'il accuse de conspirer avec l'opposition et de manipuler des organisations paysannes. Washington rejette ces accusations.",Bolivie,"-16.5,-68.15",https://en.wikipedia.org/w/index.php?search=USAID%20Bolivia%20expelled%202013
2013-05-13,espion,documenté,Arrestation de l'agent Ryan Fogle,"Moscou, Russie","Le FSB arrête un diplomate de l'ambassade américaine, présenté comme agent de la CIA, avec perruques et argent, en train de recruter un officier. Il est expulsé.",Russie,"55.75,37.62",https://en.wikipedia.org/w/index.php?search=Ryan%20Fogle
2013-05-29,sabot,reconnu,Total paie 398 millions au titre du FCPA,"Paris, France",Le groupe pétrolier français règle des poursuites américaines pour des pots-de-vin versés en Iran.,France,"48.86,2.35",https://en.wikipedia.org/w/index.php?search=Total%20FCPA%20Iran%202013%20settlement
2013-06,crime,allégué,Fûts de dioxine exhumés à Okinawa,"Okinawa, Japon",Des fûts enterrés sur un ancien terrain de Kadena contiennent de la dioxine et des herbicides. Des anciens soldats affirment que l'agent orange était stocké à Okinawa. Le Pentagone le nie.,Japon,"26.33,127.8",https://en.wikipedia.org/w/index.php?search=Agent%20Orange%20in%20Okinawa
2013-06-22,espion,documenté,Tsinghua et Hong Kong piratés,"Pékin, Chine","Selon Snowden, cité par le South China Morning Post, la NSA a piraté l'université Tsinghua, le réseau Pacnet de Hong Kong et des opérateurs mobiles chinois.",Chine; Hong Kong (Chine),"40.0,116.33; 22.32,114.17",https://en.wikipedia.org/w/index.php?search=Global%20surveillance%20disclosures%20China%20Tsinghua
2013-06-22,cyber,documenté,Opérateurs mobiles chinois piratés,"Pékin, Chine","D'après des documents de Snowden publiés par le South China Morning Post, la NSA pirate des opérateurs de téléphonie chinois pour collecter des millions de SMS.",Chine,"39.9,116.4",https://en.wikipedia.org/w/index.php?search=Snowden%20China%20mobile%20phone%20companies%20SMS%20NSA
2013-06-29,espion,documenté,Bureaux de l'UE sur écoute,"Bruxelles, Belgique","D'après les documents Snowden publiés par Der Spiegel, la NSA espionne les représentations de l'UE à Washington et à New York et le siège du Conseil à Bruxelles.",Belgique,"50.85,4.35",https://fr.wikipedia.org/w/index.php?search=R%C3%A9v%C3%A9lations%20d%27Edward%20Snowden
2013-06-30,espion,documenté,38 ambassades ciblées,"Washington, États-Unis","Selon The Guardian, la NSA vise 38 ambassades et missions, dont celles de la France, de l'Italie, de la Grèce, du Japon, du Mexique, de la Corée du Sud et de l'Inde.",France; Italie; Grèce; Japon; Corée du Sud; Inde,"48.86,2.35; 41.9,12.5; 37.98,23.73; 35.69,139.69; 37.57,126.98; 28.61,77.21",https://en.wikipedia.org/w/index.php?search=Global%20surveillance%20disclosures%20embassies%202013
2013-06-30,espion,documenté,500 millions de connexions allemandes par mois,Allemagne,"Der Spiegel révèle, d'après les documents Snowden, que la NSA collecte chaque mois environ 500 millions de métadonnées de communications en Allemagne.",Allemagne,"52.52,13.4",https://en.wikipedia.org/w/index.php?search=Global%20surveillance%20disclosures%20Germany
2013-07,coup,reconnu,Le « coup » qui n'en est pas un,"Le Caire, Égypte","Après le renversement de Mohamed Morsi le 3 juillet, l'administration Obama refuse de parler de coup d'État, ce qui l'obligerait légalement à suspendre l'aide militaire de 1,3 milliard de dollars.",Égypte,"30.04,31.24",https://fr.wikipedia.org/w/index.php?search=Coup%20d%27%C3%89tat%20de%202013%20en%20%C3%89gypte
2013-07-02,espion,allégué,L'avion d'Evo Morales bloqué à Vienne,"Vienne, Autriche","Soupçonné de transporter Edward Snowden, l'avion présidentiel bolivien se voit refuser le survol de la France, de l'Espagne, de l'Italie et du Portugal. La Bolivie dénonce une pression américaine.",Bolivie; Autriche,"-16.5,-68.15; 48.21,16.37",https://en.wikipedia.org/w/index.php?search=Evo%20Morales%20grounding%20incident
2013-07-07,espion,documenté,Communications brésiliennes aspirées par la NSA,"Rio de Janeiro, Brésil","O Globo révèle, d'après les documents Snowden, que la NSA collecte en masse les appels et courriels de Brésiliens.",Brésil,"-15.79,-47.88",https://fr.wikipedia.org/w/index.php?search=R%C3%A9v%C3%A9lations%20d%27Edward%20Snowden
2013-08,espion,documenté,L'AIEA dans le viseur de la NSA,"Vienne, Autriche","D'après les documents Snowden, l'Agence internationale de l'énergie atomique figure parmi les organisations visées en priorité par la NSA. Révélé par Der Spiegel en août 2013.",Autriche,"48.21,16.37",https://www.nbcnews.com/news/world/report-us-hacked-un-video-conferencing-spied-eu-flna8C10998104
2013-08-01,info,reconnu,Kerry : l'armée « rétablit la démocratie »,"Le Caire, Égypte","John Kerry déclare que l'armée égyptienne, en renversant Morsi, a « rétabli la démocratie ». Deux semaines plus tard, le massacre de Rabaa fait plus de 800 morts selon Human Rights Watch.",Égypte,"30.04,31.24",https://fr.wikipedia.org/w/index.php?search=Massacre%20de%20Rabaa
2013-08-19,coup,reconnu,La CIA reconnaît avoir dirigé le putsch,"Washington, États-Unis",Des documents déclassifiés publiés par la National Security Archive montrent que la CIA admet que le coup de 1953 a été mené « sous sa direction ».,Iran,"35.69,51.39",https://fr.wikipedia.org/w/index.php?search=Coup%20d%27%C3%89tat%20de%201953%20en%20Iran
2013-08-29,mort,reconnu,Dino Bouterse piégé par la DEA,Panama,"Le fils du président surinamais est arrêté au Panama par un piège de la DEA puis transféré à New York, où il est condamné pour trafic et soutien au Hezbollah.",Suriname,"5.85,-55.2",https://en.wikipedia.org/w/index.php?search=Dino%20Bouterse
2013-08-31,espion,documenté,Al Jazeera piratée,"Doha, Qatar","Selon Der Spiegel, la NSA a pénétré les communications internes protégées de la chaîne qatarie.",Qatar,"25.29,51.53",https://en.wikipedia.org/w/index.php?search=NSA%20Al%20Jazeera%20hacked%20Der%20Spiegel
2013-09,espion,documenté,"L'Inde, cinquième pays le plus espionné","New Delhi, Inde","The Hindu révèle, d'après les documents Snowden, que la NSA a collecté 6,3 milliards de données indiennes en un mois, dont des éléments sur le nucléaire et l'espace.",Inde,"28.61,77.21",https://en.wikipedia.org/w/index.php?search=Boundless%20Informant%20India
2013-09-01,espion,documenté,Dilma Rousseff espionnée,"Brasília, Brésil","Selon des documents Snowden diffusés par TV Globo, la NSA intercepte les communications de la présidente. Rousseff annule sa visite d'État à Washington.",Brésil,"-15.79,-47.88",https://en.wikipedia.org/w/index.php?search=Global%20surveillance%20disclosures%20Brazil%20Rousseff
2013-09-01,espion,documenté,Peña Nieto espionné,"Mexico, Mexique",Le même reportage de TV Globo montre que la NSA a lu des messages d'Enrique Peña Nieto lorsqu'il était candidat.,Mexique,"19.43,-99.13",https://en.wikipedia.org/w/index.php?search=Global%20surveillance%20disclosures%20Mexico%20Pe%C3%B1a%20Nieto
2013-09-02,espion,documenté,"Le Pakistan, cible prioritaire du renseignement",Pakistan,"Le budget noir publié par le Washington Post d'après les documents Snowden montre une surveillance intensive du Pakistan, de ses armes nucléaires et de ses dirigeants.",Pakistan,"33.68,73.05",https://en.wikipedia.org/w/index.php?search=United%20States%20intelligence%20budget%20Pakistan%202013%20Snowden
2013-09-05,cyber,documenté,"Dual_EC_DRBG, norme piégée","Genève, Suisse","Des documents Snowden montrent que la NSA a imposé une norme de générateur aléatoire affaiblie, adoptée par le NIST et l'ISO. Reuters révèle qu'elle a payé RSA 10 millions de dollars pour l'utiliser.",Suisse,"46.2,6.14",https://en.wikipedia.org/w/index.php?search=Dual_EC_DRBG
2013-09-08,espion,documenté,Petrobras espionnée,"Rio de Janeiro, Brésil","La NSA a pénétré le réseau de la compagnie pétrolière publique brésilienne, révèle TV Globo, en pleine mise aux enchères des gisements pré-salifères.",Brésil,"-22.91,-43.17",https://en.wikipedia.org/w/index.php?search=Petrobras%20NSA%20surveillance
2013-09-15,espion,documenté,Surveillance de SWIFT,"La Hulpe, Belgique","Selon Der Spiegel, la NSA surveille les transactions financières internationales, notamment via le réseau bancaire SWIFT, installé en Belgique.",Belgique,"50.73,4.49",https://en.wikipedia.org/w/index.php?search=NSA%20Follow%20the%20Money%20SWIFT
2013-10-05,mort,reconnu,Enlèvement d'Abou Anas al-Libi,"Tripoli, Libye",La Delta Force capture à Tripoli un suspect des attentats de 1998 contre des ambassades et l'interroge sur un navire avant de l'emmener à New York. Tripoli proteste.,Libye,"32.89,13.19",https://en.wikipedia.org/w/index.php?search=Abu%20Anas%20al-Libi
2013-10-05,arme,reconnu,Raid des SEAL sur Barawe,"Barawe, Somalie","Des commandos de la Navy débarquent de nuit à Barawe pour capturer un chef shebab surnommé Ikrima. Pris sous le feu, ils se retirent sans lui.",Somalie,"1.11,44.07",https://en.wikipedia.org/w/index.php?search=2013%20Barawe%20raid
2013-10-20,espion,documenté,Courriels de Felipe Calderón,"Mexico, Mexique","Selon Der Spiegel, la NSA a piraté le compte de messagerie du président mexicain Felipe Calderón.",Mexique,"19.43,-99.13",https://en.wikipedia.org/w/index.php?search=Global%20surveillance%20disclosures%20Mexico%20Calder%C3%B3n
2013-10-21,espion,documenté,70 millions de communications françaises,"Paris, France","Selon Le Monde, la NSA a collecté les données de plus de 70 millions de communications en France en un mois et ciblé Alcatel-Lucent et Wanadoo.",France,"48.86,2.35",https://fr.wikipedia.org/w/index.php?search=R%C3%A9v%C3%A9lations%20d%27Edward%20Snowden
2013-10-23,espion,documenté,Le portable d'Angela Merkel,"Berlin, Allemagne","La NSA a écouté le téléphone de la chancelière. Obama assure que ce n'est plus le cas, sans rien dire du passé ; la justice allemande classe l'enquête.",Allemagne,"52.52,13.4",https://fr.wikipedia.org/w/index.php?search=Affaire%20du%20t%C3%A9l%C3%A9phone%20d%27Angela%20Merkel
2013-10-28,espion,documenté,Appels espagnols collectés,"Madrid, Espagne","Selon El Mundo, la NSA a recueilli les données de 60 millions d'appels en Espagne en un mois. La NSA affirme qu'ils venaient des services espagnols.",Espagne,"40.42,-3.7",https://en.wikipedia.org/w/index.php?search=Global%20surveillance%20disclosures%20Spain
2013-11,cyber,documenté,OPEP infiltrée par la NSA et le GCHQ,"Vienne, Autriche",La NSA pénètre le réseau de l'Organisation des pays exportateurs de pétrole ; le GCHQ pirate les ordinateurs de neuf employés par la méthode Quantum Insert. Les renseignements vont à la CIA et aux départements d'État et de l'Énergie. Révélé par Der Spiegel en novembre 2013.,Autriche,"48.21,16.37",https://shadowproof.com/2013/11/11/nsa-gchq-spied-on-oil-cartel-opec-according-to-documents-from-snowden/
2013-11-01,mort,documenté,Hakimullah Mehsud tué à la veille de pourparlers,"Dande Darpa Khel, Waziristan du Nord, Pakistan","Une frappe de la CIA tue le chef des talibans pakistanais la veille de l'ouverture de négociations avec Islamabad, qui accuse Washington de saboter la paix.",Pakistan,"33.02,70.07",https://en.wikipedia.org/w/index.php?search=Hakimullah%20Mehsud
2013-11-21,crime,documenté,Drone sur un séminaire de Hangu,"Hangu, Khyber Pakhtunkhwa, Pakistan",Une frappe de la CIA vise un séminaire religieux hors des zones tribales et tue plusieurs personnes présentées comme des membres du réseau Haqqani.,Pakistan,"33.53,71.06",https://en.wikipedia.org/w/index.php?search=Hangu%20drone%20strike%202013
2013-12-11,info,reconnu,Nuland et McCain sur le Maïdan,"Kyiv, Ukraine","Victoria Nuland distribue des vivres aux manifestants, puis le sénateur John McCain s'adresse à la foule. Moscou y voit une ingérence directe.",Ukraine,"50.45,30.52",https://en.wikipedia.org/w/index.php?search=Euromaidan%20United%20States%20Nuland%20McCain
2013-12-12,crime,documenté,Convoi de mariage frappé à Radaa,"Radaa, Yémen","Des missiles tirés par un drone frappent un cortège de mariage ; 12 morts selon Human Rights Watch, qui juge que certains étaient civils.",Yémen,"14.42,44.84",https://en.wikipedia.org/w/index.php?search=Radda%20wedding%20convoy%20drone%20strike
2013-12-13,info,reconnu,« 5 milliards de dollars » : discours de Nuland,"Washington, États-Unis",Victoria Nuland déclare que les États-Unis ont investi plus de 5 milliards de dollars depuis 1991 pour soutenir la démocratie en Ukraine. Moscou cite ce chiffre comme preuve du financement du Maïdan.,Ukraine,"50.45,30.52",https://fr.wikipedia.org/w/index.php?search=Victoria%20Nuland
2013-12-20,espion,documenté,"Almunia, Unicef et Médecins du Monde","Bruxelles, Belgique","D'après les documents Snowden, le GCHQ et la NSA ciblent le commissaire européen Joaquín Almunia, l'Unicef, Médecins du Monde et le bureau du Premier ministre israélien.",Belgique; Israël,"50.85,4.35; 31.77,35.21",https://en.wikipedia.org/w/index.php?search=Joaqu%C3%ADn%20Almunia%20GCHQ%20NSA%20surveillance
2013-12-20,espion,documenté,Olmert et Barak sur écoute,"Jérusalem, Israël","Selon des documents d'Edward Snowden, la NSA et le GCHQ ont visé en 2009 une adresse électronique du Premier ministre Ehud Olmert et du ministre de la Défense Ehud Barak.",Israël,"31.77,35.21",https://en.wikipedia.org/w/index.php?search=Global%20surveillance%20disclosures%20%282013%E2%80%93present%29
2013-12-21,mort,documenté,Programme secret de la CIA contre les FARC,"Bogotá, Colombie",Le Washington Post révèle un programme clandestin lancé au début des années 2000 : renseignement de la NSA et kits de guidage de bombes pour tuer des chefs des FARC.,Colombie,"4.71,-74.07",https://en.wikipedia.org/w/index.php?search=CIA%20covert%20action%20Colombia%20Washington%20Post%202013
2014,espion,documenté,Bases de la CIA en Ukraine,Ukraine,"Selon le New York Times (2024), la CIA finance et équipe dès 2014 une douzaine de bases secrètes du renseignement ukrainien le long de la frontière russe.",Ukraine,"50.45,30.52",https://en.wikipedia.org/w/index.php?search=The%20Spy%20War%20CIA%20Ukraine%20bases%20New%20York%20Times%202024
2014,cyber,documenté,Sabotage des missiles nord-coréens,Corée du Nord,"Selon le New York Times (2017), Obama a ordonné en 2014 d'intensifier les cyberattaques contre les essais de missiles nord-coréens, dont beaucoup échouent ensuite.",Corée du Nord,"39.02,125.75",https://en.wikipedia.org/w/index.php?search=Left%20of%20launch%20North%20Korea%20missile%20cyber
2014-01-23,sabot,reconnu,Clearstream paie 152 millions,Luxembourg,La chambre de compensation luxembourgeoise paie près de 152 millions de dollars au Trésor pour des opérations sur des titres de la banque centrale iranienne.,Luxembourg,"49.61,6.13",https://en.wikipedia.org/w/index.php?search=Clearstream
2014-02,info,documenté,« Fuck the EU » : l'appel de Nuland,"Kyiv, Ukraine",Un appel fuité montre Victoria Nuland et l'ambassadeur Pyatt choisir le futur Premier ministre (« Yats is the guy »). Washington ne conteste pas l'authenticité.,Ukraine,"50.45,30.52",https://en.wikipedia.org/w/index.php?search=Nuland%E2%80%93Pyatt%20phone%20call
2014-02,espion,documenté,Écoutes néerlandaises en Somalie partagées,"La Haye, Pays-Bas","Les 1,8 million de métadonnées attribuées à la NSA ont été captées en Somalie par le renseignement militaire néerlandais, équipé par la NSA pour la lutte contre la piraterie, puis partagées. Révélé par NRC en 2014.",Somalie,"2.05,45.32",https://www.eff.org/document/20140305-nrc-dutch-shares-collected-anti-piracy-information-nsa
2014-02,espion,documenté,Litige commercial indonésien écouté,"Jakarta, Indonésie","Le renseignement australien surveille les échanges entre l'Indonésie et le cabinet américain Mayer Brown, son avocat dans des litiges avec Washington (crevettes, cigarettes aux clous de girofle), et les offre à la NSA. Révélé par le New York Times en février 2014.",Indonésie,"-6.21,106.85",https://www.abc.net.au/news/2014-02-17/indonesia-says-reports-of-australian-spying-mind-boggling/5265300
2014-02-22,coup,allégué,"Maïdan, « coup d'État » selon Moscou","Kyiv, Ukraine",La Russie présente la fuite de Ianoukovitch comme un putsch organisé par Washington ; aucune preuve d'un tel pilotage n'a été produite.,Ukraine,"50.45,30.52",https://fr.wikipedia.org/w/index.php?search=Euroma%C3%AFdan
2014-03,cyber,documenté,TURBINE et QUANTUM : infection de masse,Monde,"Avec le système TURBINE et les attaques QUANTUM, qui imitent par exemple Facebook ou LinkedIn, la NSA et le GCHQ automatisent l'implantation de logiciels espions, visant des millions de machines. Révélé par The Intercept en mars 2014.",Belgique,"50.85,4.35",https://theintercept.com/2014/03/12/nsa-plans-infect-millions-computers-malware/
2014-03-06,sabot,reconnu,Premier décret de sanctions sur l'Ukraine,"Washington, États-Unis",Obama signe le décret 13660 qui permet de sanctionner les responsables de l'intervention russe en Crimée. Les premières personnes visées sont désignées le 17 mars.,Russie,"55.75,37.62",https://en.wikipedia.org/w/index.php?search=International%20sanctions%20during%20the%20Russo-Ukrainian%20War
2014-03-17,sabot,reconnu,Décret 13661 : premiers responsables russes visés,"Moscou, Russie","Obama signe le décret 13661 visant des responsables russes pour l'annexion de la Crimée. Sept hauts responsables, dont Vladislav Sourkov et Dmitri Rogozine, voient leurs avoirs gelés.",Russie,"55.75,37.62",https://en.wikipedia.org/wiki/International_sanctions_during_the_Russo-Ukrainian_War
2014-03-20,sabot,reconnu,Décret 13662 et sanctions contre Bank Rossiya,"Moscou, Russie","Le décret 13662 ouvre la voie à des sanctions sectorielles. Le Trésor gèle les avoirs de Bank Rossiya et de proches de Poutine, dont Guennadi Timtchenko et les frères Rotenberg.",Russie,"55.75,37.62",https://en.wikipedia.org/wiki/International_sanctions_during_the_Russo-Ukrainian_War
2014-03-22,cyber,documenté,Opération Shotgiant contre Huawei,"Shenzhen, Chine","Selon le New York Times et Der Spiegel, la NSA a pénétré les serveurs de Huawei pour surveiller ses dirigeants et y implanter des portes dérobées.",Chine,"22.54,114.06",https://en.wikipedia.org/w/index.php?search=Shotgiant
2014-04-12,info,allégué,Visite de John Brennan à Kiev,"Kiev, Ukraine",Le directeur de la CIA se rend à Kiev juste avant le lancement de l'opération « antiterroriste » dans le Donbass. Moscou y voit un feu vert ; la CIA dément tout rôle.,Ukraine,"50.45,30.52",https://en.wikipedia.org/w/index.php?search=John%20Brennan
2014-04-28,sabot,reconnu,Igor Setchine et Rostec visés,"Moscou, Russie","Le Trésor sanctionne sept responsables, dont Igor Setchine (Rosneft) et Sergueï Tchemezov (Rostec), et dix-sept entreprises liées à l'entourage de Poutine. Le Commerce restreint les exportations sensibles.",Russie,"55.75,37.62",https://en.wikipedia.org/wiki/International_sanctions_during_the_Russo-Ukrainian_War
2014-05,espion,documenté,MYSTIC : métadonnées mobiles du Mexique,"Mexico, Mexique",Le programme MYSTIC de la NSA collecte les métadonnées des appels mobiles au Mexique. Révélé par The Intercept en mai 2014.,Mexique,"19.43,-99.13",https://theintercept.com/2014/05/19/data-pirates-caribbean-nsa-recording-every-cell-phone-call-bahamas/
2014-05,espion,documenté,MYSTIC : métadonnées mobiles du Kenya,"Nairobi, Kenya",Le Kenya figure parmi les pays dont la NSA collecte les métadonnées des appels mobiles dans le cadre du programme MYSTIC. Révélé par The Intercept en mai 2014.,Kenya,"-1.29,36.82",https://theintercept.com/2014/05/19/data-pirates-caribbean-nsa-recording-every-cell-phone-call-bahamas/
2014-05,espion,documenté,MYSTIC : métadonnées mobiles des Philippines,"Manille, Philippines",Les Philippines figurent parmi les pays dont la NSA collecte les métadonnées des appels mobiles dans le cadre du programme MYSTIC. Révélé par The Intercept en mai 2014.,Philippines,"14.6,120.98",https://www.rappler.com/technology/58668-nsa-mystic-spying-bahamas-philippines/
2014-05-19,espion,documenté,Tous les appels des Bahamas,"Nassau, Bahamas",The Intercept révèle que le programme Somalget de la NSA enregistre la quasi-totalité des appels mobiles des Bahamas.,Bahamas,"25.05,-77.35",https://en.wikipedia.org/w/index.php?search=MYSTIC%20surveillance%20program
2014-05-19,sabot,reconnu,"Credit Suisse plaide coupable : 2,6 milliards","Zurich, Suisse","Credit Suisse plaide coupable d'aide à l'évasion fiscale et paie 2,6 milliards de dollars, sous la menace de perdre sa licence américaine.",Suisse,"47.37,8.54",https://en.wikipedia.org/w/index.php?search=Credit%20Suisse
2014-05-23,espion,documenté,Toutes les communications afghanes enregistrées,Afghanistan,"WikiLeaks nomme l'Afghanistan comme le pays dont la NSA enregistre et stocke les appels téléphoniques, dans le programme SOMALGET révélé par The Intercept d'après les documents Snowden.",Afghanistan,"34.53,69.17",https://en.wikipedia.org/w/index.php?search=MYSTIC%20NSA%20program
2014-06,mort,reconnu,Capture d'Ahmed Abou Khattala,"Benghazi, Libye",Des forces spéciales enlèvent en Libye un suspect de l'attaque de Benghazi de 2012 et le jugent aux États-Unis.,Libye,"32.12,20.07",https://en.wikipedia.org/w/index.php?search=Ahmed%20Abu%20Khattala
2014-06,cyber,documenté,"Weeping Angel, téléviseurs espions","Séoul, Corée du Sud","Mis au point avec le MI5 lors d'un atelier commun, cet implant fait croire que les téléviseurs Samsung sont éteints et enregistre les conversations de la pièce. Révélé par WikiLeaks dans Vault 7 en mars 2017.",Corée du Sud,"37.57,126.98",https://www.forbes.com/sites/thomasbrewster/2017/03/07/cia-wikileaks-samsung-smart-tv-hack-security/
2014-06,espion,documenté,RAMPART-A : câbles ouverts par 33 pays,Monde,"Des pays « tiers », dont le Danemark et l'Allemagne, laissent la NSA installer ses équipements sur leurs câbles en fibre optique ; le programme coûte 170 millions de dollars de 2011 à 2013. Révélé par Information et The Intercept en juin 2014.",Danemark; Allemagne,"55.68,12.57; 52.52,13.4",https://theintercept.com/2014/06/18/nsa-surveillance-secret-cable-partners-revealed-rampart-a/
2014-06-16,sabot,reconnu,La Cour suprême valide les fonds vautours,"Washington, États-Unis","La Cour suprême refuse d'examiner l'appel argentin, rendant exécutoire le jugement Griesa qui bloque le paiement des créanciers restructurés tant que les fonds ne sont pas payés.",Argentine,"-34.6,-58.38",https://en.wikipedia.org/w/index.php?search=Republic%20of%20Argentina%20v.%20NML%20Capital%2C%20Ltd.
2014-06-30,sabot,reconnu,Amende de BNP Paribas,"Paris, France","La banque française accepte de payer 8,9 milliards de dollars pour violation d'embargos américains. Un rapport parlementaire dénonce l'extraterritorialité du droit américain.",France,"48.86,2.35",https://fr.wikipedia.org/w/index.php?search=BNP%20Paribas%20amende%202014
2014-07-02,espion,reconnu,Un agent du BND espionnait pour la CIA,"Pullach, Allemagne",Un employé du BND est arrêté pour avoir vendu plus de 200 documents à la CIA. Il est condamné à huit ans de prison en 2016.,Allemagne,"48.06,11.52",https://en.wikipedia.org/w/index.php?search=Markus%20R.%20BND%20CIA
2014-07-03,arme,reconnu,Raid pour libérer James Foley,"Province de Raqqa, Syrie","Des dizaines de membres des forces spéciales sont héliportés près de Raqqa pour libérer des otages de l'État islamique, dont James Foley. Les otages ne sont pas là. Le Pentagone révèle le raid en août.",Syrie,"35.95,39.01",https://fr.wikipedia.org/w/index.php?search=James%20Foley
2014-07-10,espion,reconnu,Chef de station de la CIA expulsé,"Berlin, Allemagne","Après l'arrestation d'un agent du BND payé par la CIA, Berlin demande au chef de station américain de quitter le pays.",Allemagne,"52.52,13.4",https://en.wikipedia.org/w/index.php?search=2014%20German%E2%80%93American%20spy%20affair
2014-07-16,sabot,reconnu,Sanctions sectorielles de juillet 2014,"Moscou, Russie","Washington restreint l'accès au financement de Rosneft, Novatek, Gazprombank et VEB, puis étend les mesures après la destruction du vol MH17.",Russie,"55.75,37.62",https://en.wikipedia.org/w/index.php?search=International%20sanctions%20during%20the%20Russo-Ukrainian%20War
2014-07-29,sabot,reconnu,"VTB, Rosselkhozbank et chantiers navals visés","Moscou, Russie","Les États-Unis étendent les restrictions de financement à VTB, à la Bank of Moscow et à Rosselkhozbank, et bloquent la United Shipbuilding Corporation, après la destruction du vol MH17.",Russie,"55.75,37.62",https://en.wikipedia.org/wiki/International_sanctions_during_the_Russo-Ukrainian_War
2014-07-30,sabot,reconnu,Défaut forcé de l'Argentine,"Buenos Aires, Argentine","Faute d'accord avec les fonds de Paul Singer, un tribunal new-yorkais empêche l'Argentine de payer ses autres créanciers : le pays tombe en défaut sélectif.",Argentine,"-34.6,-58.38",https://fr.wikipedia.org/w/index.php?search=Fonds%20vautour
2014-07-30,arme,reconnu,Munitions puisées dans le stock en Israël,Israël,"En pleine guerre de Gaza, le Pentagone autorise Israël à puiser des obus de mortier et de char dans le stock américain prépositionné sur son sol.",Israël,"32.08,34.78",https://en.wikipedia.org/w/index.php?search=2014%20Gaza%20War
2014-08-08,arme,reconnu,Frappes contre l'État islamique en Irak,"Erbil, Irak","Les États-Unis lancent des frappes aériennes en Irak, puis prennent la tête d'une coalition. Airwars recense des milliers de civils tués par la coalition en Irak et en Syrie.",Irak,"36.19,44.01",https://fr.wikipedia.org/w/index.php?search=Op%C3%A9ration%20Inherent%20Resolve
2014-08-31,espion,documenté,La Turquie espionnée,"Ankara, Turquie","Selon Der Spiegel, la NSA espionne le gouvernement turc tout en coopérant avec Ankara contre le PKK.",Turquie,"39.93,32.86",https://en.wikipedia.org/w/index.php?search=Global%20surveillance%20disclosures%20Turkey
2014-09-01,mort,reconnu,Ahmed Abdi Godane tué par une frappe,"Barawe, Somalie",Une frappe aérienne américaine près de Barawe tue le chef des shebab. Le Pentagone confirme sa mort quelques jours plus tard.,Somalie,"1.11,44.07",https://en.wikipedia.org/w/index.php?search=Ahmed%20Abdi%20Godane
2014-09-03,sabot,documenté,Livraison des Mistral à la Russie suspendue,"Saint-Nazaire, France","Après l'annexion de la Crimée, Paris suspend la livraison de deux porte-hélicoptères à la Russie, sous forte pression publique de Washington, qui demandait l'annulation du contrat.",France,"47.27,-2.2",https://fr.wikipedia.org/w/index.php?search=Affaire%20des%20Mistral
2014-09-12,sabot,reconnu,"Sberbank, Rostec et pétrole arctique visés","Moscou, Russie","Nouvelle vague coordonnée avec l'UE : Sberbank et Rostec voient leur financement restreint. La directive 4 interdit la fourniture de technologies pour les forages pétroliers en eaux profondes, dans l'Arctique et le schiste.",Russie,"55.75,37.62",https://en.wikipedia.org/wiki/International_sanctions_during_the_Russo-Ukrainian_War
2014-09-21,info,reconnu,Gouvernement d'union imposé par Kerry,"Kaboul, Afghanistan","Après la présidentielle contestée, John Kerry négocie l'accord qui fait d'Ashraf Ghani le président et d'Abdullah Abdullah le chef de l'exécutif, sans publication des résultats détaillés.",Afghanistan,"34.53,69.17",https://en.wikipedia.org/w/index.php?search=2014%20Afghan%20presidential%20election
2014-09-23,arme,reconnu,Premières frappes en Syrie,"Raqqa, Syrie","Les États-Unis et des alliés arabes frappent l'État islamique et le groupe Khorassan en Syrie, sans l'accord de Damas.",Syrie,"35.95,39.01",https://fr.wikipedia.org/w/index.php?search=Intervention%20am%C3%A9ricaine%20en%20Syrie
2014-10-11,crime,reconnu,Meurtre de Jennifer Laude à Olongapo,"Olongapo, Philippines","La femme transgenre Jennifer Laude est tuée par le Marine Joseph Scott Pemberton. Condamné en 2015 pour homicide et détenu dans un camp militaire, il est gracié par Rodrigo Duterte en 2020.",Philippines,"14.83,120.28",https://en.wikipedia.org/w/index.php?search=Killing%20of%20Jennifer%20Laude
2014-11-01,coup,reconnu,"Isaac Zida, formé aux USA, prend le pouvoir","Ouagadougou, Burkina Faso","Le lieutenant-colonel Isaac Zida s'empare du pouvoir après la chute de Blaise Compaoré. Il avait suivi en 2012 des formations antiterroristes financées par le Pentagone, ce que l'AFRICOM confirme au Washington Post.",Burkina Faso,"12.37,-1.53",https://en.wikipedia.org/w/index.php?search=Yacouba%20Isaac%20Zida
2014-12-06,mort,reconnu,Raid pour libérer Luke Somers,"Chabwa, Yémen","Des commandos Navy SEAL attaquent un repaire d'Al-Qaïda. Les otages Luke Somers et Pierre Korkie, dont la libération par rançon était en négociation, sont tués.",Yémen,"14.5,46.8",https://en.wikipedia.org/w/index.php?search=Luke%20Somers
2014-12-18,sabot,reconnu,Loi de soutien à la liberté de l'Ukraine,"Moscou, Russie",Obama signe l'Ukraine Freedom Support Act. La loi autorise de nouvelles sanctions contre les secteurs russes de la défense et de l'énergie et jusqu'à 350 millions de dollars d'aide militaire à l'Ukraine.,Russie,"55.75,37.62",https://www.congress.gov/bill/113th-congress/house-bill/5859
2014-12-18,sabot,reconnu,Loi américaine de sanctions contre Caracas,"Washington, États-Unis",Barack Obama promulgue une loi qui autorise des sanctions contre des responsables vénézuéliens accusés de répression lors des manifestations de 2014.,Venezuela,"10.5,-66.9",https://en.wikipedia.org/w/index.php?search=Venezuela%20Defense%20of%20Human%20Rights%20and%20Civil%20Society%20Act
2014-12-19,sabot,reconnu,Embargo sur la Crimée,"Simferopol, Ukraine",Le décret 13685 interdit tout commerce et investissement américain en Crimée annexée.,Crimée,"44.95,34.1",https://en.wikipedia.org/w/index.php?search=International%20sanctions%20during%20the%20Russo-Ukrainian%20War
2014-12-22,cyber,allégué,Internet coupé en Corée du Nord,"Pyongyang, Corée du Nord",Le pays perd tout accès à Internet quelques jours après le piratage de Sony que Washington lui impute. Les États-Unis ne confirment ni ne démentent.,Corée du Nord,"39.02,125.75",https://en.wikipedia.org/w/index.php?search=2014%20North%20Korea%20internet%20outage
2014-12-22,sabot,reconnu,Alstom plaide coupable : 772 millions,"Paris, France","Alstom accepte l'amende pénale la plus lourde jamais infligée alors au titre du FCPA, pendant la négociation de la vente de sa branche énergie à General Electric.",France,"48.86,2.35",https://fr.wikipedia.org/w/index.php?search=Affaire%20Alstom
2014-12-28,mort,documenté,La liste d'élimination JPEL,Afghanistan,"Der Spiegel publie, d'après les documents Snowden, la liste « JPEL » de l'OTAN : des centaines de personnes à tuer ou capturer, dont de simples trafiquants de drogue.",Afghanistan,"34.53,69.17",https://en.wikipedia.org/w/index.php?search=Joint%20Prioritized%20Effects%20List
2015,arme,reconnu,Programme « former et équiper » du Pentagone,Syrie,"Un programme de 500 millions de dollars pour former des rebelles contre l'État islamique s'effondre. En septembre 2015, le général Austin admet que seuls « quatre ou cinq » combattants restent actifs.",Syrie,"33.51,36.29",https://en.wikipedia.org/w/index.php?search=New%20Syrian%20Army
2015-01-15,crime,reconnu,Deux otages occidentaux tués par un drone,"Nord-Waziristan, Pakistan","Une frappe tue l'Américain Warren Weinstein et l'Italien Giovanni Lo Porto, otages d'al-Qaïda. Obama présente des excuses en avril 2015.",Pakistan,"32.8,69.8",https://en.wikipedia.org/w/index.php?search=Warren%20Weinstein
2015-01-25,mort,documenté,Raid de Mamasapano contre Marwan,"Mamasapano, Philippines","Un raid de la police philippine tue le poseur de bombes Zulkifli bin Hir, dit Marwan, recherché par le FBI ; 44 commandos meurent. L'enquête officielle philippine établit l'appui américain en renseignement, drones et évacuation.",Philippines,"6.95,124.52",https://en.wikipedia.org/w/index.php?search=Mamasapano%20clash
2015-02,coup,allégué,Complot du « coup bleu » dénoncé par Maduro,"Caracas, Venezuela",Maduro annonce le démantèlement d'un complot d'officiers de l'aviation visant à bombarder Caracas et accuse Washington. Aucune preuve publique d'un rôle américain n'est fournie.,Venezuela,"10.5,-66.9",https://en.wikipedia.org/w/index.php?search=Golpe%20Azul%20Venezuela%202015
2015-02-16,cyber,documenté,Equation Group,"Moscou, Russie","Kaspersky décrit un groupe de pirates lié à Stuxnet capable d'infecter le micrologiciel des disques durs ; les victimes sont en Iran, en Russie, en Chine, en Inde ou au Mali. Des fuites le relient à la NSA.",Russie; Chine; Inde; Mali,"55.75,37.62; 39.9,116.4; 28.61,77.21; 12.64,-8.0",https://en.wikipedia.org/w/index.php?search=Equation%20Group
2015-02-19,cyber,documenté,Clés SIM de Gemalto volées,"Amsterdam, Pays-Bas",The Intercept révèle que la NSA et le GCHQ ont dérobé les clés de chiffrement des cartes SIM du fabricant franco-néerlandais.,Pays-Bas; France,"52.37,4.9; 48.86,2.35",https://en.wikipedia.org/w/index.php?search=Gemalto%20NSA%20GCHQ%20SIM%20keys
2015-03,espion,documenté,Collecte totale dans le Pacifique pour la NSA,"Wellington, Nouvelle-Zélande",Des documents Snowden publiés par le New Zealand Herald et The Intercept montrent que le GCSB néo-zélandais collecte en masse les communications de pays du Pacifique et les partage avec la NSA.,Samoa; Tonga; Fidji; Îles Salomon; Vanuatu; Nauru,"-13.83,-171.76; -21.14,-175.2; -18.14,178.44; -9.43,159.95; -17.73,168.32; -0.55,166.92",https://en.wikipedia.org/w/index.php?search=GCSB%20Pacific%20surveillance%20Snowden%202015
2015-03-09,sabot,reconnu,Décret Obama : « menace inhabituelle »,"Washington, États-Unis",Le décret 13692 déclare que le Venezuela constitue une « menace inhabituelle et extraordinaire » pour la sécurité américaine et sanctionne sept responsables. Il sert de base aux sanctions ultérieures.,Venezuela,"10.5,-66.9",https://en.wikipedia.org/w/index.php?search=Executive%20Order%2013692
2015-03-12,sabot,reconnu,"Commerzbank paie 1,45 milliard","Francfort, Allemagne",La banque allemande est sanctionnée pour violation des embargos américains contre l'Iran et le Soudan et pour des manquements anti-blanchiment.,Allemagne,"50.11,8.68",https://en.wikipedia.org/w/index.php?search=Commerzbank%20sanctions%20settlement%202015
2015-03-26,arme,reconnu,Soutien à la coalition saoudienne,"Sanaa, Yémen","Washington fournit armes, renseignements et ravitaillement en vol à la coalition menée par Riyad contre les Houthis. Les bombardements de la coalition tuent des milliers de civils.",Yémen,"15.35,44.21",https://fr.wikipedia.org/w/index.php?search=Intervention%20militaire%20au%20Y%C3%A9men
2015-03-31,arme,reconnu,Reprise des livraisons d'armes à Sissi,"Le Caire, Égypte","Obama lève le gel partiel décidé après Rabaa et débloque F-16, missiles Harpoon et chars Abrams, malgré la répression qui vise des dizaines de milliers d'opposants.",Égypte,"30.04,31.24",https://en.wikipedia.org/w/index.php?search=Egypt%E2%80%93United%20States%20relations
2015-04,espion,documenté,Sélecteurs de la NSA au BND,"Pullach, Allemagne","La NSA a fait surveiller par le BND des cibles européennes, dont EADS, Eurocopter et des responsables français. Le Bundestag enquête.",Allemagne; France,"52.52,13.4; 48.86,2.35",https://en.wikipedia.org/w/index.php?search=BND%20NSA%20selectors%20scandal%202015
2015-04,info,allégué,Soutien aux séparatistes tchétchènes allégué,"Grozny, Russie","Dans un documentaire, Poutine affirme que le FSB a surpris des agents de la CIA à Bakou aidant des combattants du Caucase du Nord. Aucune preuve n'a été publiée.",Russie,"43.32,45.69",https://en.wikipedia.org/w/index.php?search=Second%20Chechen%20War
2015-04-20,arme,reconnu,Des parachutistes américains forment l'armée,"Yavoriv, Ukraine","Environ 300 parachutistes de la 173e brigade commencent à former la garde nationale ukrainienne à Yavoriv, dans le cadre de l'opération Fearless Guardian.",Ukraine,"49.93,23.53",https://en.wikipedia.org/wiki/Joint_Multinational_Training_Group_%E2%80%93_Ukraine
2015-05-16,arme,reconnu,Raid contre Abou Sayyaf à al-Omar,"Champ pétrolier d'al-Omar, Syrie","La Delta Force tue Abou Sayyaf, chargé des finances pétrolières de l'État islamique, et capture sa femme. Le raid est annoncé par le Pentagone.",Syrie,"35.07,40.64",https://en.wikipedia.org/w/index.php?search=Abu%20Sayyaf%20%28ISIL%29
2015-06,mort,reconnu,Frappe contre Mokhtar Belmokhtar,"Ajdabiya, Libye","Des F-15 américains frappent près d'Ajdabiya une réunion visant le djihadiste algérien Mokhtar Belmokhtar. Tripoli annonce sa mort, jamais confirmée.",Libye,"30.76,20.23",https://fr.wikipedia.org/w/index.php?search=Mokhtar%20Belmokhtar
2015-06-23,espion,documenté,« Espionnage Élysée »,"Paris, France","WikiLeaks, Libération et Mediapart publient des écoutes de la NSA visant Chirac, Sarkozy et Hollande. François Hollande convoque l'ambassadrice.",France,"48.86,2.35",https://fr.wikipedia.org/w/index.php?search=Espionnage%20%C3%89lys%C3%A9e
2015-06-29,espion,documenté,Espionnage économique de la France,"Paris, France",Nouveaux documents WikiLeaks : la NSA cible les ministres des Finances et les grands contrats des entreprises françaises à l'export.,France,"48.86,2.35",https://fr.wikipedia.org/w/index.php?search=Espionnage%20%C3%89lys%C3%A9e
2015-07,espion,documenté,Ministères allemands écoutés,"Berlin, Allemagne",WikiLeaks publie une liste de numéros de la chancellerie et de ministères allemands ciblés par la NSA depuis des décennies.,Allemagne,"52.52,13.4",https://en.wikipedia.org/w/index.php?search=WikiLeaks%20NSA%20Germany%20chancellery%20targets
2015-07-04,espion,documenté,Le Brésil écouté,"Brasília, Brésil","WikiLeaks publie 29 numéros brésiliens ciblés par la NSA, dont ceux de Dilma Rousseff, de son avion présidentiel et de ministres.",Brésil,"-15.79,-47.88",https://en.wikipedia.org/w/index.php?search=WikiLeaks%20Bugging%20Brazil%20NSA
2015-07-28,info,reconnu,La NED déclarée « indésirable » en Russie,"Moscou, Russie","Moscou interdit la National Endowment for Democracy, financée par le Congrès, qui soutenait des ONG russes. C'est la première organisation frappée par la loi de 2015.",Russie,"55.75,37.62",https://fr.wikipedia.org/w/index.php?search=National%20Endowment%20for%20Democracy
2015-07-31,espion,documenté,Gouvernement japonais espionné,"Tokyo, Japon","WikiLeaks révèle 35 cibles de la NSA au Japon, dont des ministères, la Banque du Japon et Mitsubishi.",Japon,"35.69,139.69",https://en.wikipedia.org/w/index.php?search=WikiLeaks%20Target%20Tokyo
2015-08-05,sabot,documenté,Contrat Mistral annulé,"Paris, France","La France renonce définitivement à la vente et rembourse la Russie. Les deux navires sont revendus à l'Égypte. Pour la France, c'est un manque à gagner et une crise industrielle.",France,"48.86,2.35",https://fr.wikipedia.org/w/index.php?search=Affaire%20des%20Mistral
2015-09-20,crime,documenté,Consigne d'ignorer les viols d'enfants,Afghanistan,Le New York Times rapporte que des soldats ont été priés de ne pas intervenir quand des alliés afghans abusaient de garçons (bacha bazi). Un officier est sanctionné pour avoir frappé un violeur.,Afghanistan,"34.53,69.17",https://en.wikipedia.org/w/index.php?search=Bacha%20bazi%20United%20States%20military
2015-10,info,documenté,Le FBI rencontre les procureurs de Lava Jato,"Curitiba, Brésil","Une délégation du FBI et du ministère américain de la Justice rencontre les procureurs de Lava Jato sans passer par le ministère brésilien de la Justice, révèlent The Intercept et Agência Pública en 2020.",Brésil,"-25.43,-49.27",https://fr.wikipedia.org/w/index.php?search=Op%C3%A9ration%20Lava%20Jato
2015-10-03,crime,reconnu,Hôpital de MSF bombardé à Kunduz,"Kunduz, Afghanistan",Un AC-130 pilonne pendant une heure l'hôpital de Médecins sans frontières ; 42 morts. Le Pentagone parle d'erreur ; aucune poursuite pénale.,Afghanistan,"36.73,68.86",https://fr.wikipedia.org/w/index.php?search=Bombardement%20de%20l%27h%C3%B4pital%20de%20Kunduz
2015-10-12,arme,reconnu,Munitions parachutées aux rebelles,"Province d'Hassaké, Syrie","Des avions C-17 larguent une cinquantaine de tonnes de munitions à la Coalition arabe syrienne, alliée aux milices kurdes, peu après l'abandon du programme « former et équiper ».",Syrie,"36.5,40.75",https://en.wikipedia.org/w/index.php?search=American-led%20intervention%20in%20Syria
2015-10-14,espion,reconnu,Troupes et drones au Cameroun,"Garoua, Cameroun","Barack Obama annonce le déploiement d'environ 300 militaires au Cameroun pour des vols de surveillance contre Boko Haram, depuis la base de Garoua.",Cameroun,"9.3,13.4",https://en.wikipedia.org/w/index.php?search=United%20States%20Cameroon%20deployment%202015%20Garoua%20drones
2015-10-15,crime,documenté,Opération Haymaker,"Kunar et Nouristan, Afghanistan","Selon les « Drone Papers » publiés par The Intercept, près de 90 % des personnes tuées par les frappes sur cinq mois de cette campagne n'étaient pas les cibles visées.",Afghanistan,"35.1,70.9",https://en.wikipedia.org/w/index.php?search=The%20Drone%20Papers%20Operation%20Haymaker
2015-10-20,sabot,reconnu,Crédit agricole paie 787 millions,"Paris, France",La banque française est sanctionnée pour des transactions en dollars avec des pays sous embargo américain.,France,"48.86,2.35",https://en.wikipedia.org/w/index.php?search=Cr%C3%A9dit%20Agricole%20sanctions%20settlement%202015
2015-10-27,arme,reconnu,Première patrouille près des Spratleys,"Récif de Subi, mer de Chine",Le destroyer Lassen passe à moins de 12 milles d'un récif artificiel chinois. C'est la première patrouille de « liberté de navigation » près des îles artificielles chinoises.,Chine,"10.92,114.08",https://en.wikipedia.org/w/index.php?search=Freedom%20of%20navigation%20operations%20South%20China%20Sea
2015-10-30,arme,reconnu,Premières forces spéciales au sol en Syrie,Nord de la Syrie,Obama autorise l'envoi d'une cinquantaine de membres des forces spéciales auprès des milices kurdes et arabes. C'est le début d'une présence au sol qui atteint environ 2 000 soldats en 2017.,Syrie,"36.5,40.75",https://en.wikipedia.org/w/index.php?search=American-led%20intervention%20in%20Syria
2015-11-02,sabot,allégué,General Electric absorbe l'énergie d'Alstom,"Belfort, France",GE finalise le rachat de la branche énergie d'Alstom. Frédéric Pierucci et une commission d'enquête parlementaire y voient l'effet de la pression judiciaire américaine ; GE et Washington le contestent.,France,"47.64,6.86",https://fr.wikipedia.org/w/index.php?search=Affaire%20Alstom
2015-11-04,sabot,reconnu,Deutsche Bank paie 258 millions,"Francfort, Allemagne","Deutsche Bank paie 258 millions de dollars, dont 200 millions au régulateur de New York et 58 millions à la Réserve fédérale, pour des transactions avec l'Iran, la Libye, la Syrie, la Birmanie et le Soudan.",Allemagne,"50.11,8.68",https://en.wikipedia.org/w/index.php?search=Deutsche%20Bank%20sanctions%202015
2015-11-13,mort,reconnu,Frappe sur Abou Nabil al-Anbari à Derna,"Derna, Libye","Une frappe de F-15 américains tue à Derna l'Irakien Abou Nabil al-Anbari, chef de l'État islamique en Libye, selon le Pentagone.",Libye,"32.76,22.64",https://en.wikipedia.org/w/index.php?search=Abu%20Nabil%20al-Anbari
2015-11-25,arme,reconnu,Création de l'initiative USAI,"Kyiv, Ukraine","La loi de programmation militaire pour 2016 crée l'Ukraine Security Assistance Initiative, dotée de 300 millions de dollars, pour former et équiper les forces ukrainiennes.",Ukraine,"50.45,30.52",https://crsreports.congress.gov/product/pdf/IF/IF12040
2015-12-22,sabot,reconnu,Extension des sanctions de 2014,"Moscou, Russie","Le Trésor ajoute plusieurs dizaines de personnes et d'entités, dont des filiales de banques déjà visées et des entreprises actives en Crimée, aux listes de sanctions liées à l'Ukraine.",Russie,"55.75,37.62",https://ofac.treasury.gov/sanctions-programs-and-country-information/ukraine-russia-related-sanctions
2015-12-29,espion,documenté,Netanyahu écouté pendant l'accord iranien,"Jérusalem, Israël","Selon le Wall Street Journal, la NSA a intercepté les communications de Netanyahu et de ses conseillers pendant les négociations sur le nucléaire iranien, y compris leurs échanges avec des élus américains.",Israël,"31.77,35.21",https://fr.wikipedia.org/w/index.php?search=Benjamin%20Netanyahu
2016,arme,reconnu,Base d'al-Tanf,"Al-Tanf, Syrie","Les forces américaines s'installent à al-Tanf, près des frontières irakienne et jordanienne, et imposent une zone d'exclusion de 55 km. La garnison, installée sans accord de Damas, bloque la route Bagdad-Damas.",Syrie,"33.5,38.63",https://en.wikipedia.org/w/index.php?search=Al-Tanf%20%28US%20military%20base%29
2016-02,cyber,documenté,Plan de cyberguerre Nitro Zeus,"Téhéran, Iran","Le New York Times révèle un plan préparé sous Obama pour paralyser par cyberattaque les défenses, les réseaux électriques et les communications de l'Iran en cas de guerre.",Iran,"35.69,51.39",https://en.wikipedia.org/w/index.php?search=Nitro%20Zeus
2016-02-18,sabot,reconnu,Loi de sanctions renforcées contre le Nord,"Pyongyang, Corée du Nord","Obama signe le North Korea Sanctions and Policy Enhancement Act, qui rend obligatoires des sanctions contre les personnes liées aux programmes d'armement, au commerce de minerais et aux violations des droits humains.",Corée du Nord,"39.03,125.75",https://en.wikipedia.org/w/index.php?search=North%20Korea%20Sanctions%20and%20Policy%20Enhancement%20Act%20of%202016
2016-02-19,crime,reconnu,Frappe de Sabratha,"Sabratha, Libye","Des F-15 américains frappent un camp de l'État islamique ; parmi les dizaines de morts figurent deux otages serbes, employés de l'ambassade de Serbie.",Libye,"32.79,12.49",https://en.wikipedia.org/w/index.php?search=Sabratha%20airstrike
2016-02-23,espion,documenté,Berlusconi et Ban Ki-moon écoutés,"Rome, Italie",WikiLeaks publie des interceptions de la NSA visant Silvio Berlusconi et un entretien entre Ban Ki-moon et Angela Merkel sur le climat.,Italie; Allemagne,"41.9,12.5; 52.52,13.4",https://en.wikipedia.org/w/index.php?search=WikiLeaks%20NSA%20Berlusconi%20Ban%20Ki-moon
2016-02-23,espion,documenté,Le HCR et l'OMC écoutés à Genève,"Genève, Suisse",Des sélecteurs de la NSA publiés par WikiLeaks montrent l'interception durable des téléphones suisses du chef de cabinet du Haut-Commissaire aux réfugiés et du directeur des règles de l'OMC. Révélé par WikiLeaks en 2016.,Suisse,"46.2,6.14",https://www.helpnetsecurity.com/2016/02/24/nsa-spied-on-world-leaders-un-eu-officials/
2016-02-23,espion,documenté,La commissaire européenne à l'Agriculture écoutée,"Bruxelles, Belgique",Une interception de la NSA rapporte un échange entre Mariann Fischer Boel et le ministre japonais Toshikatsu Matsuoka sur leurs lignes rouges face aux États-Unis au cycle de Doha. Révélé par WikiLeaks en 2016.,Union européenne (Bruxelles),"50.85,4.35",https://www.theglobalist.com/japan-us-wikileaks-tpp-trade/
2016-03-05,arme,reconnu,Frappe sur le camp Raso,"Raso, Somalie",Des avions et drones américains frappent un camp d'entraînement des shebab au nord de Mogadiscio. Le Pentagone annonce environ 150 combattants tués.,Somalie,"3.8,45.3",https://en.wikipedia.org/w/index.php?search=Raso%20Camp%20airstrike
2016-03-15,crime,documenté,Marché de Mastaba bombardé,"Hajja, Yémen",Une frappe de la coalition saoudienne tue 97 civils sur un marché. Human Rights Watch identifie une bombe guidée de fabrication américaine.,Yémen,"16.1,43.35",https://en.wikipedia.org/w/index.php?search=Mastaba%20market%20airstrike
2016-03-29,info,reconnu,Biden obtient le renvoi du procureur Chokine,"Kiev, Ukraine","Joe Biden conditionne une garantie de prêt d'un milliard de dollars au départ du procureur général Viktor Chokine, que la Rada limoge. L'UE et le FMI réclamaient aussi son départ.",Ukraine,"50.45,30.52",https://fr.wikipedia.org/w/index.php?search=Viktor%20Chokine
2016-04,info,allégué,Panama Papers : Moscou accuse Washington,"Moscou, Russie","Poutine présente les révélations sur son entourage comme une provocation d'institutions américaines ; WikiLeaks souligne que l'OCCRP, partenaire de l'enquête, reçoit des fonds de l'USAID. Le département d'État dément toute implication dans la fuite.",Russie,"55.75,37.62",https://fr.wikipedia.org/w/index.php?search=Panama%20Papers
2016-04-28,crime,reconnu,Meurtre de Shimabukuro Rina,"Uruma, Okinawa, Japon","Une femme de 20 ans est violée et tuée par Kenneth Shinzato, ancien marine employé civil de la base de Kadena. Il est condamné à la perpétuité. L'affaire relance la contestation des bases.",Japon,"26.38,127.86",https://en.wikipedia.org/w/index.php?search=Murder%20of%20Rina%20Shimabukuro
2016-05-21,mort,reconnu,Mollah Mansour tué au Baloutchistan,"Ahmad Wal, Pakistan","Un drone américain tue le chef des talibans afghans sur une route du Baloutchistan, première frappe hors des zones tribales.",Pakistan,"29.4,65.9",https://fr.wikipedia.org/w/index.php?search=Akhtar%20Mansour
2016-06-30,sabot,reconnu,Loi PROMESA,"San Juan, Porto Rico","Le Congrès impose à Porto Rico un conseil de contrôle budgétaire non élu, doté du pouvoir d'imposer l'austérité et de restructurer la dette.",Porto Rico,"18.47,-66.11",https://en.wikipedia.org/w/index.php?search=PROMESA
2016-07-06,sabot,reconnu,Kim Jong-un sanctionné personnellement,"Pyongyang, Corée du Nord",Le Trésor inscrit Kim Jong-un sur sa liste de sanctions pour violations des droits humains. C'est la première fois qu'il est visé nommément.,Corée du Nord,"39.03,125.75",https://fr.wikipedia.org/w/index.php?search=Kim%20Jong-un
2016-07-15,coup,allégué,Tentative de putsch en Turquie,"Ankara, Turquie","Des ministres turcs accusent les États-Unis, où vit le prédicateur Fethullah Gülen désigné comme cerveau du putsch. Washington dément.",Turquie,"39.93,32.86",https://fr.wikipedia.org/w/index.php?search=Tentative%20de%20coup%20d%27%C3%89tat%20de%202016%20en%20Turquie
2016-07-19,crime,reconnu,Massacre de Tokhar,"Tokhar, Syrie",Des frappes de la coalition près de Manbij tuent des dizaines de civils qui fuyaient les combats. Le Pentagone en reconnaît 24 ; des ONG en comptent plus de 70.,Syrie,"36.62,37.9",https://en.wikipedia.org/w/index.php?search=Tokhar%20airstrike
2016-08-01,arme,reconnu,Frappes sur Syrte,"Syrte, Libye",Opération Odyssey Lightning : des centaines de frappes américaines appuient les milices de Misrata contre l'État islamique à Syrte.,Libye,"31.21,16.59",https://en.wikipedia.org/w/index.php?search=Operation%20Odyssey%20Lightning
2016-08-31,coup,allégué,Destitution de Dilma Rousseff,"Brasília, Brésil",Le Parti des travailleurs parle de coup institutionnel et certains y voient une main américaine ; aucun rôle américain n'est démontré.,Brésil,"-15.79,-47.88",https://fr.wikipedia.org/w/index.php?search=Proc%C3%A9dure%20de%20destitution%20de%20Dilma%20Rousseff
2016-09,espion,documenté,Menwith Hill et les frappes ciblées,"Harrogate, Royaume-Uni","La base de la NSA dans le Yorkshire localise par satellite les téléphones de cibles et appuie « un nombre important » d'opérations « capturer-tuer », en Irak, en Afghanistan et au Yémen. Révélé par The Intercept en septembre 2016.",Yémen; Afghanistan; Irak,"15.35,44.21; 34.53,69.18; 33.31,44.37",https://theintercept.com/2016/09/06/nsa-menwith-hill-targeted-killing-surveillance/
2016-09-01,sabot,reconnu,Constructeurs du pont de Crimée visés,"Moscou, Russie",Le Trésor sanctionne des entreprises impliquées dans la construction du pont de Kertch et des filiales de Gazprom et de banques russes déjà visées.,Russie,"55.75,37.62",https://ofac.treasury.gov/sanctions-programs-and-country-information/ukraine-russia-related-sanctions
2016-09-17,arme,reconnu,Frappe sur l'armée syrienne à Deir ez-Zor,"Deir ez-Zor, Syrie",Des avions de la coalition bombardent des positions de l'armée syrienne et tuent des dizaines de soldats. Washington parle d'une erreur ; la trêve russo-américaine s'effondre.,Syrie,"35.28,40.18",https://en.wikipedia.org/w/index.php?search=September%202016%20Deir%20ez-Zor%20air%20raid
2016-09-28,crime,documenté,Soldats somaliens tués près de Galkayo,"Galkayo, Somalie","Une frappe américaine présentée comme visant les shebab tue, selon les autorités du Galmudug, une vingtaine de leurs soldats et civils. L'AFRICOM ouvre une enquête.",Somalie,"6.77,47.43",https://en.wikipedia.org/w/index.php?search=Galkayo%20airstrike%20September%202016
2016-10,sabot,reconnu,Embraer paie 206 millions à Washington,"São José dos Campos, Brésil","L'avionneur brésilien conclut un accord avec le ministère américain de la Justice et la SEC pour des faits de corruption à l'étranger, au titre de la loi FCPA.",Brésil,"-23.18,-45.88",https://en.wikipedia.org/w/index.php?search=Embraer%20FCPA%20settlement%202016
2016-10-05,info,reconnu,Rapport sur l'extraterritorialité,"Paris, France",Le rapport parlementaire Berger-Lellouche décrit l'extraterritorialité du droit américain comme une arme économique contre les entreprises européennes.,France,"48.86,2.35",https://fr.wikipedia.org/w/index.php?search=Extraterritorialit%C3%A9%20du%20droit%20am%C3%A9ricain
2016-10-08,crime,documenté,Salle funéraire de Sanaa bombardée,"Sanaa, Yémen",La coalition saoudienne bombarde des funérailles et tue plus de 100 personnes. Human Rights Watch identifie une bombe guidée de fabrication américaine.,Yémen,"15.33,44.2",https://en.wikipedia.org/w/index.php?search=2016%20Sanaa%20funeral%20airstrike
2016-10-13,arme,reconnu,Frappes sur des radars houthis,"Côte de la mer Rouge, Yémen","Le destroyer USS Nitze tire des missiles Tomahawk sur trois sites radar houthis, après des tirs de missiles vers des navires américains.",Yémen,"14.4,42.9",https://en.wikipedia.org/w/index.php?search=October%202016%20missile%20strikes%20against%20Yemen
2016-10-17,crime,reconnu,Bombardements de Mossoul,"Mossoul, Irak","La coalition appuie par les airs la reprise de Mossoul par l'armée irakienne. Une enquête d'AP estime à plus de 9 000 les civils tués, par tous les camps.",Irak,"36.34,43.13",https://fr.wikipedia.org/w/index.php?search=Bataille%20de%20Mossoul%20%282016-2017%29
2016-11-03,crime,reconnu,Frappe de Boz Qandahari à Kunduz,"Boz Qandahari, Kunduz, Afghanistan","Des frappes américaines en soutien à des forces afghanes et américaines tuent 33 civils selon le Pentagone, qui reconnaît les faits mais les juge conformes au droit.",Afghanistan,"36.75,68.8",https://en.wikipedia.org/w/index.php?search=2016%20Kunduz%20airstrike%20Boz%20Qandahari
2016-12-21,sabot,reconnu,Amende record pour Odebrecht et Braskem,"São Paulo, Brésil","Les deux groupes plaident coupable devant la justice américaine et acceptent environ 3,5 milliards de dollars de pénalités, partagées entre les États-Unis, le Brésil et la Suisse. Odebrecht ne s'en remettra pas.",Brésil,"-23.55,-46.63",https://fr.wikipedia.org/w/index.php?search=Odebrecht%20scandale%20de%20corruption
2016-12-29,sabot,reconnu,Expulsion de 35 diplomates russes,"Washington, États-Unis","Obama expulse 35 diplomates, ferme deux propriétés russes et sanctionne le GRU et le FSB en représailles à l'ingérence dans la présidentielle américaine.",Russie,"55.75,37.62",https://fr.wikipedia.org/w/index.php?search=Ing%C3%A9rence%20russe%20dans%20l%27%C3%A9lection%20pr%C3%A9sidentielle%20am%C3%A9ricaine%20de%202016
2017,coup,documenté,Rencontres secrètes avec des officiers putschistes,Venezuela,"Selon le New York Times, des responsables américains ont rencontré à plusieurs reprises en 2017 et 2018 des officiers vénézuéliens qui préparaient un coup, sans leur apporter d'aide matérielle. Washington ne dément pas.",Venezuela,"10.5,-66.9",https://en.wikipedia.org/w/index.php?search=United%20States%20involvement%20in%20Venezuela%20coup%20plot%202018%20New%20York%20Times
2017,espion,documenté,Assange espionné à l'ambassade d'Équateur,"Londres, Royaume-Uni","La société espagnole UC Global, chargée de la sécurité, filme Assange et ses avocats. La justice espagnole enquête sur la transmission de ces données au renseignement américain.",Royaume-Uni (ambassade d'Équateur); Équateur,"51.5,-0.16; -0.18,-78.47",https://en.wikipedia.org/w/index.php?search=UC%20Global%20Assange
2017,mort,documenté,Plans de la CIA pour enlever Assange,"Londres, Royaume-Uni","Selon Yahoo News (2021), la CIA de Mike Pompeo envisage d'enlever, voire de tuer Julian Assange, réfugié à l'ambassade d'Équateur. La CIA ne dément pas.",Royaume-Uni (ambassade d'Équateur); Équateur,"51.5,-0.16; -0.18,-78.47",https://fr.wikipedia.org/w/index.php?search=Julian%20Assange
2017,espion,documenté,Exfiltration d'Oleg Smolenkov,"Moscou, Russie","Selon CNN et le New York Times, la CIA exfiltre un de ses informateurs au sein de l'administration présidentielle russe, présenté comme proche de Iouri Ouchakov.",Russie,"55.75,37.62",https://en.wikipedia.org/w/index.php?search=Oleg%20Smolenkov
2017-01-17,sabot,reconnu,Rolls-Royce paie 170 millions aux États-Unis,"Londres, Royaume-Uni","Dans un règlement global d'environ 800 millions de dollars, Rolls-Royce verse 170 millions au département de la Justice pour des pots-de-vin à l'étranger.",Royaume-Uni,"51.51,-0.13",https://en.wikipedia.org/w/index.php?search=Rolls-Royce%20bribery
2017-01-18,arme,reconnu,B-2 contre deux camps de l'EI,"Syrte, Libye",Deux bombardiers B-2 frappent deux camps de l'État islamique au sud-ouest de Syrte. Le Pentagone annonce plus de 80 combattants tués.,Libye,"30.9,16.3",https://en.wikipedia.org/w/index.php?search=Operation%20Odyssey%20Lightning
2017-01-29,crime,reconnu,Raid de Yakla,"Al-Bayda, Yémen","Premier raid ordonné par Trump : l'assaut de Navy SEAL appuyé par des frappes aériennes tue des civils, dont Nawar al-Awlaki, 8 ans, citoyenne américaine. Un Navy SEAL est tué par les combattants.",Yémen,"14.4,45.0",https://fr.wikipedia.org/w/index.php?search=Raid%20de%20Yakla
2017-02-03,sabot,reconnu,Sanctions après un essai de missile iranien,"Téhéran, Iran",Le Trésor sanctionne 25 personnes et entités liées au programme balistique iranien et à la Force Qods après un essai de missile.,Iran,"35.69,51.39",https://en.wikipedia.org/wiki/United_States_sanctions_against_Iran
2017-02-13,sabot,reconnu,Le vice-président El Aissami sanctionné,"Caracas, Venezuela",Le Trésor inscrit le vice-président Tareck El Aissami sur la liste des trafiquants de drogue au titre de la loi Kingpin et gèle ses avoirs.,Venezuela,"10.5,-66.9",https://fr.wikipedia.org/w/index.php?search=Tareck%20El%20Aissami
2017-03,arme,reconnu,Somalie en « zone d'hostilités actives »,Somalie,"Donald Trump déclare le sud de la Somalie « zone d'hostilités actives », ce qui assouplit les règles d'engagement et dispense les frappes de l'aval de la Maison-Blanche. Le nombre de frappes augmente fortement.",Somalie,"2.04,45.34",https://en.wikipedia.org/w/index.php?search=American%20military%20intervention%20in%20Somalia%20%282007%E2%80%93present%29
2017-03,crime,documenté,École d'al-Mansoura bombardée,"Al-Mansoura, Syrie",Une frappe de la coalition touche une école abritant des déplacés près de Raqqa dans la nuit du 20 au 21 mars. La commission d'enquête de l'ONU fait état de jusqu'à 150 morts. Le commandement américain dit n'avoir trouvé aucune preuve de victimes civiles.,Syrie,"35.83,38.77",https://en.wikipedia.org/w/index.php?search=Al-Mansoura%20school%20airstrike
2017-03-07,cyber,documenté,"Francfort, base de piratage de la CIA","Francfort, Allemagne","Les documents Vault 7 publiés par WikiLeaks montrent que le consulat américain de Francfort sert de base aux pirates de la CIA pour l'Europe, le Moyen-Orient et l'Afrique.",Allemagne,"50.11,8.68",https://fr.wikipedia.org/w/index.php?search=Vault%207
2017-03-16,crime,reconnu,Frappe sur la mosquée d'al-Jinah,"Al-Jinah, Syrie",Des frappes américaines touchent un complexe religieux pendant la prière et tuent des dizaines de personnes. Washington reconnaît la frappe mais conteste qu'il s'agissait d'une mosquée.,Syrie,"36.12,36.83",https://en.wikipedia.org/w/index.php?search=2017%20al-Jinah%20airstrike
2017-03-17,crime,reconnu,Frappe d'al-Jadida,"Mossoul, Irak","Une bombe américaine sur un immeuble du quartier al-Jadida provoque son effondrement. Le Pentagone reconnaît 105 civils tués, la plus meurtrière de la campagne.",Irak,"36.33,43.1",https://en.wikipedia.org/w/index.php?search=March%202017%20Mosul%20airstrike
2017-03-31,cyber,documenté,"Marble, outil de fausse attribution",Monde,"Le code source du cadre Marble de la CIA masque les traces de ses logiciels et prévoit d'insérer du chinois, du russe, du coréen, de l'arabe ou du persan pour égarer les enquêteurs. Révélé par WikiLeaks dans Vault 7 en mars 2017.",Chine; Russie; Iran,"39.9,116.4; 55.75,37.62; 35.69,51.39",https://securityaffairs.com/57586/intelligence/vault7-marble-framework.html
2017-04-07,arme,reconnu,Missiles sur la base de Chayrat,"Chayrat, Syrie","En réponse à l'attaque chimique de Khan Cheikhoun, 59 missiles Tomahawk frappent une base aérienne syrienne.",Syrie,"34.49,36.91",https://fr.wikipedia.org/w/index.php?search=Frappe%20de%20Chayrat
2017-04-13,arme,reconnu,« Mère de toutes les bombes » à Achin,"Achin, Nangarhar, Afghanistan",L'armée américaine largue pour la première fois au combat une GBU-43 de 10 tonnes sur des tunnels de l'État islamique.,Afghanistan,"34.08,70.7",https://en.wikipedia.org/w/index.php?search=2017%20Nangarhar%20airstrike
2017-04-14,cyber,documenté,EastNets et SWIFT piratés,"Dubaï, Émirats arabes unis","Les fuites des Shadow Brokers montrent que la NSA a pénétré EastNets, prestataire SWIFT de banques du Moyen-Orient, pour suivre des flux financiers.",Émirats arabes unis,"25.2,55.27",https://en.wikipedia.org/w/index.php?search=The%20Shadow%20Brokers%20EastNets
2017-04-24,sabot,reconnu,Droits sur le bois d'œuvre canadien,"Ottawa, Canada","Washington impose de nouveaux droits compensateurs sur le bois d'œuvre résineux, relançant un conflit commercial vieux de plusieurs décennies.",Canada,"45.42,-75.7",https://en.wikipedia.org/w/index.php?search=Canada%E2%80%93United%20States%20softwood%20lumber%20dispute
2017-04-24,sabot,reconnu,271 employés du centre de recherche syrien visés,"Damas, Syrie","Après l'attaque au sarin de Khan Cheikhoun, le Trésor sanctionne 271 employés du Centre d'études et de recherches scientifiques syrien.",Syrie,"33.51,36.29",https://en.wikipedia.org/wiki/Scientific_Studies_and_Research_Center
2017-05-12,cyber,documenté,WannaCry et EternalBlue,Monde entier,"Le rançongiciel, attribué à la Corée du Nord, infecte plus de 200 000 ordinateurs, dont ceux du NHS britannique, grâce à EternalBlue, un outil de la NSA volé et divulgué.",Royaume-Uni; Espagne; Russie; Chine,"51.5,-0.13; 40.42,-3.7; 55.75,37.62; 39.9,116.4",https://fr.wikipedia.org/w/index.php?search=WannaCry
2017-05-18,sabot,reconnu,Juges de la Cour suprême sanctionnés,"Caracas, Venezuela",Washington sanctionne huit magistrats du Tribunal suprême de justice après leur décision de s'arroger les pouvoirs de l'Assemblée nationale.,Venezuela,"10.5,-66.9",https://fr.wikipedia.org/w/index.php?search=Tribunal%20supr%C3%AAme%20de%20justice%20du%20Venezuela
2017-05-18,arme,reconnu,Frappe sur un convoi près d'al-Tanf,"Al-Tanf, Syrie",Des avions de la coalition frappent un convoi de forces pro-gouvernementales syriennes qui s'approche de la base d'al-Tanf. D'autres frappes du même type suivent en juin.,Syrie,"33.5,38.63",https://en.wikipedia.org/w/index.php?search=Al-Tanf%20%28US%20military%20base%29
2017-05-20,arme,reconnu,Contrat d'armes géant avec Riyad,"Riyad, Arabie saoudite","Lors de sa visite, Trump annonce des ventes d'armes de 110 milliards de dollars à l'Arabie saoudite, alors engagée dans la guerre au Yémen.",Arabie saoudite,"24.71,46.72",https://en.wikipedia.org/w/index.php?search=2017%20United%20States%E2%80%93Saudi%20Arabia%20arms%20deal
2017-06,coup,reconnu,Archives officielles sur le coup de 1953,"Washington, États-Unis","Le département d'État publie le volume des Foreign Relations of the United States consacré à l'Iran de 1951 à 1954, qui détaille le rôle de la CIA.",Iran,"35.69,51.39",https://fr.wikipedia.org/w/index.php?search=Coup%20d%27%C3%89tat%20de%201953%20en%20Iran
2017-06,arme,reconnu,Appui américain au siège de Marawi,"Marawi, Philippines","Des forces spéciales américaines fournissent renseignement, surveillance aérienne et appui technique à l'armée philippine contre les groupes ralliés à l'État islamique. Les combats et bombardements laissent la ville détruite.",Philippines,"8.0,124.29",https://en.wikipedia.org/w/index.php?search=Battle%20of%20Marawi
2017-06,crime,documenté,Phosphore blanc sur Raqqa,"Raqqa, Syrie",Human Rights Watch et Amnesty International documentent l'usage de munitions au phosphore blanc par la coalition dans des zones habitées de Raqqa. La coalition affirme les employer conformément au droit de la guerre.,Syrie,"35.95,39.01",https://fr.wikipedia.org/w/index.php?search=Bataille%20de%20Raqqa%20%282017%29
2017-06-06,crime,reconnu,Bataille de Raqqa,"Raqqa, Syrie",Les Forces démocratiques syriennes reprennent Raqqa sous un déluge de frappes et d'obus de la coalition. Amnesty et Airwars comptent environ 1 600 civils tués ; la ville est détruite à 80 %.,Syrie,"35.95,39.01",https://fr.wikipedia.org/w/index.php?search=Bataille%20de%20Raqqa%20%282017%29
2017-06-16,sabot,reconnu,Trump revient sur l'ouverture d'Obama,"Miami, États-Unis",Trump signe à Miami un mémorandum qui restreint les voyages individuels et interdit les transactions avec le conglomérat militaire GAESA. La liste des entités cubaines prohibées suit en novembre.,Cuba,"23.11,-82.37",https://en.wikipedia.org/w/index.php?search=Cuban%20thaw%20Trump%202017%20memorandum
2017-06-18,arme,reconnu,Un Su-22 syrien abattu,"Près de Tabqa, Syrie",Un F/A-18 de l'US Navy abat un avion de combat syrien qui avait bombardé des positions des Forces démocratiques syriennes. C'est la première victoire air-air américaine depuis 1999.,Syrie,"35.9,38.55",https://en.wikipedia.org/w/index.php?search=2017%20shootdown%20of%20a%20Syrian%20Air%20Force%20Su-22
2017-06-22,crime,documenté,Prisons secrètes des Émirats,"Aden, Yémen","Associated Press révèle un réseau de prisons secrètes gérées par les Émirats, où la torture est courante. Des militaires américains y ont participé à des interrogatoires, sans preuve qu'ils y aient assisté aux sévices.",Yémen,"12.79,45.03",https://en.wikipedia.org/w/index.php?search=UAE%20secret%20prisons%20Yemen
2017-06-27,cyber,documenté,NotPetya et EternalBlue,"Kyiv, Ukraine","Le logiciel destructeur, attribué au renseignement militaire russe, paralyse l'Ukraine puis Maersk ou Saint-Gobain en réutilisant EternalBlue, outil volé à la NSA.",Ukraine; Danemark; France,"50.45,30.52; 55.68,12.57; 48.86,2.35",https://fr.wikipedia.org/w/index.php?search=NotPetya
2017-06-29,sabot,reconnu,La banque chinoise de Dandong coupée du dollar,"Dandong, Chine",Le Trésor coupe la Bank of Dandong du système financier américain pour blanchiment au profit de la Corée du Nord.,Chine,"40.12,124.35",https://en.wikipedia.org/wiki/Sanctions_against_North_Korea
2017-07,info,reconnu,Le DOJ vante sa coopération « informelle »,"Washington, à propos du Brésil","Kenneth Blanco, haut responsable du ministère américain de la Justice, cite devant l'Atlantic Council la coopération informelle avec les procureurs brésiliens, en évoquant la condamnation de Lula.",Brésil,"-15.79,-47.88",https://en.wikipedia.org/w/index.php?search=Operation%20Car%20Wash%20United%20States%20Department%20of%20Justice%20cooperation
2017-07-26,sabot,reconnu,Treize responsables sanctionnés,"Caracas, Venezuela","Avant l'élection de l'Assemblée constituante, le Trésor sanctionne treize responsables civils et militaires vénézuéliens.",Venezuela,"10.5,-66.9",https://en.wikipedia.org/w/index.php?search=International%20sanctions%20during%20the%20Venezuelan%20crisis
2017-07-31,sabot,reconnu,Nicolás Maduro sanctionné personnellement,"Caracas, Venezuela","Au lendemain de l'élection de l'Assemblée constituante, le Trésor gèle les avoirs de Maduro, qualifié de « dictateur ».",Venezuela,"10.5,-66.9",https://en.wikipedia.org/w/index.php?search=International%20sanctions%20during%20the%20Venezuelan%20crisis
2017-08,sabot,reconnu,Sanctions financières contre le Venezuela,"Caracas, Venezuela",Un décret de Donald Trump interdit au Venezuela et à PDVSA de refinancer leur dette sur les marchés américains. Des économistes leur imputent une aggravation de la crise.,Venezuela,"10.49,-66.9",https://en.wikipedia.org/w/index.php?search=International%20sanctions%20during%20the%20Venezuelan%20crisis
2017-08-02,sabot,reconnu,Loi CAATSA,"Washington, États-Unis",Trump signe à contrecœur une loi du Congrès qui durcit les sanctions contre la Russie et menace de sanctions les pays qui achètent ses armes.,Russie,"55.75,37.62",https://en.wikipedia.org/w/index.php?search=Countering%20America%27s%20Adversaries%20Through%20Sanctions%20Act
2017-08-08,arme,reconnu,Menace du « feu et de la fureur »,"Pyongyang, Corée du Nord","Donald Trump menace la Corée du Nord « du feu et de la fureur comme le monde n'en a jamais vu ». En septembre, à l'ONU, il évoque sa « destruction totale ».",Corée du Nord,"39.03,125.75",https://en.wikipedia.org/w/index.php?search=2017%E2%80%932018%20North%20Korea%20crisis
2017-08-11,coup,reconnu,Trump évoque une « option militaire »,"Bedminster, États-Unis","Donald Trump déclare publiquement qu'il n'exclut pas une « option militaire » au Venezuela. Selon la presse, il interroge aussi ses conseillers sur une invasion.",Venezuela,"10.5,-66.9",https://fr.wikipedia.org/w/index.php?search=Crise%20pr%C3%A9sidentielle%20v%C3%A9n%C3%A9zu%C3%A9lienne%20de%202019
2017-08-25,crime,documenté,Raid de Bariire,"Bariire, Somalie","Des forces somaliennes accompagnées de soldats américains tuent dix civils, dont des enfants, dans ce village du Bas-Chébéli. Des anciens accusent le raid ; l'AFRICOM rejette toute faute.",Somalie,"2.0,44.9",https://en.wikipedia.org/w/index.php?search=Bariire%20raid
2017-09,cyber,documenté,Cyber Command contre Pyongyang,"Pyongyang, Corée du Nord","Selon le Washington Post, le Cyber Command mène une attaque par déni de service contre les serveurs du renseignement militaire nord-coréen.",Corée du Nord,"39.02,125.75",https://en.wikipedia.org/w/index.php?search=US%20Cyber%20Command%20North%20Korea%20RGB%20denial%20of%20service%202017
2017-09-01,sabot,reconnu,Interdiction de voyager en Corée du Nord,"Pyongyang, Corée du Nord","L'interdiction faite aux citoyens américains de se rendre en Corée du Nord entre en vigueur, après la mort d'Otto Warmbier.",Corée du Nord,"39.03,125.75",https://en.wikipedia.org/wiki/Sanctions_against_North_Korea
2017-09-21,sabot,reconnu,Sanctions secondaires contre le Nord,"Pyongyang, Corée du Nord",Le décret présidentiel 13810 permet de sanctionner toute banque ou entreprise étrangère commerçant avec la Corée du Nord.,Corée du Nord,"39.03,125.75",https://en.wikipedia.org/w/index.php?search=Sanctions%20against%20North%20Korea
2017-09-21,sabot,reconnu,Telia paie 965 millions,"Stockholm, Suède","L'opérateur suédois règle 965 millions de dollars avec les autorités américaines, néerlandaises et suédoises pour des pots-de-vin en Ouzbékistan.",Suède,"59.33,18.07",https://en.wikipedia.org/w/index.php?search=Telia%20Uzbekistan%20bribery
2017-10,mort,reconnu,Capture de Mustafa al-Imam,"Misrata, Libye","Des forces spéciales américaines capturent en Libye un suspect de l'attaque de Benghazi de 2012 et l'emmènent aux États-Unis, où il est condamné.",Libye,"32.38,15.09",https://en.wikipedia.org/w/index.php?search=Mustafa%20al-Imam
2017-10-03,info,reconnu,« Syndrome de La Havane » et expulsions,"Washington, États-Unis","Après des troubles de santé chez ses diplomates, Washington réduit son ambassade et expulse 15 diplomates cubains. En 2023, le renseignement américain juge très improbable l'implication d'un adversaire étranger.",Cuba,"23.11,-82.37",https://en.wikipedia.org/w/index.php?search=Havana%20syndrome
2017-10-04,arme,reconnu,Embuscade de Tongo Tongo,"Tongo Tongo, Niger",Quatre soldats américains et quatre Nigériens sont tués par l'État islamique au Grand Sahara. L'affaire révèle aux Américains l'ampleur de leurs opérations au Niger.,Niger,"14.63,1.35",https://en.wikipedia.org/w/index.php?search=Tongo%20Tongo%20ambush
2017-10-13,sabot,reconnu,Les Gardiens de la révolution sanctionnés,"Téhéran, Iran","Après le refus de Trump de certifier l'accord nucléaire, le Trésor désigne le corps des Gardiens de la révolution au titre du décret antiterroriste 13224.",Iran,"35.69,51.39",https://en.wikipedia.org/wiki/United_States_sanctions_against_Iran
2017-11-08,sabot,reconnu,Liste noire des entreprises cubaines,"La Havane, Cuba","Le département d'État publie une liste d'entités liées à l'armée et aux services cubains avec lesquelles les Américains ne peuvent plus traiter, dont des hôtels.",Cuba,"23.11,-82.37",https://en.wikipedia.org/wiki/United_States_embargo_against_Cuba
2017-11-09,cyber,documenté,La CIA se fait passer pour Kaspersky,"Moscou, Russie",Le code de l'outil Hive montre que la CIA a forgé de faux certificats au nom de Kaspersky Lab pour que ses exfiltrations de données soient imputées à d'autres. Eugène Kaspersky confirme qu'ils sont faux. Révélé par WikiLeaks (Vault 8) en 2017.,Russie,"55.75,37.62",https://www.securityweek.com/wikileaks-says-cia-impersonated-kaspersky-lab/
2017-11-20,sabot,reconnu,Le Nord de nouveau classé État terroriste,"Pyongyang, Corée du Nord","Trump réinscrit la Corée du Nord sur la liste des États soutenant le terrorisme, en invoquant notamment l'assassinat de Kim Jong-nam.",Corée du Nord,"39.03,125.75",https://en.wikipedia.org/w/index.php?search=State%20Sponsors%20of%20Terrorism
2017-11-28,info,reconnu,Certification pendant la crise électorale,"Tegucigalpa, Honduras","Deux jours après une présidentielle contestée, le département d'État certifie que le Honduras lutte contre la corruption et respecte les droits humains, débloquant des fonds.",Honduras,"14.07,-87.21",https://en.wikipedia.org/w/index.php?search=2017%20Honduran%20general%20election
2017-12-18,info,reconnu,Veto sur le statut de Jérusalem,"Conseil de sécurité, New York","Seuls contre quatorze, les États-Unis bloquent un projet invalidant toute décision sur le statut de Jérusalem, après la reconnaissance de la ville comme capitale d'Israël par Trump.",Palestine,"31.78,35.23",https://en.wikipedia.org/w/index.php?search=List%20of%20vetoed%20United%20Nations%20Security%20Council%20resolutions
2017-12-22,arme,reconnu,Trump autorise des armes létales pour Kyiv,"Kyiv, Ukraine","Le département d'État confirme que les États-Unis fourniront des « capacités défensives renforcées » à l'Ukraine, ouvrant la voie à la vente de missiles Javelin refusée sous Obama.",Ukraine,"50.45,30.52",https://www.politifact.com/factchecks/2024/jul/02/tom-cotton/what-sen-tom-cotton-omits-in-claim-about-weapons-s/
2017-12-22,info,reconnu,Washington reconnaît Juan Orlando Hernández,"Tegucigalpa, Honduras","Malgré les irrégularités relevées par l'OEA, qui demande un nouveau scrutin, les États-Unis reconnaissent la réélection de Hernández. La répression des manifestations fait plus de 20 morts.",Honduras,"14.07,-87.21",https://en.wikipedia.org/w/index.php?search=2017%20Honduran%20general%20election
2017-12-22,sabot,reconnu,Résolution 2397 sur le pétrole,"Pyongyang, Corée du Nord",Le Conseil de sécurité adopte un texte rédigé par Washington qui plafonne les produits pétroliers raffinés à 500 000 barils par an. Des agences de l'ONU signalent ensuite des effets sur l'aide humanitaire.,Corée du Nord,"39.03,125.75",https://en.wikipedia.org/w/index.php?search=United%20Nations%20Security%20Council%20Resolution%202397
2018-01,info,reconnu,Groupe de travail sur l'Internet à Cuba,"Washington, États-Unis",Le département d'État crée un groupe de travail pour étendre l'accès à Internet non contrôlé par l'État cubain. La Havane y voit un outil de subversion.,Cuba,"23.11,-82.37",https://en.wikipedia.org/w/index.php?search=Cuba%20Internet%20Task%20Force
2018-02,sabot,documenté,Missiles SCALP bloqués pour l'Égypte,"Paris, France","Washington refuse la licence d'exportation ITAR d'un composant américain du missile SCALP, ce qui bloque la vente de ces missiles et freine un nouveau contrat de Rafale avec l'Égypte.",France; Égypte,"48.86,2.35; 30.04,31.24",https://fr.wikipedia.org/w/index.php?search=SCALP%20EG%20ITAR%20Egypte%20Rafale
2018-02-07,arme,reconnu,Bataille de Khasham,"Khasham, Syrie",Frappes aériennes et artillerie américaines écrasent un assaut de forces pro-gouvernementales et de mercenaires russes du groupe Wagner près d'un champ gazier. Plusieurs dizaines à plus de cent assaillants sont tués.,Syrie,"35.28,40.4",https://en.wikipedia.org/w/index.php?search=Battle%20of%20Khasham
2018-02-23,sabot,reconnu,Sanctions maritimes contre Pyongyang,"Pyongyang, Corée du Nord","Le Trésor annonce sa plus grosse série de sanctions contre la Corée du Nord : 56 cibles, surtout des navires et sociétés de transport maritime.",Corée du Nord,"39.03,125.75",https://en.wikipedia.org/wiki/Sanctions_against_North_Korea
2018-03-01,arme,reconnu,Vente de 210 Javelin approuvée,"Kyiv, Ukraine","Le département d'État approuve la vente à l'Ukraine de 210 missiles antichars Javelin et de 37 lanceurs, pour environ 47 millions de dollars.",Ukraine,"50.45,30.52",https://en.wikipedia.org/wiki/FGM-148_Javelin
2018-03-08,sabot,reconnu,Taxes sur l'acier et l'aluminium des alliés,"Bruxelles, Ottawa, Mexico","Au nom de la « sécurité nationale » (section 232), Trump taxe l'acier à 25 % et l'aluminium à 10 %. L'Union européenne, le Canada et le Mexique y sont soumis à partir de juin 2018.",Union européenne (Bruxelles); Canada; Mexique,"50.85,4.35; 45.42,-75.7; 19.43,-99.13",https://en.wikipedia.org/w/index.php?search=Trump%20tariffs%20steel%20aluminum%202018%20Section%20232
2018-03-15,sabot,reconnu,Sanctions pour l'ingérence électorale de 2016,"Moscou, Russie","Le Trésor sanctionne l'Internet Research Agency, le GRU et 19 personnes pour l'ingérence dans l'élection de 2016 et la cyberattaque NotPetya, en application de la loi CAATSA.",Russie,"55.75,37.62",https://home.treasury.gov/news/press-releases/sm0312
2018-03-19,sabot,reconnu,Interdiction de la cryptomonnaie Petro,"Caracas, Venezuela","Un décret de Trump interdit aux Américains toute transaction en Petro, la monnaie numérique lancée par Caracas pour contourner les sanctions.",Venezuela,"10.5,-66.9",https://fr.wikipedia.org/w/index.php?search=Petro%20%28cryptomonnaie%29
2018-03-24,arme,reconnu,Frappe d'AFRICOM près d'Oubari,"Oubari, Libye",Première frappe américaine contre Al-Qaïda au Maghreb islamique dans le sud libyen. AFRICOM annonce deux militants tués.,Libye,"26.59,12.78",https://en.wikipedia.org/w/index.php?search=AFRICOM%20Libya%20airstrikes
2018-04-01,crime,reconnu,Premiers civils reconnus tués,"El Buur, Somalie","En avril 2019, le commandement pour l'Afrique admet pour la première fois qu'une de ses frappes a tué deux civils. Amnesty en documentait bien plus.",Somalie,"4.68,46.62",https://en.wikipedia.org/w/index.php?search=Amnesty%20International%20Somalia%20drone%20strikes
2018-04-06,sabot,reconnu,Sanctions contre Deripaska et Rusal,"Moscou, Russie","Le Trésor sanctionne sept oligarques, dont Oleg Deripaska et Viktor Vekselberg, et douze entreprises. L'action Rusal s'effondre et les cours de l'aluminium bondissent.",Russie,"55.75,37.62",https://fr.wikipedia.org/w/index.php?search=Oleg%20Deripaska
2018-04-07,coup,allégué,Emprisonnement de Lula,"Curitiba, Brésil","Lula est incarcéré sur décision du juge Moro, ce qui l'écarte de la présidentielle. Le Parti des travailleurs dénonce une persécution nourrie par la coopération avec Washington. Ses condamnations sont annulées en 2021.",Brésil,"-25.43,-49.27",https://fr.wikipedia.org/w/index.php?search=Op%C3%A9ration%20Lava%20Jato
2018-04-14,arme,reconnu,Frappes après l'attaque chimique de Douma,"Damas, Syrie","Les États-Unis, la France et le Royaume-Uni tirent plus de 100 missiles sur des sites présentés comme liés aux armes chimiques syriennes.",Syrie,"33.51,36.29",https://fr.wikipedia.org/w/index.php?search=Frappes%20de%20avril%202018%20en%20Syrie
2018-04-16,sabot,reconnu,ZTE privé de composants américains,"Shenzhen, Chine","Le département du Commerce interdit aux entreprises américaines de fournir le groupe chinois, qui frôle l'arrêt avant un accord en juin.",Chine,"22.54,114.06",https://en.wikipedia.org/w/index.php?search=ZTE%20denial%20order%202018
2018-04-18,info,allégué,Soulèvement au Nicaragua,"Managua, Nicaragua",Ortega accuse Washington d'avoir financé une tentative de coup d'État ; la NED finançait des ONG d'opposition. La répression fait plus de 300 morts.,Nicaragua,"12.13,-86.25",https://fr.wikipedia.org/w/index.php?search=Manifestations%20de%202018%20au%20Nicaragua
2018-04-30,arme,reconnu,Premiers missiles Javelin livrés à l'Ukraine,"Kiev, Ukraine","Kiev confirme la réception de missiles antichars Javelin américains, première livraison d'armes létales approuvée par l'administration Trump.",Ukraine,"50.45,30.52",https://fr.wikipedia.org/w/index.php?search=FGM-148%20Javelin
2018-05-08,sabot,reconnu,« Pression maximale » contre l'Iran,"Téhéran, Iran",Trump quitte l'accord de Vienne et rétablit les sanctions. Human Rights Watch documente en 2019 des pénuries de médicaments qui menacent la santé des Iraniens.,Iran,"35.69,51.39",https://fr.wikipedia.org/w/index.php?search=Accord%20de%20Vienne%20sur%20le%20nucl%C3%A9aire%20iranien
2018-05-21,sabot,reconnu,Interdiction d'acheter la dette vénézuélienne,"Caracas, Venezuela","Au lendemain de la réélection contestée de Maduro, un décret interdit l'achat de créances du gouvernement vénézuélien et de PDVSA.",Venezuela,"10.5,-66.9",https://en.wikipedia.org/w/index.php?search=International%20sanctions%20during%20the%20Venezuelan%20crisis
2018-06,info,documenté,Prêt record du FMI pour Macri,"Buenos Aires, Argentine","Le FMI accorde à Mauricio Macri le plus gros prêt de son histoire, porté à 57 milliards de dollars. Mauricio Claver-Carone, conseiller de Trump, admet ensuite que Washington l'a appuyé pour aider Macri.",Argentine,"-34.6,-58.38",https://en.wikipedia.org/w/index.php?search=Mauricio%20Claver-Carone
2018-06-01,info,reconnu,Veto sur la protection des Gazaouis,"Conseil de sécurité, New York","Après la mort de plus de cent manifestants à la frontière de Gaza, Washington bloque un projet koweïtien demandant des mesures de protection des civils palestiniens.",Palestine (Gaza),"31.5,34.45",https://en.wikipedia.org/w/index.php?search=List%20of%20vetoed%20United%20Nations%20Security%20Council%20resolutions
2018-06-04,sabot,reconnu,Société générale paie 860 millions,"Paris, France",La banque règle des poursuites américaines pour corruption en Libye et manipulation du Libor.,France,"48.86,2.35",https://en.wikipedia.org/w/index.php?search=Soci%C3%A9t%C3%A9%20G%C3%A9n%C3%A9rale%20Libya%20Libor%20settlement%202018
2018-06-04,sabot,reconnu,PSA quitte l'Iran,"Paris, France","Après le retrait américain de l'accord nucléaire et le rétablissement des sanctions secondaires, PSA suspend ses activités en Iran, son premier marché étranger en volume.",France,"48.86,2.35",https://fr.wikipedia.org/w/index.php?search=Sanctions%20secondaires%20Iran%202018%20entreprises%20europ%C3%A9ennes
2018-07,sabot,reconnu,Premières sanctions Magnitsky,"Managua, Nicaragua",Le Trésor sanctionne le chef de la police Francisco Díaz et deux autres responsables pour la répression des manifestations.,Nicaragua,"12.13,-86.25",https://en.wikipedia.org/w/index.php?search=2018%20Nicaraguan%20protests
2018-07-06,sabot,reconnu,Début de la guerre commerciale avec la Chine,"Pékin, Chine",Premiers droits de douane de 25 % sur 34 milliards de dollars d'importations chinoises. Pékin riposte le jour même ; l'escalade touche ensuite des centaines de milliards.,Chine,"39.9,116.4",https://en.wikipedia.org/w/index.php?search=China%E2%80%93United%20States%20trade%20war
2018-08-04,mort,allégué,Attentat aux drones contre Maduro,"Avenida Bolívar, Caracas, Venezuela",Deux drones chargés d'explosifs visent Maduro pendant un défilé. Caracas accuse la Colombie et des financiers réfugiés aux États-Unis ; Washington nie toute implication.,Venezuela,"10.5,-66.9",https://fr.wikipedia.org/w/index.php?search=Attentat%20de%20Caracas%20du%204%20ao%C3%BBt%202018
2018-08-07,sabot,reconnu,Premier volet des sanctions rétablies,"Washington, États-Unis","Trois mois après le retrait de l'accord nucléaire, Washington rétablit les sanctions sur l'automobile, les métaux et l'achat de dollars par l'Iran.",Iran,"35.69,51.39",https://fr.wikipedia.org/w/index.php?search=Sanctions%20contre%20l%27Iran
2018-08-08,sabot,reconnu,Sanctions après l'affaire Skripal,"Moscou, Russie",Washington conclut que Moscou a utilisé un agent chimique contre Sergueï Skripal et annonce des sanctions au titre de la loi sur les armes chimiques.,Russie,"55.75,37.62",https://fr.wikipedia.org/w/index.php?search=Empoisonnement%20de%20Sergue%C3%AF%20et%20Ioulia%20Skripal
2018-08-09,crime,documenté,Bus scolaire de Dahyan,"Saada, Yémen",Une frappe de la coalition saoudienne tue 40 enfants dans un bus. CNN identifie une bombe à guidage laser fabriquée par Lockheed Martin et vendue par les États-Unis.,Yémen,"17.07,43.6",https://en.wikipedia.org/w/index.php?search=Dahyan%20air%20strike
2018-08-20,sabot,reconnu,Total quitte South Pars,"Téhéran, à propos de la France","Après le retrait américain de l'accord nucléaire et la menace de sanctions secondaires, Total abandonne le gisement gazier iranien, repris par un groupe chinois.",France,"48.86,2.35",https://en.wikipedia.org/w/index.php?search=Total%20South%20Pars%20withdrawal%202018
2018-08-31,sabot,reconnu,Fin du financement de l'UNRWA,Territoires palestiniens,"Le département d'État annonce l'arrêt total du financement américain de l'agence de l'ONU pour les réfugiés palestiniens, dont il était le premier donateur.",Palestine (Gaza); Jordanie; Liban,"31.5,34.45; 31.95,35.93; 33.89,35.5",https://fr.wikipedia.org/w/index.php?search=UNRWA
2018-09-20,sabot,reconnu,Sanction CAATSA contre l'armée chinoise,"Pékin, Chine",Première application de l'article 231 de la loi CAATSA : le département d'État sanctionne le département des équipements militaires chinois pour l'achat de Su-35 et de S-400 russes.,Chine,"39.9,116.4",https://en.wikipedia.org/wiki/International_sanctions_during_the_Russo-Ukrainian_War
2018-09-27,sabot,reconnu,Petrobras paie 853 millions au DOJ et à la SEC,"Rio de Janeiro, Brésil",La compagnie publique règle les poursuites américaines liées à Lava Jato. L'accord prévoit que 80 % de la somme revienne au Brésil.,Brésil,"-22.9,-43.2",https://en.wikipedia.org/w/index.php?search=Petrobras%20settlement%20Department%20of%20Justice%20SEC%202018
2018-11-01,sabot,reconnu,Sanctions sur l'or vénézuélien,"Caracas, Venezuela","Le décret 13850 permet de sanctionner le secteur aurifère vénézuélien, visé ensuite par des mesures contre la compagnie minière publique Minerven.",Venezuela,"10.5,-66.9",https://en.wikipedia.org/w/index.php?search=International%20sanctions%20during%20the%20Venezuelan%20crisis
2018-11-05,sabot,reconnu,Sanctions sur le pétrole et les banques,"Washington, États-Unis",Second volet : Washington sanctionne les exportations de pétrole iranien et les transactions avec la Banque centrale d'Iran.,Iran,"35.69,51.39",https://fr.wikipedia.org/w/index.php?search=Sanctions%20contre%20l%27Iran
2018-11-06,cyber,reconnu,Cyberattaque contre l'usine à trolls,"Saint-Pétersbourg, Russie","Le jour des élections de mi-mandat, l'US Cyber Command coupe l'accès à Internet de l'Internet Research Agency. Trump confirme l'opération en 2020.",Russie,"59.94,30.32",https://fr.wikipedia.org/w/index.php?search=Internet%20Research%20Agency
2018-11-19,sabot,reconnu,"Société générale paie 1,34 milliard","Paris, France","La banque est sanctionnée pour des transactions en dollars avec Cuba, l'Iran, le Soudan et la Libye.",France,"48.86,2.35",https://en.wikipedia.org/w/index.php?search=Soci%C3%A9t%C3%A9%20G%C3%A9n%C3%A9rale%20sanctions%20settlement%202018
2018-11-20,info,reconnu,Trump couvre le prince héritier,"Riyad, Arabie saoudite","Après l'assassinat de Jamal Khashoggi, Trump déclare que MBS « l'a peut-être su, peut-être pas » et maintient l'alliance, contre l'avis de la CIA qui attribue l'ordre au prince héritier.",Arabie saoudite,"24.71,46.72",https://fr.wikipedia.org/w/index.php?search=Assassinat%20de%20Jamal%20Khashoggi
2018-11-27,sabot,reconnu,Décret 13851 contre Rosario Murillo,"Washington, États-Unis",Trump signe un décret déclarant le Nicaragua menace pour la sécurité nationale et sanctionne la vice-présidente Rosario Murillo.,Nicaragua,"12.13,-86.25",https://en.wikipedia.org/w/index.php?search=Rosario%20Murillo
2018-12-01,sabot,reconnu,Arrestation de Meng Wanzhou,"Vancouver, Canada","À la demande de Washington, le Canada arrête la directrice financière de Huawei pour contournement des sanctions contre l'Iran. Pékin dénonce une prise d'otage économique.",Chine,"22.54,114.06",https://fr.wikipedia.org/w/index.php?search=Affaire%20Meng%20Wanzhou
2018-12-20,sabot,reconnu,NICA Act,"Washington, États-Unis",La loi oblige les représentants américains à s'opposer aux prêts des institutions financières internationales au Nicaragua.,Nicaragua,"12.13,-86.25",https://en.wikipedia.org/w/index.php?search=Nicaraguan%20Investment%20Conditionality%20Act
2019,info,documenté,Campagne clandestine contre Pékin,Chine,Reuters révèle en 2024 que Trump a autorisé en 2019 la CIA à mener une campagne d'influence secrète contre le gouvernement chinois sur les réseaux sociaux.,Chine,"39.9,116.4",https://en.wikipedia.org/w/index.php?search=CIA%20covert%20influence%20campaign%20China%202019%20Reuters
2019,arme,reconnu,Base aérienne 201 d'Agadez,"Agadez, Niger","Construite par l'US Air Force pour environ 110 millions de dollars, la base d'Agadez lance ses missions de drones armés en 2019. Elle est évacuée en août 2024 à la demande de la junte.",Niger,"16.97,7.99",https://en.wikipedia.org/w/index.php?search=Niger%20Air%20Base%20201
2019,sabot,documenté,ASML empêchée de vendre à la Chine,"Veldhoven, Pays-Bas","Selon Reuters, Washington fait pression sur La Haye pour bloquer la livraison d'une machine de lithographie EUV à la Chine. La licence néerlandaise n'est pas renouvelée.",Pays-Bas,"51.42,5.41",https://fr.wikipedia.org/w/index.php?search=ASML%20Holding
2019-01-23,coup,reconnu,Reconnaissance de Juan Guaidó,"Caracas, Venezuela",Washington reconnaît le président de l'Assemblée nationale comme président par intérim et coordonne la campagne internationale pour chasser Maduro.,Venezuela,"10.49,-66.9",https://fr.wikipedia.org/w/index.php?search=Crise%20pr%C3%A9sidentielle%20v%C3%A9n%C3%A9zu%C3%A9lienne
2019-01-25,coup,reconnu,Elliott Abrams envoyé spécial pour le Venezuela,"Washington, États-Unis","Mike Pompeo nomme Elliott Abrams, condamné dans l'affaire Iran-Contra, pour piloter la politique de changement de régime au Venezuela.",Venezuela,"10.5,-66.9",https://fr.wikipedia.org/w/index.php?search=Elliott%20Abrams
2019-01-28,sabot,reconnu,Embargo pétrolier sur PDVSA,"Caracas, Venezuela",Washington sanctionne la compagnie pétrolière publique. Une étude du CEPR estime à des dizaines de milliers les morts liées aux sanctions ; ce chiffre est contesté.,Venezuela,"10.49,-66.9",https://en.wikipedia.org/w/index.php?search=International%20sanctions%20during%20the%20Venezuelan%20crisis
2019-01-28,info,reconnu,Le bloc-notes de Bolton : « 5 000 soldats »,"Washington, États-Unis","Lors de l'annonce des sanctions contre PDVSA, John Bolton exhibe un bloc-notes portant « 5 000 soldats en Colombie », signal de pression militaire.",Venezuela,"10.5,-66.9",https://fr.wikipedia.org/w/index.php?search=John%20Bolton
2019-01-29,sabot,reconnu,Comptes vénézuéliens confiés à Guaidó,"Washington, États-Unis",Le département d'État donne à Guaidó l'autorité sur des comptes du gouvernement vénézuélien détenus à la Réserve fédérale de New York et dans d'autres banques américaines.,Venezuela,"10.5,-66.9",https://fr.wikipedia.org/w/index.php?search=Juan%20Guaid%C3%B3
2019-02,sabot,reconnu,Citgo passe sous contrôle de Guaidó,"Houston, États-Unis","Avec l'appui de Washington, l'Assemblée de Guaidó nomme un nouveau conseil pour Citgo, la filiale américaine de PDVSA, privant Caracas de son principal actif à l'étranger.",Venezuela,"10.5,-66.9",https://fr.wikipedia.org/w/index.php?search=Citgo
2019-02-23,info,reconnu,Convois d'« aide humanitaire » à Cúcuta,"Ureña, Venezuela",Les États-Unis acheminent de l'aide à la frontière pour forcer le blocus de Maduro. Un camion brûle ; le New York Times montre que l'incendie vient d'un cocktail Molotov d'opposant.,Venezuela,"7.92,-72.45",https://en.wikipedia.org/w/index.php?search=2019%20shipping%20of%20humanitarian%20aid%20to%20Venezuela
2019-03,info,reconnu,Fondation Lava Jato suspendue,"Brasília, Brésil","Le Tribunal suprême fédéral suspend la fondation que les procureurs de Curitiba voulaient doter de 2,5 milliards de réais issus de l'accord entre Petrobras et la justice américaine.",Brésil,"-15.79,-47.88",https://fr.wikipedia.org/w/index.php?search=Op%C3%A9ration%20Lava%20Jato%20fondation%20Petrobras
2019-03,sabot,reconnu,Grenell menace Berlin sur Huawei,"Berlin, Allemagne",L'ambassadeur Richard Grenell écrit au gouvernement allemand que Washington réduirait le partage de renseignement si Huawei participait à la 5G.,Allemagne,"52.52,13.4",https://en.wikipedia.org/w/index.php?search=Richard%20Grenell%20Huawei
2019-03-07,cyber,allégué,Panne géante au Venezuela,"Caracas, Venezuela",Maduro accuse une cyberattaque américaine ; les experts évoquent plutôt le manque d'entretien du réseau lié au barrage de Guri.,Venezuela,"10.49,-66.9",https://fr.wikipedia.org/w/index.php?search=Panne%20d%27%C3%A9lectricit%C3%A9%20de%202019%20au%20Venezuela
2019-03-18,crime,reconnu,Frappe de Baghouz dissimulée,"Baghouz, Syrie",Une unité des forces spéciales bombarde une foule de femmes et d'enfants ; environ 70 morts. Le New York Times révèle en 2021 que l'affaire a été étouffée ; le Pentagone ouvre une enquête.,Syrie,"34.46,40.93",https://en.wikipedia.org/w/index.php?search=Baghuz%20airstrike
2019-03-20,crime,documenté,Rapport sur la guerre cachée en Somalie,"Bas-Chébéli, Somalie","Amnesty International documente 14 civils tués dans cinq frappes américaines. L'AFRICOM rejette d'abord ces conclusions, puis reconnaît en avril 2019 deux morts civils dans une frappe.",Somalie,"1.9,44.6",https://en.wikipedia.org/w/index.php?search=The%20Hidden%20US%20War%20in%20Somalia%20Amnesty
2019-04,sabot,reconnu,Sanctions contre BanCorp et Laureano Ortega,"Managua, Nicaragua","Le Trésor sanctionne la banque BanCorp, liée au clan Ortega, et le fils du président, Laureano Ortega Murillo.",Nicaragua,"12.13,-86.25",https://en.wikipedia.org/w/index.php?search=Laureano%20Ortega
2019-04-08,sabot,reconnu,Gardiens de la révolution déclarés terroristes,"Washington, États-Unis","Pour la première fois, Washington désigne une armée d'un autre État comme organisation terroriste étrangère.",Iran,"35.69,51.39",https://fr.wikipedia.org/w/index.php?search=Gardiens%20de%20la%20r%C3%A9volution%20islamique
2019-04-11,mort,reconnu,Assange livré après la levée de l'asile,"Londres, Royaume-Uni",Le président Lenín Moreno retire l'asile ; Assange est arrêté dans l'ambassade et Washington dévoile son inculpation. Ses soutiens relient ce revirement au prêt du FMI accordé à Quito en mars.,Royaume-Uni (ambassade d'Équateur); Équateur,"51.5,-0.16; -0.18,-78.47",https://fr.wikipedia.org/w/index.php?search=Julian%20Assange
2019-04-15,sabot,reconnu,"UniCredit paie 1,3 milliard","Milan, Italie","Le groupe italien UniCredit paie environ 1,3 milliard de dollars pour des violations des sanctions contre l'Iran et d'autres pays.",Italie,"45.46,9.19",https://en.wikipedia.org/w/index.php?search=UniCredit%20sanctions%202019
2019-04-16,info,reconnu,Veto de Trump sur la guerre au Yémen,"Washington, États-Unis","Trump oppose son veto à la résolution du Congrès qui ordonnait de cesser le soutien militaire à la coalition saoudienne, la première adoptée en vertu de la loi sur les pouvoirs de guerre.",Yémen,"15.35,44.21",https://en.wikipedia.org/w/index.php?search=Yemen%20War%20Powers%20Resolution
2019-04-17,sabot,reconnu,Plafonnement des envois d'argent à Cuba,"Miami, États-Unis","John Bolton annonce que les envois d'argent vers Cuba seront limités à 1 000 dollars par trimestre et par personne, en même temps que l'activation du titre III de Helms-Burton.",Cuba,"23.11,-82.37",https://en.wikipedia.org/w/index.php?search=Remittances%20to%20Cuba%202019%20restrictions
2019-04-17,sabot,reconnu,La Banque centrale du Venezuela sanctionnée,"Caracas, Venezuela",Le Trésor sanctionne la Banque centrale du Venezuela et coupe son accès aux transactions en dollars.,Venezuela,"10.5,-66.9",https://fr.wikipedia.org/w/index.php?search=Banque%20centrale%20du%20Venezuela
2019-04-22,sabot,reconnu,Fin des exemptions pétrolières,"Washington, États-Unis","Washington annonce qu'aucun pays ne pourra plus acheter de pétrole iranien sans sanctions à partir du 2 mai, pour ramener les exportations iraniennes à zéro.",Iran,"35.69,51.39",https://fr.wikipedia.org/w/index.php?search=Sanctions%20contre%20l%27Iran
2019-04-30,coup,documenté,Soulèvement raté de Guaidó,"Caracas, Venezuela",Guaidó appelle l'armée à se soulever. Mike Pompeo et John Bolton le soutiennent publiquement et affirment que Maduro était prêt à fuir ; l'opération échoue.,Venezuela,"10.49,-66.9",https://en.wikipedia.org/w/index.php?search=2019%20Venezuelan%20uprising%20attempt
2019-05-02,sabot,reconnu,Activation du titre III de Helms-Burton,"La Havane, Cuba",L'administration Trump autorise pour la première fois les poursuites contre les entreprises étrangères qui utilisent des biens nationalisés à Cuba.,Cuba,"23.11,-82.37",https://en.wikipedia.org/w/index.php?search=Helms%E2%80%93Burton%20Act%20Title%20III%202019
2019-05-07,sabot,documenté,Menaces contre le mécanisme INSTEX,"Paris, France","Une lettre du Trésor américain avertit que les responsables d'INSTEX, créé par la France, l'Allemagne et le Royaume-Uni pour commercer avec l'Iran, s'exposent à des sanctions.",France; Allemagne; Royaume-Uni,"48.86,2.35; 52.52,13.4; 51.51,-0.13",https://fr.wikipedia.org/w/index.php?search=INSTEX
2019-05-08,sabot,reconnu,Décret 13871 sur les métaux iraniens,"Téhéran, Iran","Trump sanctionne les secteurs iraniens du fer, de l'acier, de l'aluminium et du cuivre, deuxième source de revenus d'exportation du pays.",Iran,"35.69,51.39",https://en.wikipedia.org/wiki/United_States_sanctions_against_Iran
2019-05-09,sabot,reconnu,Cargo nord-coréen Wise Honest saisi,"Pyongyang, Corée du Nord","Le département de la Justice annonce la saisie du vraquier Wise Honest, accusé d'exporter du charbon en violation des sanctions. C'est la première saisie d'un navire nord-coréen par les États-Unis.",Corée du Nord,"39.03,125.75",https://en.wikipedia.org/w/index.php?search=Wise%20Honest
2019-05-15,sabot,reconnu,Huawei sur la liste noire,"Shenzhen, Chine","Le département du Commerce inscrit Huawei sur l'« Entity List » : les entreprises américaines ne peuvent plus lui vendre sans licence, et Google lui coupe l'accès à Android.",Chine,"22.54,114.06",https://en.wikipedia.org/w/index.php?search=Huawei%20Entity%20List%202019
2019-05-24,arme,reconnu,Ventes d'armes d'urgence au Golfe,"Riyad, Arabie saoudite","Mike Pompeo invoque une urgence liée à l'Iran pour vendre 8,1 milliards de dollars d'armes à l'Arabie saoudite et aux Émirats sans l'aval du Congrès. L'inspecteur général relève ensuite des risques pour les civils.",Arabie saoudite,"24.71,46.72",https://en.wikipedia.org/w/index.php?search=2019%20Saudi%20Arabia%20arms%20sales
2019-05-30,sabot,reconnu,Chantage douanier sur les migrants,"Mexico, Mexique",Trump menace de droits de douane croissants jusqu'à 25 % si le Mexique ne freine pas les migrations. Mexico accepte le 7 juin de déployer sa Garde nationale et d'accueillir les demandeurs d'asile renvoyés.,Mexique,"19.43,-99.13",https://en.wikipedia.org/w/index.php?search=2019%20Mexico%20United%20States%20tariff%20threat%20migration
2019-06,info,allégué,Manifestations de Hong Kong,Hong Kong,Pékin accuse Washington et la NED de fomenter la contestation. Des ONG locales ont reçu des fonds de la NED ; aucune direction américaine n'est démontrée.,Hong Kong (Chine),"22.32,114.17",https://fr.wikipedia.org/w/index.php?search=Manifestations%20de%202019-2020%20%C3%A0%20Hong%20Kong
2019-06-04,sabot,reconnu,Interdiction des croisières vers Cuba,"Washington, États-Unis","Washington interdit les escales de croisières et les voyages éducatifs de groupe vers Cuba, principale source de visiteurs américains.",Cuba,"23.11,-82.37",https://en.wikipedia.org/w/index.php?search=2019%20Cuba%20cruise%20ban
2019-06-15,cyber,documenté,Codes dans le réseau électrique russe,Russie,Le New York Times révèle que le Cyber Command a implanté des logiciels malveillants dans le réseau électrique russe. Trump dénonce un « acte de trahison » du journal.,Russie,"55.75,37.62",https://en.wikipedia.org/w/index.php?search=Cyberattacks%20against%20Russia%20power%20grid%202019
2019-06-20,cyber,documenté,Cyberattaque contre les Gardiens de la révolution,Iran,"Après la destruction d'un drone américain, le Cyber Command attaque des systèmes de contrôle de missiles et une base de données du renseignement iranien, selon des responsables cités par la presse.",Iran,"35.69,51.39",https://en.wikipedia.org/w/index.php?search=2019%20Iranian%20shootdown%20of%20American%20drone
2019-06-24,sabot,reconnu,Sanctions contre Ali Khamenei,"Washington, États-Unis","Trump signe un décret sanctionnant le Guide suprême et son bureau, après la destruction d'un drone américain.",Iran,"35.69,51.39",https://fr.wikipedia.org/w/index.php?search=Ali%20Khamenei
2019-07-25,sabot,reconnu,Alex Saab inculpé et sanctionné,"Miami, États-Unis","La justice américaine inculpe l'homme d'affaires colombien Alex Saab pour blanchiment dans un réseau de corruption lié au Venezuela, et le Trésor le sanctionne pour le programme alimentaire CLAP.",Venezuela,"10.5,-66.9",https://fr.wikipedia.org/w/index.php?search=Alex%20Saab
2019-07-25,info,reconnu,Appel Trump-Zelensky et aide gelée,"Kiev, Ukraine",Trump demande à Zelensky d'enquêter sur Joe Biden pendant qu'il bloque près de 400 millions de dollars d'aide militaire. L'affaire mène à sa première mise en accusation.,Ukraine,"50.45,30.52",https://fr.wikipedia.org/w/index.php?search=Affaire%20Trump-Ukraine
2019-07-31,sabot,reconnu,Mohammad Javad Zarif sanctionné,"Téhéran, Iran","Le Trésor sanctionne le ministre iranien des Affaires étrangères, Mohammad Javad Zarif, principal négociateur de l'accord nucléaire.",Iran,"35.69,51.39",https://en.wikipedia.org/wiki/Mohammad_Javad_Zarif
2019-08,sabot,reconnu,Second volet des sanctions Skripal,"Moscou, Russie",Washington applique le second volet de la loi sur les armes chimiques : les banques américaines ne peuvent plus acheter de dette souveraine russe émise en roubles ni en devises au primaire.,Russie,"55.75,37.62",https://en.wikipedia.org/wiki/International_sanctions_during_the_Russo-Ukrainian_War
2019-08-02,arme,reconnu,Retrait du traité FNI,"Washington, États-Unis","Les États-Unis quittent le traité sur les forces nucléaires intermédiaires de 1987, en accusant la Russie de le violer avec le missile 9M729.",Russie,"55.75,37.62",https://fr.wikipedia.org/w/index.php?search=Trait%C3%A9%20sur%20les%20forces%20nucl%C3%A9aires%20%C3%A0%20port%C3%A9e%20interm%C3%A9diaire
2019-08-05,sabot,reconnu,Gel total des avoirs de l'État vénézuélien,"Caracas, Venezuela",Le décret 13884 bloque tous les biens du gouvernement vénézuélien aux États-Unis et menace de sanctions les entreprises étrangères qui commercent avec lui.,Venezuela,"10.5,-66.9",https://en.wikipedia.org/w/index.php?search=Executive%20Order%2013884
2019-08-08,info,allégué,Diplomate américaine avec Joshua Wong,Hong Kong,"La presse pro-Pékin publie des photos de Julie Eadeh, du consulat américain, rencontrant des meneurs du mouvement. Pékin y voit une « main noire » ; Washington dénonce une campagne d'intimidation.",Hong Kong,"22.28,114.17",https://en.wikipedia.org/w/index.php?search=Julie%20Eadeh
2019-09,cyber,documenté,Cyberattaque contre la propagande iranienne,"Téhéran, Iran","Après l'attaque des installations saoudiennes d'Abqaiq, une cyberopération américaine vise la capacité de l'Iran à diffuser sa propagande, selon Reuters.",Iran,"35.69,51.39",https://en.wikipedia.org/w/index.php?search=Iran%E2%80%93United%20States%20relations
2019-09,arme,reconnu,Frappes dans la région de Mourzouq,"Mourzouq, Libye",AFRICOM mène quatre frappes contre l'État islamique dans le sud-ouest libyen et annonce plus de quarante combattants tués.,Libye,"25.92,13.92",https://en.wikipedia.org/w/index.php?search=AFRICOM%20Libya%20airstrikes%202019
2019-09,crime,documenté,Noce frappée à Musa Qala,"Musa Qala, Helmand, Afghanistan","Un raid afghan appuyé par des frappes américaines contre des talibans tue une quarantaine de civils réunis pour un mariage, selon les autorités afghanes.",Afghanistan,"32.44,64.77",https://en.wikipedia.org/w/index.php?search=Musa%20Qala%20wedding%20airstrike%202019
2019-09-11,arme,reconnu,Déblocage de l'aide gelée à l'Ukraine,"Kyiv, Ukraine","Sous la pression du Congrès, la Maison-Blanche lève le gel d'environ 391 millions de dollars d'aide militaire à l'Ukraine, bloqué depuis juillet.",Ukraine,"50.45,30.52",https://en.wikipedia.org/wiki/Trump%E2%80%93Ukraine_scandal
2019-09-18,crime,reconnu,Frappe de drone sur des cueilleurs de pignons,"Wazir Tangi, Afghanistan",Un drone américain frappe des travailleurs agricoles au repos dans la province de Nangarhar. Au moins 30 morts selon l'ONU ; Washington reconnaît la frappe.,Afghanistan,"34.25,70.2",https://en.wikipedia.org/w/index.php?search=2019%20Nangarhar%20drone%20strike
2019-09-20,sabot,reconnu,La Banque centrale d'Iran sanctionnée,"Téhéran, Iran","Après l'attaque contre les installations d'Aramco, le Trésor désigne la Banque centrale d'Iran au titre des sanctions antiterroristes.",Iran,"35.69,51.39",https://en.wikipedia.org/wiki/Central_Bank_of_Iran
2019-10,mort,reconnu,Raid contre Abou Bakr al-Baghdadi,"Barisha, Syrie","Des forces spéciales américaines attaquent la cachette du chef de l'État islamique, qui se tue avec une ceinture explosive, emportant deux enfants.",Syrie,"36.18,36.62",https://fr.wikipedia.org/w/index.php?search=Raid%20de%20Baricha
2019-10,sabot,reconnu,Troupes gardant le pétrole syrien,"Deir ez-Zor, Syrie","Trump annonce que des soldats resteront pour « sécuriser le pétrole » syrien, et déclare « nous gardons le pétrole ». Les champs de l'est restent hors de portée de Damas.",Syrie,"35.33,40.14",https://en.wikipedia.org/w/index.php?search=American-led%20intervention%20in%20Syria
2019-10-06,arme,reconnu,Feu vert à l'offensive turque,Nord-est de la Syrie,"Après un appel avec Erdoğan, la Maison-Blanche annonce le retrait des troupes américaines de la frontière. La Turquie lance trois jours plus tard une offensive contre les Kurdes alliés de Washington.",Syrie,"36.7,39.0",https://fr.wikipedia.org/w/index.php?search=Offensive%20turque%20de%202019%20dans%20le%20nord-est%20de%20la%20Syrie
2019-10-07,sabot,reconnu,Hikvision et Xinjiang sur la liste noire,"Ürümqi, Chine","Le Commerce inscrit 28 entités chinoises, dont Hikvision et la police du Xinjiang, sur l'Entity List pour la répression des Ouïghours.",Chine (Xinjiang),"43.83,87.62",https://en.wikipedia.org/w/index.php?search=Entity%20List%20Hikvision%20Xinjiang%202019
2019-10-31,crime,documenté,Unités « zéro » de la CIA,"Nangarhar, Afghanistan","Human Rights Watch documente des raids nocturnes de forces afghanes entraînées par la CIA, qui exécutent sommairement des civils et appellent des frappes sur des écoles religieuses.",Afghanistan,"34.43,70.45",https://en.wikipedia.org/w/index.php?search=Zero%20Units%20Afghanistan%20CIA
2019-11-10,coup,allégué,Démission forcée d'Evo Morales,"La Paz, Bolivie","Morales démissionne sous la pression de l'armée et parle de coup soutenu par Washington, qui salue son départ ; un rôle actif n'est pas démontré.",Bolivie,"-16.5,-68.15",https://fr.wikipedia.org/w/index.php?search=Crise%20politique%20de%202019%20en%20Bolivie
2019-11-10,coup,allégué,Rapport de l'OEA sur la fraude,"La Paz, Bolivie","L'OEA, dont Washington est le premier bailleur, dénonce des irrégularités qui précipitent la chute de Morales. Morales et ses partisans y voient l'instrument d'un coup soutenu par Washington. Des chercheurs du MIT, entre autres, contestent ensuite ses conclusions statistiques.",Bolivie,"-16.5,-68.15",https://fr.wikipedia.org/w/index.php?search=Crise%20politique%20de%202019%20en%20Bolivie
2019-11-11,info,reconnu,Trump salue le départ de Morales,"Washington, États-Unis","La Maison-Blanche qualifie la démission forcée de Morales, sous la pression de l'armée, de « moment important pour la démocratie ».",Bolivie,"-16.5,-68.15",https://fr.wikipedia.org/w/index.php?search=Crise%20politique%20de%202019%20en%20Bolivie
2019-11-27,sabot,reconnu,Loi sur la démocratie à Hong Kong,Hong Kong,"Trump signe le Hong Kong Human Rights and Democracy Act, qui conditionne le statut spécial de Hong Kong et prévoit des sanctions contre ses dirigeants.",Hong Kong,"22.28,114.17",https://en.wikipedia.org/w/index.php?search=Hong%20Kong%20Human%20Rights%20and%20Democracy%20Act
2019-12,info,allégué,Financement de la NED à Hong Kong,Hong Kong,"Pékin accuse la NED et ses instituts d'avoir financé et orchestré les manifestations, et les sanctionne. La NED finance ouvertement des groupes hongkongais ; son rôle dans les manifestations n'est pas établi.",Hong Kong,"22.28,114.17",https://en.wikipedia.org/w/index.php?search=National%20Endowment%20for%20Democracy%20Hong%20Kong
2019-12-02,sabot,reconnu,Représailles contre la taxe numérique,"Paris, France","Le représentant américain au Commerce propose des droits de 100 % sur 2,4 milliards de dollars de produits français pour punir la taxe sur les services numériques.",France,"48.86,2.35",https://fr.wikipedia.org/w/index.php?search=Taxe%20GAFA
2019-12-06,sabot,reconnu,Ericsson paie plus d'un milliard,"Stockholm, Suède","L'équipementier suédois règle des poursuites américaines pour corruption dans plusieurs pays, au titre du FCPA.",Suède,"59.33,18.07",https://en.wikipedia.org/w/index.php?search=Ericsson%20FCPA%20settlement%202019
2019-12-09,info,documenté,« Afghanistan Papers »,Afghanistan,Le Washington Post publie des entretiens internes où des responsables admettent avoir trompé le public sur les progrès de la guerre pendant des années.,Afghanistan,"34.53,69.17",https://en.wikipedia.org/w/index.php?search=Afghanistan%20Papers
2019-12-20,sabot,reconnu,Sanctions contre Nord Stream 2,"Berlin, Allemagne",Une loi américaine sanctionne les entreprises qui posent le gazoduc. Le poseur de tubes suisse Allseas se retire aussitôt ; Berlin dénonce une ingérence.,Allemagne,"52.52,13.4",https://en.wikipedia.org/w/index.php?search=Nord%20Stream%202%20sanctions%202019
2019-12-29,arme,reconnu,Frappes contre le Kataeb Hezbollah,"Al-Qaïm, Irak","Des frappes américaines tuent au moins 25 combattants du Kataeb Hezbollah en Irak et en Syrie. En représailles, des manifestants assiègent l'ambassade américaine à Bagdad.",Irak; Syrie,"34.37,41.09; 34.45,40.92",https://en.wikipedia.org/w/index.php?search=December%202019%20United%20States%20strikes%20in%20Iraq%20and%20Syria
2020,info,documenté,Campagne anti-Sinovac aux Philippines,"Manille, Philippines","Selon Reuters (2024), l'armée américaine diffuse via de faux comptes des messages dénigrant le vaccin chinois Sinovac, en pleine pandémie.",Philippines,"14.6,120.98",https://en.wikipedia.org/w/index.php?search=Pentagon%20anti-vaccine%20propaganda%20campaign%20Philippines%20Sinovac
2020-01,sabot,documenté,Menace sur le compte irakien à la Fed,"Bagdad, Irak","Le département d'État avertit Bagdad que l'accès à son compte à la Réserve fédérale de New York, où sont versés ses revenus pétroliers, pourrait être bloqué si les troupes américaines sont expulsées, selon le Wall Street Journal.",Irak,"33.31,44.37",https://en.wikipedia.org/w/index.php?search=Iraq%E2%80%93United%20States%20relations
2020-01-03,mort,reconnu,Assassinat de Qassem Soleimani,"Bagdad, Irak","Un drone américain tue à l'aéroport de Bagdad le général iranien Soleimani et le chef milicien irakien Abou Mahdi al-Mouhandis, sur ordre de Trump. Le Parlement irakien vote le départ des troupes américaines.",Irak; Iran,"33.26,44.23; 35.69,51.39",https://fr.wikipedia.org/w/index.php?search=Assassinat%20de%20Qassem%20Soleimani
2020-01-03,mort,documenté,Tentative d'assassinat d'Abdul Reza Shahlai,Yémen,"Le jour de la mort de Soleimani, une frappe américaine vise sans succès au Yémen ce commandant de la force Al-Qods, selon le Washington Post.",Yémen,"15.35,44.21",https://en.wikipedia.org/w/index.php?search=Abdul%20Reza%20Shahlai
2020-01-05,sabot,reconnu,Trump menace l'Irak de sanctions,"Bagdad, Irak","Après le vote du Parlement irakien demandant le départ des troupes étrangères, Trump menace l'Irak de sanctions « comme il n'en a jamais vu » et exige d'être remboursé pour les bases américaines.",Irak,"33.31,44.37",https://en.wikipedia.org/w/index.php?search=Iraq%E2%80%93United%20States%20relations
2020-01-10,sabot,reconnu,Décret 13902 sur l'économie iranienne,"Téhéran, Iran","Après les tirs de missiles contre des bases américaines en Irak, Trump autorise des sanctions contre les secteurs iraniens de la construction, du textile, des mines et de l'industrie.",Iran,"35.69,51.39",https://en.wikipedia.org/wiki/United_States_sanctions_against_Iran
2020-01-16,arme,reconnu,Le GAO juge le gel de l'aide illégal,"Washington, à propos de l'Ukraine",Le Government Accountability Office conclut que la suspension de l'aide à l'Ukraine par l'administration Trump a violé la loi sur le contrôle des crédits (Impoundment Control Act).,Ukraine,"50.45,30.52",https://www.gao.gov/products/b-331564
2020-01-31,sabot,reconnu,"Airbus paie 3,6 milliards d'euros","Toulouse, France","Accord avec les justices française, britannique et américaine pour corruption et violations des règles américaines d'exportation d'armes (ITAR).",France,"43.6,1.44",https://en.wikipedia.org/w/index.php?search=Airbus%20corruption%20settlement%202020
2020-02-02,crime,reconnu,Frappe de Jilib : Nurto Kusow tuée,"Jilib, Somalie","Une frappe américaine tue Nurto Kusow Omar, 18 ans, et blesse deux de ses sœurs près de Jilib. L'AFRICOM reconnaît en avril 2020 la mort d'une civile.",Somalie,"0.49,42.79",https://en.wikipedia.org/w/index.php?search=Nurto%20Kusow%20Omar%20Jilib%20airstrike
2020-02-11,espion,documenté,"Crypto AG, la machine truquée","Zoug, Suisse",Le Washington Post et la ZDF révèlent que la CIA et le BND possédaient en secret l'entreprise suisse et lisaient les messages chiffrés de plus de 100 pays clients.,Suisse; Argentine; Inde; Arabie saoudite,"47.17,8.52; -34.6,-58.38; 28.61,77.21; 24.69,46.72",https://fr.wikipedia.org/w/index.php?search=Crypto%20AG
2020-02-18,sabot,reconnu,Rosneft Trading sanctionnée,"Caracas, Venezuela","Le Trésor sanctionne Rosneft Trading, filiale suisse de Rosneft, pour son rôle dans la commercialisation du pétrole vénézuélien.",Venezuela,"10.49,-66.9",https://en.wikipedia.org/wiki/International_sanctions_during_the_Venezuelan_crisis
2020-02-29,arme,reconnu,Accord de Doha avec les talibans,"Doha, Qatar / Afghanistan","Washington signe avec les talibans, sans le gouvernement afghan, un accord de retrait. Il impose à Kaboul de libérer 5 000 prisonniers talibans.",Afghanistan,"34.53,69.17",https://en.wikipedia.org/w/index.php?search=Doha%20Agreement%20%282020%29
2020-03,cyber,allégué,Dix ans de piratage selon Qihoo 360,"Pékin, Chine","L'entreprise chinoise accuse la CIA d'avoir piraté l'aviation, le pétrole et des administrations chinoises de 2008 à 2019, à partir des outils de Vault 7.",Chine,"39.9,116.4",https://en.wikipedia.org/w/index.php?search=Qihoo%20360%20CIA%20hacking%20China%202020
2020-03-13,arme,reconnu,Frappes après l'attaque de Camp Taji,"Karbala, Irak","En représailles à une attaque de roquettes, les États-Unis frappent des sites du Kataeb Hezbollah. L'armée irakienne dit que les frappes ont tué des soldats, des policiers et un civil, notamment à l'aéroport en construction de Karbala.",Irak,"32.62,44.02",https://en.wikipedia.org/w/index.php?search=March%202020%20Camp%20Taji%20attacks
2020-03-26,coup,reconnu,Maduro inculpé pour narcoterrorisme,"New York, États-Unis","La justice américaine inculpe Maduro et une quinzaine de dirigeants, dont Diosdado Cabello, pour narcoterrorisme et trafic de cocaïne avec les FARC.",Venezuela,"10.5,-66.9",https://fr.wikipedia.org/w/index.php?search=Nicol%C3%A1s%20Maduro
2020-03-26,mort,reconnu,Prime de 15 millions de dollars sur Maduro,"Washington, États-Unis","Le département d'État offre jusqu'à 15 millions de dollars pour toute information menant à l'arrestation de Maduro, et 10 millions pour d'autres dirigeants.",Venezuela,"10.5,-66.9",https://fr.wikipedia.org/w/index.php?search=Nicol%C3%A1s%20Maduro
2020-03-31,coup,reconnu,Plan de « transition démocratique »,"Washington, États-Unis","Mike Pompeo propose un gouvernement de transition sans Maduro ni Guaidó, en échange d'une levée progressive des sanctions. Caracas rejette le plan.",Venezuela,"10.5,-66.9",https://fr.wikipedia.org/w/index.php?search=Crise%20pr%C3%A9sidentielle%20v%C3%A9n%C3%A9zu%C3%A9lienne
2020-04-01,arme,reconnu,Déploiement naval antidrogue dans les Caraïbes,Mer des Caraïbes,"Trump annonce un renforcement des navires et avions militaires dans les Caraïbes, présenté comme antidrogue quelques jours après l'inculpation de Maduro.",Venezuela,"12.3,-66.5",https://fr.wikipedia.org/w/index.php?search=Nicol%C3%A1s%20Maduro
2020-05-03,coup,allégué,Opération Gedeón,"Macuto, Venezuela",Débarquement raté mené avec la société américaine Silvercorp ; deux anciens soldats américains sont capturés. Washington nie toute implication.,Venezuela,"10.61,-66.89",https://en.wikipedia.org/w/index.php?search=Operation%20Gideon%20%282020%29
2020-05-15,sabot,reconnu,Huawei coupé des puces de TSMC,"Shenzhen, Chine","Washington étend ses règles d'exportation à toute puce fabriquée avec des outils américains, ce qui prive Huawei de son fondeur taïwanais TSMC.",Chine; Taïwan,"22.54,114.06; 25.03,121.56",https://en.wikipedia.org/w/index.php?search=Foreign%20Direct%20Product%20Rule%20Huawei%202020
2020-06-11,sabot,reconnu,Décret 13928 contre la CPI,"La Haye, Pays-Bas",Trump autorise des sanctions contre les personnels de la Cour pénale internationale enquêtant sur des Américains ou des alliés sans leur consentement.,Pays-Bas,"52.08,4.3",https://en.wikipedia.org/wiki/Executive_Order_13928
2020-06-12,mort,reconnu,Arrestation d'Alex Saab au Cap-Vert,"Île de Sal, Cap-Vert","À la demande de Washington, Alex Saab est arrêté lors d'une escale au Cap-Vert. Caracas, qui le présente comme un diplomate, dénonce un enlèvement ; il est extradé vers les États-Unis le 16 octobre 2021.",Cap-Vert,"16.74,-22.94",https://fr.wikipedia.org/w/index.php?search=Alex%20Saab
2020-06-17,sabot,reconnu,Loi César contre la Syrie,"Damas, Syrie","Entrée en vigueur de sanctions qui frappent toute entreprise, même étrangère, commerçant avec l'État syrien. L'ONU s'inquiète de leurs effets sur une population déjà appauvrie.",Syrie,"33.51,36.29",https://en.wikipedia.org/w/index.php?search=Caesar%20Syria%20Civilian%20Protection%20Act
2020-06-17,sabot,reconnu,Loi sur les droits des Ouïghours,"Ürümqi, Chine","Trump signe l'Uyghur Human Rights Policy Act, qui impose de sanctionner les responsables de la répression au Xinjiang.",Chine (Xinjiang),"43.83,87.62",https://en.wikipedia.org/w/index.php?search=Uyghur%20Human%20Rights%20Policy%20Act
2020-07,coup,allégué,« Coup du lithium » dénoncé par Morales,"Salar d'Uyuni, Bolivie",Elon Musk écrit sur Twitter « Nous ferons un coup contre qui nous voulons ». Morales y voit la preuve d'un coup lié au lithium bolivien ; aucun rôle gouvernemental américain n'est établi.,Bolivie,"-20.3,-67.5",https://en.wikipedia.org/w/index.php?search=Lithium%20in%20Bolivia%20coup%20Musk
2020-07,sabot,reconnu,Licence à Delta Crescent Energy,Nord-est de la Syrie,Le Trésor accorde une licence à la société américaine Delta Crescent Energy pour exploiter le pétrole dans les zones kurdes. Mike Pompeo le confirme au Sénat. Damas dénonce un vol de ses ressources.,Syrie,"36.9,41.0",https://en.wikipedia.org/w/index.php?search=Delta%20Crescent%20Energy
2020-07-09,sabot,reconnu,Chen Quanguo sanctionné,"Ürümqi, Chine","Le Trésor sanctionne Chen Quanguo, chef du Parti au Xinjiang, et d'autres cadres au titre de la loi Magnitsky.",Chine (Xinjiang),"43.83,87.62",https://en.wikipedia.org/w/index.php?search=Chen%20Quanguo
2020-07-14,sabot,reconnu,Huawei exclu de la 5G britannique,"Londres, Royaume-Uni","Après les sanctions américaines et des mois de pression de Washington, Londres ordonne de retirer Huawei de ses réseaux 5G d'ici 2027.",Royaume-Uni,"51.5,-0.12",https://en.wikipedia.org/w/index.php?search=Huawei%205G%20United%20Kingdom%20ban%202020
2020-07-14,sabot,reconnu,Fin du statut spécial de Hong Kong,Hong Kong,"Trump signe le Hong Kong Autonomy Act et un décret qui retire à Hong Kong son traitement préférentiel, après la loi sur la sécurité nationale.",Hong Kong,"22.28,114.17",https://en.wikipedia.org/w/index.php?search=Hong%20Kong%20Autonomy%20Act
2020-07-21,sabot,reconnu,Fermeture du consulat chinois de Houston,"Houston, États-Unis","Washington ordonne la fermeture en 72 heures du consulat chinois de Houston, accusé d'espionnage et de vol de propriété intellectuelle.",Chine,"39.9,116.4",https://fr.wikipedia.org/w/index.php?search=Consulat%20g%C3%A9n%C3%A9ral%20de%20Chine%20%C3%A0%20Houston
2020-07-24,espion,allégué,Consulat américain de Chengdu fermé,"Chengdu, Chine","En représailles, Pékin ferme le consulat américain de Chengdu, accusé d'ingérence dans les affaires intérieures chinoises, notamment au Tibet.",Chine,"30.67,104.07",https://en.wikipedia.org/w/index.php?search=Consulate%20General%20of%20the%20United%20States%2C%20Chengdu
2020-07-31,sabot,reconnu,Le Bingtuan du Xinjiang sanctionné,"Ürümqi, Chine","Le Trésor sanctionne le Corps de production et de construction du Xinjiang, conglomérat paramilitaire, pour violations des droits des Ouïghours.",Chine (Xinjiang),"43.83,87.62",https://en.wikipedia.org/w/index.php?search=Xinjiang%20Production%20and%20Construction%20Corps
2020-08,info,allégué,Contestation en Biélorussie,"Minsk, Biélorussie",Loukachenko dénonce une révolution de couleur pilotée depuis l'Occident après sa réélection contestée ; il n'en apporte pas la preuve.,Biélorussie,"53.9,27.56",https://fr.wikipedia.org/w/index.php?search=Manifestations%20de%202020%20en%20Bi%C3%A9lorussie
2020-08-05,sabot,reconnu,Programme « Clean Network »,"Pékin, Chine","Pompeo lance Clean Network pour exclure les entreprises chinoises des réseaux, du cloud et des câbles, et presse les alliés de bannir Huawei de la 5G.",Chine,"39.9,116.4",https://en.wikipedia.org/w/index.php?search=Clean%20Network
2020-08-05,sabot,reconnu,Menaces contre le port de Sassnitz,"Sassnitz, Allemagne",Trois sénateurs américains menacent la direction du port de Mukran d'une « destruction financière » s'il continue de servir le chantier Nord Stream 2.,Allemagne,"54.52,13.64",https://fr.wikipedia.org/w/index.php?search=Nord%20Stream%202
2020-08-06,sabot,reconnu,Décrets contre TikTok et WeChat,"Pékin, Chine",Trump signe deux décrets interdisant les transactions avec ByteDance et Tencent pour TikTok et WeChat. Les tribunaux en bloquent l'application.,Chine,"39.9,116.4",https://en.wikipedia.org/w/index.php?search=Executive%20Order%2013942
2020-08-07,sabot,reconnu,Carrie Lam sanctionnée,Hong Kong,Le Trésor sanctionne la cheffe de l'exécutif Carrie Lam et dix responsables hongkongais et chinois pour la répression à Hong Kong.,Hong Kong,"22.28,114.17",https://en.wikipedia.org/w/index.php?search=Carrie%20Lam%20sanctions
2020-08-14,sabot,reconnu,Saisie de carburant iranien pour le Venezuela,Mer des Caraïbes,Le ministère de la Justice annonce la saisie des cargaisons de quatre pétroliers transportant de l'essence iranienne vers le Venezuela.,Venezuela,"12.3,-66.5",https://en.wikipedia.org/w/index.php?search=Iran-Venezuela%20relations%20tankers%20seizure%202020
2020-08-18,coup,reconnu,"Coup de Goïta, partenaire des forces US","Kati, Mali","Le colonel Assimi Goïta, qui renverse Ibrahim Boubacar Keïta, avait travaillé avec les forces spéciales américaines et participé aux exercices Flintlock, confirme l'AFRICOM.",Mali,"12.74,-8.07",https://en.wikipedia.org/w/index.php?search=2020%20Malian%20coup%20d%27%C3%A9tat
2020-09,espion,allégué,Arrestation de l'ex-marine Matthew Heath,"Falcón, Venezuela",Caracas arrête un ancien marine américain près de raffineries et l'accuse d'espionnage et de sabotage. Washington dément.,Venezuela,"11.7,-70.2",https://en.wikipedia.org/w/index.php?search=Matthew%20Heath%20Venezuela
2020-09-02,sabot,reconnu,La procureure de la CPI sanctionnée,"La Haye, Pays-Bas","L'administration Trump sanctionne Fatou Bensouda, qui enquête sur les crimes commis en Afghanistan, y compris par des Américains.",Pays-Bas,"52.08,4.3",https://en.wikipedia.org/w/index.php?search=Fatou%20Bensouda%20United%20States%20sanctions
2020-09-19,sabot,reconnu,Snapback revendiqué contre l'avis de l'ONU,"New York, États-Unis",Washington déclare rétablies les sanctions de l'ONU contre l'Iran. La plupart des membres du Conseil de sécurité jugent la démarche sans effet juridique.,Iran,"35.69,51.39",https://fr.wikipedia.org/w/index.php?search=Plan%20d%27action%20global%20commun
2020-09-23,sabot,reconnu,"Hôtels d'État, rhum et cigares interdits","Washington, États-Unis",Trump interdit aux Américains de séjourner dans des hôtels liés à l'État cubain et d'importer du rhum et des cigares cubains.,Cuba,"23.11,-82.37",https://en.wikipedia.org/w/index.php?search=Cuba%20Prohibited%20Accommodations%20List
2020-10,sabot,reconnu,J&F (JBS) paie la justice américaine,"São Paulo, Brésil","Le holding des frères Batista accepte environ 256 millions de dollars de pénalités pour des faits de corruption au Brésil, au titre de la loi FCPA.",Brésil,"-23.55,-46.63",https://en.wikipedia.org/w/index.php?search=J%26F%20Investimentos%20FCPA%20settlement
2020-10,sabot,reconnu,Levée du classement en échange d'Israël,"Khartoum, Soudan",Trump retire le Soudan de la liste des États terroristes après le versement de 335 millions de dollars aux victimes d'attentats et l'engagement de Khartoum à normaliser ses relations avec Israël.,Soudan,"15.5,32.53",https://en.wikipedia.org/w/index.php?search=Israel%E2%80%93Sudan%20normalization%20agreement
2020-10-08,sabot,reconnu,Dix-huit banques iraniennes sanctionnées,"Washington, États-Unis","En pleine pandémie de Covid-19, Washington sanctionne 18 banques iraniennes, isolant davantage le secteur financier. Des ONG alertent sur l'accès aux médicaments.",Iran,"35.69,51.39",https://fr.wikipedia.org/w/index.php?search=Sanctions%20contre%20l%27Iran
2020-11,espion,documenté,La NSA espionne l'industrie danoise,"Copenhague, Danemark","En novembre 2020, la radio DR révèle que la NSA a utilisé les câbles d'accès du renseignement militaire danois (FE) pour espionner des ministères et l'industriel Terma. Le chef du FE avait été suspendu en août après l'alerte d'un lanceur d'alerte.",Danemark,"55.68,12.57",https://en.wikipedia.org/w/index.php?search=Forsvarets%20Efterretningstjeneste
2020-11,sabot,reconnu,Fin des transferts de Western Union vers Cuba,"La Havane, Cuba","Une règle du Trésor interdit les envois d'argent via des entités liées à l'armée cubaine. Western Union ferme ses 400 agences cubaines, principal canal des envois familiaux.",Cuba,"23.11,-82.37",https://en.wikipedia.org/w/index.php?search=Western%20Union%20Cuba%202020
2020-11-12,sabot,reconnu,Investissements interdits dans 31 firmes,"Pékin, Chine",Un décret interdit aux Américains d'investir dans des entreprises chinoises désignées comme liées à l'armée.,Chine,"39.9,116.4",https://en.wikipedia.org/w/index.php?search=Executive%20Order%2013959
2020-12-10,info,reconnu,Sahara occidental reconnu marocain,"Laâyoune, Sahara occidental","Donald Trump reconnaît la souveraineté du Maroc sur le Sahara occidental, contre la position de l'ONU, en échange de la normalisation entre Rabat et Israël.",Sahara occidental,"27.15,-13.2",https://en.wikipedia.org/w/index.php?search=Israel%E2%80%93Morocco%20normalization%20agreement
2020-12-14,sabot,reconnu,Sanction CAATSA contre la Turquie,"Ankara, Turquie","Washington sanctionne l'agence turque des industries de défense (SSB) et son président pour l'achat du système russe S-400, en application de la loi CAATSA.",Turquie,"39.93,32.85",https://en.wikipedia.org/wiki/Countering_America%27s_Adversaries_Through_Sanctions_Act
2020-12-18,sabot,reconnu,SMIC et DJI sur la liste noire,"Shanghai, Chine","Le Commerce inscrit le fondeur de puces SMIC et le fabricant de drones DJI, avec des dizaines d'autres sociétés, sur l'Entity List.",Chine,"31.23,121.47",https://en.wikipedia.org/w/index.php?search=Semiconductor%20Manufacturing%20International%20Corporation
2020-12-21,info,reconnu,Inculpation de Mas'ud pour Lockerbie,"Tripoli, Libye","Le ministre de la Justice William Barr annonce l'inculpation de l'ancien agent libyen Abou Agila Mas'ud, accusé d'avoir fabriqué la bombe de Lockerbie, sur la foi d'aveux faits en détention en Libye.",Libye,"32.89,13.19",https://en.wikipedia.org/w/index.php?search=Abu%20Agila%20Mas%27ud
2021-01-11,sabot,reconnu,Cuba réinscrite sur la liste terroriste,"La Havane, Cuba","À neuf jours de son départ, l'administration Trump replace Cuba parmi les États soutenant le terrorisme, ce qui coupe l'île d'une grande partie du système bancaire.",Cuba,"23.11,-82.37",https://en.wikipedia.org/w/index.php?search=State%20Sponsors%20of%20Terrorism%20Cuba%202021
2021-01-13,sabot,reconnu,Coton et tomates du Xinjiang interdits,"Ürümqi, Chine","Les douanes bloquent toutes les importations de coton et de tomates du Xinjiang, invoquant le travail forcé.",Chine (Xinjiang),"43.83,87.62",https://en.wikipedia.org/w/index.php?search=Xinjiang%20cotton%20ban%202021
2021-01-19,sabot,reconnu,Houthis désignés terroristes,"Sanaa, Yémen",La désignation des Houthis comme organisation terroriste entre en vigueur malgré les avertissements de l'ONU sur la famine. L'administration Biden l'annule le mois suivant.,Yémen,"15.35,44.21",https://fr.wikipedia.org/w/index.php?search=Houthis
2021-02-25,arme,reconnu,Frappes près d'Abou Kamal,"Abou Kamal, Syrie","Premières frappes ordonnées par Joe Biden, contre des installations de milices pro-iraniennes à la frontière irako-syrienne, en représailles à des attaques de roquettes en Irak.",Syrie,"34.45,40.92",https://en.wikipedia.org/w/index.php?search=February%202021%20United%20States%20airstrike%20in%20Syria
2021-03-01,arme,reconnu,Paquet USAI de 125 millions,"Kyiv, Ukraine","Le Pentagone annonce 125 millions de dollars d'aide au titre de l'USAI, dont deux patrouilleurs armés, des radars et du matériel médical.",Ukraine,"50.45,30.52",https://crsreports.congress.gov/product/pdf/IF/IF12040
2021-03-02,sabot,reconnu,Sanctions après l'empoisonnement de Navalny,"Moscou, Russie","Le Trésor, le Commerce et le département d'État sanctionnent sept hauts responsables russes, dont le directeur du FSB, et des entités liées aux armes chimiques après l'empoisonnement d'Alexeï Navalny.",Russie,"55.75,37.62",https://en.wikipedia.org/wiki/International_sanctions_during_the_Russo-Ukrainian_War
2021-03-22,sabot,reconnu,Sanctions coordonnées sur le Xinjiang,"Ürümqi, Chine","Avec l'UE, le Royaume-Uni et le Canada, Washington sanctionne deux responsables du Xinjiang, Wang Junzheng et Chen Mingguo.",Chine (Xinjiang),"43.83,87.62",https://en.wikipedia.org/w/index.php?search=Wang%20Junzheng%20sanctions
2021-04-15,sabot,reconnu,Sanctions après SolarWinds,"Moscou, Russie","Biden expulse dix diplomates et interdit aux banques américaines d'acheter la dette souveraine russe à l'émission, en réponse au piratage SolarWinds et à l'ingérence électorale.",Russie,"55.75,37.62",https://en.wikipedia.org/w/index.php?search=2020%20United%20States%20federal%20government%20data%20breach
2021-05-30,espion,documenté,Opération Dunhammer,"Copenhague, Danemark","Selon la télévision DR, le renseignement danois a aidé la NSA à espionner Merkel et des responsables allemands, suédois, norvégiens et français (2012-2014).",Danemark; Allemagne; Suède; Norvège; France,"55.68,12.57; 52.52,13.4; 59.33,18.07; 59.91,10.75; 48.86,2.35",https://en.wikipedia.org/w/index.php?search=Operation%20Dunhammer
2021-06,info,documenté,AUKUS négocié dans le dos de la France,"Cornouailles, Royaume-Uni","Selon la presse australienne et britannique, Biden, Boris Johnson et Scott Morrison discutent du projet en marge du G7, sans en informer Paris.",France; Australie,"48.86,2.35; -35.28,149.13",https://fr.wikipedia.org/w/index.php?search=AUKUS
2021-06-02,sabot,reconnu,Sanctions Magnitsky en Bulgarie,"Sofia, Bulgarie","Le Trésor sanctionne le député Delyan Peevski et d'autres personnalités bulgares pour corruption, une intervention rare dans la politique d'un État membre de l'UE.",Bulgarie,"42.7,23.32",https://en.wikipedia.org/w/index.php?search=Delyan%20Peevski
2021-06-03,sabot,reconnu,Liste noire d'investissement élargie,"Pékin, Chine","Biden étend l'interdiction d'investir à 59 entreprises chinoises de la défense et de la surveillance, dont Huawei et Hikvision.",Chine,"39.9,116.4",https://en.wikipedia.org/w/index.php?search=Executive%20Order%2014032
2021-06-21,sabot,reconnu,Sanctions après le détournement du vol Ryanair,"Minsk, Biélorussie","Coordonnées avec l'UE, le Royaume-Uni et le Canada, des sanctions visent 16 personnes et 5 entités biélorusses après le déroutement d'un vol Ryanair pour arrêter Roman Protassevitch.",Biélorussie,"53.9,27.56",https://ofac.treasury.gov/sanctions-programs-and-country-information/belarus-sanctions
2021-06-27,arme,reconnu,Frappes à la frontière irako-syrienne,"Al-Qaïm, Irak","Sur ordre de Biden, des avions frappent des installations de milices pro-iraniennes près d'al-Qaïm et en Syrie. Le gouvernement irakien dénonce une violation de sa souveraineté.",Irak,"34.37,41.02",https://en.wikipedia.org/w/index.php?search=June%202021%20United%20States%20airstrikes%20in%20Iraq%20and%20Syria
2021-07-07,mort,reconnu,Un informateur de la DEA parmi les assassins,"Port-au-Prince, Haïti","Plusieurs suspects de l'assassinat du président Jovenel Moïse avaient été informateurs de la DEA ou du FBI, ce que ces agences ont reconnu. Aucune preuve ne relie Washington à l'ordre de tuer.",Haïti,"18.54,-72.34",https://fr.wikipedia.org/w/index.php?search=Assassinat%20de%20Jovenel%20Mo%C3%AFse
2021-07-11,info,allégué,Manifestations du 11 juillet à Cuba,"La Havane, Cuba",Le gouvernement cubain accuse Washington d'avoir orchestré les manifestations via les réseaux sociaux ; aucune preuve n'en est apportée.,Cuba,"23.11,-82.37",https://fr.wikipedia.org/w/index.php?search=Manifestations%20de%202021%20%C3%A0%20Cuba
2021-07-17,coup,reconnu,Le Core Group adoube Ariel Henry,"Port-au-Prince, Haïti","Après l'assassinat de Moïse, le « Core Group » des ambassadeurs, dont celui des États-Unis, appelle Ariel Henry à former un gouvernement. Il gouverne sans élection jusqu'en 2024.",Haïti,"18.54,-72.34",https://fr.wikipedia.org/w/index.php?search=Ariel%20Henry
2021-07-22,sabot,reconnu,Sanctions après les manifestations de juillet,"Washington, États-Unis",Le Trésor sanctionne le ministre des Forces armées Álvaro López Miera et l'unité spéciale des Bérets noirs pour la répression des manifestations du 11 juillet.,Cuba,"23.11,-82.37",https://en.wikipedia.org/w/index.php?search=%C3%81lvaro%20L%C3%B3pez%20Miera%20sanctions
2021-08,sabot,reconnu,Gel des réserves de la banque centrale afghane,"Kaboul, Afghanistan","Dès la chute de Kaboul, le Trésor bloque environ 7 milliards de dollars de la banque centrale placés aux États-Unis et coupe les livraisons de dollars, ce qui provoque une crise de liquidités.",Afghanistan,"34.53,69.17",https://en.wikipedia.org/w/index.php?search=Da%20Afghanistan%20Bank%20frozen%20assets
2021-08-09,sabot,reconnu,Sanctions contre Belaruskali,"Minsk, Biélorussie","Un an après la présidentielle contestée, Washington sanctionne le producteur de potasse Belaruskali et le Comité national olympique biélorusse.",Biélorussie,"53.9,27.56",https://en.wikipedia.org/w/index.php?search=Belaruskali
2021-08-20,sabot,reconnu,Nouvelles sanctions liées à Navalny,"Moscou, Russie",Washington annonce une nouvelle série de sanctions au titre de la loi sur les armes chimiques contre des responsables du FSB impliqués dans l'empoisonnement d'Alexeï Navalny.,Russie,"55.75,37.62",https://en.wikipedia.org/wiki/International_sanctions_during_the_Russo-Ukrainian_War
2021-08-27,arme,reconnu,Prélèvement de 60 millions,"Kyiv, Ukraine","Biden autorise un premier prélèvement présidentiel (PDA) de 60 millions de dollars, comprenant des missiles Javelin, annoncé lors de la visite de Zelensky à Washington.",Ukraine,"50.45,30.52",https://en.wikipedia.org/wiki/Presidential_Drawdown_Authority
2021-08-29,crime,reconnu,Frappe de drone à Kaboul,"Kaboul, Afghanistan","Pendant l'évacuation, un drone tue le travailleur humanitaire Zemari Ahmadi et neuf membres de sa famille, dont sept enfants. Le Pentagone reconnaît une « erreur tragique », sans sanction.",Afghanistan,"34.53,69.17",https://fr.wikipedia.org/w/index.php?search=Frappe%20de%20drone%20%C3%A0%20Kaboul%20du%2029%20ao%C3%BBt%202021
2021-09-05,coup,reconnu,Putsch de Doumbouya pendant une formation US,"Conakry, Guinée",Des Bérets verts américains formaient les forces spéciales guinéennes de Mamady Doumbouya quand celles-ci renversent Alpha Condé. Washington condamne le coup et suspend la formation.,Guinée,"9.51,-13.71",https://en.wikipedia.org/w/index.php?search=2021%20Guinean%20coup%20d%27%C3%A9tat
2021-09-15,sabot,reconnu,AUKUS : le « contrat du siècle » rompu,"Canberra, Australie","L'annonce du pacte AUKUS entraîne l'abandon par l'Australie des 12 sous-marins de Naval Group, un contrat de 56 milliards d'euros, au profit de sous-marins nucléaires américains ou britanniques. Paris rappelle ses ambassadeurs à Washington et Canberra.",France,"48.86,2.35; 49.64,-1.62",https://fr.wikipedia.org/w/index.php?search=AUKUS
2021-10,arme,reconnu,Forces spéciales américaines à Taïwan,Taïwan,Le Wall Street Journal révèle que des militaires américains entraînent en secret l'armée taïwanaise ; la présidente Tsai Ing-wen le confirme.,Taïwan,"25.04,121.56",https://en.wikipedia.org/w/index.php?search=US%20troops%20training%20Taiwan%202021
2021-11-10,sabot,reconnu,Loi RENACER,"Washington, États-Unis","Biden signe une loi qui renforce les sanctions et la surveillance des prêts au Nicaragua, trois jours après la réélection contestée d'Ortega.",Nicaragua,"12.13,-86.25",https://en.wikipedia.org/w/index.php?search=RENACER%20Act
2021-11-15,sabot,reconnu,Sanctions après la réélection d'Ortega,"Managua, Nicaragua","Après une élection jugée non libre par Washington, le Trésor sanctionne le ministère public nicaraguayen et neuf responsables.",Nicaragua,"12.13,-86.25",https://www.malaymail.com/news/world/2021/11/16/us-sanctions-nicaragua-officials-over-sham-elections/2021231
2021-12-02,sabot,reconnu,Sanctions coordonnées contre la Biélorussie,"Minsk, Biélorussie","Les États-Unis, l'UE, le Royaume-Uni et le Canada sanctionnent des dizaines de responsables et d'entreprises d'État biélorusses, dont des exportateurs de potasse, pour la répression et la crise migratoire.",Biélorussie,"53.9,27.56",https://ofac.treasury.gov/sanctions-programs-and-country-information/belarus-sanctions
2021-12-23,sabot,reconnu,Loi contre le travail forcé ouïghour,"Ürümqi, Chine",Biden signe l'Uyghur Forced Labor Prevention Act : tout produit du Xinjiang est présumé issu du travail forcé et interdit d'importation.,Chine (Xinjiang),"43.83,87.62",https://en.wikipedia.org/w/index.php?search=Uyghur%20Forced%20Labor%20Prevention%20Act
2021-12-28,arme,reconnu,Prélèvement de 200 millions,"Kyiv, Ukraine",Biden autorise un prélèvement de 200 millions de dollars d'armes et de munitions sur les stocks du Pentagone alors que des troupes russes se massent à la frontière.,Ukraine,"50.45,30.52",https://en.wikipedia.org/wiki/Presidential_Drawdown_Authority
2022,arme,documenté,Cellule de ciblage de Wiesbaden,"Wiesbaden, Allemagne","Selon le New York Times (2025), une cellule américaine fournit chaque jour à l'Ukraine des coordonnées de cibles russes et aide à planifier ses offensives.",Ukraine,"50.45,30.52",https://en.wikipedia.org/w/index.php?search=Task%20Force%20Dragon%20Ukraine
2022-01-10,sabot,reconnu,Sanctions le jour de l'investiture d'Ortega,"Managua, Nicaragua","Le jour de l'investiture d'Ortega, Washington sanctionne six responsables et restreint les visas de plus de 100 élus et magistrats.",Nicaragua,"12.13,-86.25",https://www.aljazeera.com/amp/economy/2022/1/10/us-slaps-new-sanctions-on-nicaragua-on-ortegas-inauguration-day
2022-01-24,coup,reconnu,"Damiba, formé par les USA, renverse Kaboré","Ouagadougou, Burkina Faso","Le lieutenant-colonel Paul-Henri Sandaogo Damiba avait participé à plusieurs formations et exercices américains, confirme l'AFRICOM. Il renverse le président Roch Marc Christian Kaboré.",Burkina Faso,"12.37,-1.53",https://en.wikipedia.org/w/index.php?search=January%202022%20Burkina%20Faso%20coup%20d%27%C3%A9tat
2022-02-03,mort,reconnu,Raid contre Abou Ibrahim al-Qourachi,"Atmeh, Syrie","Les forces spéciales attaquent la maison du chef de l'État islamique, qui se fait exploser. Treize personnes meurent, dont six enfants selon les secouristes locaux ; le Pentagone attribue la plupart des morts au chef djihadiste.",Syrie,"36.32,36.68",https://fr.wikipedia.org/w/index.php?search=Raid%20d%27Atm%C3%A9
2022-02-11,sabot,reconnu,Réserves afghanes gelées,"Kaboul, Afghanistan","Biden bloque 7 milliards de dollars de la banque centrale afghane, dont la moitié réservée aux familles des victimes du 11 Septembre, en pleine crise humanitaire.",Afghanistan,"34.53,69.17",https://en.wikipedia.org/w/index.php?search=Da%20Afghanistan%20Bank%20frozen%20assets
2022-02-21,sabot,reconnu,Décret 14065 contre les régions séparatistes,"Donetsk, Ukraine","Après la reconnaissance des républiques de Donetsk et de Louhansk par Moscou, Biden interdit tout commerce et investissement américain dans ces territoires.",Ukraine,"48.0,37.8",https://en.wikipedia.org/wiki/International_sanctions_during_the_Russian_invasion_of_Ukraine
2022-02-22,sabot,reconnu,Sanctions contre VEB et la dette russe,"Moscou, Russie","Après la reconnaissance des républiques du Donbass, Washington sanctionne VEB et Promsviazbank et interdit le commerce de la dette souveraine russe.",Russie,"55.75,37.62",https://en.wikipedia.org/w/index.php?search=International%20sanctions%20during%20the%20Russian%20invasion%20of%20Ukraine
2022-02-23,cyber,allégué,Porte dérobée Bvp47,"Pékin, Chine","Le laboratoire chinois Pangu Lab attribue à Equation Group, lié à la NSA, la porte dérobée Bvp47 trouvée dans des systèmes de 45 pays dont la Chine.",Chine,"39.9,116.4",https://en.wikipedia.org/w/index.php?search=Bvp47%20Pangu%20Lab
2022-02-24,sabot,reconnu,Sanctions contre Sberbank et VTB,"Moscou, Russie","Au jour de l'invasion, le Trésor bloque VTB et d'autres banques, coupe Sberbank du dollar et le Commerce impose des contrôles à l'exportation sur les technologies destinées à la Russie et à la Biélorussie.",Russie,"55.75,37.62",https://en.wikipedia.org/wiki/International_sanctions_during_the_Russian_invasion_of_Ukraine
2022-02-25,sabot,reconnu,Vladimir Poutine sanctionné personnellement,"Moscou, Russie","Le Trésor gèle les avoirs de Vladimir Poutine et de Sergueï Lavrov, ainsi que d'autres membres du Conseil de sécurité russe.",Russie,"55.75,37.62",https://en.wikipedia.org/wiki/International_sanctions_during_the_Russian_invasion_of_Ukraine
2022-02-26,sabot,reconnu,Exclusion de banques russes de SWIFT,"Moscou, Russie","Les États-Unis, l'UE, le Royaume-Uni et le Canada annoncent l'exclusion de banques russes choisies du système SWIFT et des mesures contre la Banque centrale.",Russie,"55.75,37.62",https://en.wikipedia.org/wiki/International_sanctions_during_the_Russian_invasion_of_Ukraine
2022-02-26,arme,reconnu,Prélèvement de 350 millions,"Kyiv, Ukraine","Au lendemain de l'invasion, Biden autorise 350 millions de dollars d'armes, dont des Javelin et des missiles antiaériens Stinger.",Ukraine,"50.45,30.52",https://en.wikipedia.org/wiki/List_of_military_aid_to_Ukraine_during_the_Russo-Ukrainian_War
2022-02-28,sabot,reconnu,Gel des réserves de la Banque de Russie,"Moscou, Russie","Avec le G7 et l'UE, Washington interdit toute transaction avec la banque centrale russe, gelant une large part de ses réserves de change. Quelques banques russes sont exclues de SWIFT.",Russie,"55.75,37.62",https://fr.wikipedia.org/w/index.php?search=Sanctions%20contre%20la%20Russie%20depuis%202022
2022-03,info,allégué,Laboratoires biologiques en Ukraine allégués,"Kiev, Ukraine","Moscou accuse Washington de financer des laboratoires d'armes biologiques en Ukraine. Les laboratoires existent, financés par un programme public de réduction des menaces, mais aucune preuve d'armes n'a été apportée.",Ukraine,"50.45,30.52",https://en.wikipedia.org/w/index.php?search=Ukraine%20bioweapons%20conspiracy%20theory
2022-03-01,sabot,reconnu,Espace aérien fermé aux avions russes,"Moscou, Russie",Biden annonce dans son discours sur l'état de l'Union la fermeture de l'espace aérien américain aux compagnies russes.,Russie,"55.75,37.62",https://en.wikipedia.org/wiki/International_sanctions_during_the_Russian_invasion_of_Ukraine
2022-03-02,sabot,reconnu,Task Force KleptoCapture,"Washington, États-Unis","Le département de la Justice crée une cellule chargée de saisir yachts, avions et avoirs des oligarques russes, dont le yacht Amadea.",Russie,"55.75,37.62",https://en.wikipedia.org/w/index.php?search=Task%20Force%20KleptoCapture
2022-03-07,coup,allégué,Le « cipher » d'Imran Khan,"Islamabad, Pakistan",Un câble publié par The Intercept rapporte que le diplomate Donald Lu souhaitait le départ du Premier ministre. Khan est renversé un mois plus tard ; Washington dément.,Pakistan,"33.68,73.05",https://en.wikipedia.org/w/index.php?search=Cypher%20case
2022-03-08,sabot,reconnu,Embargo sur le pétrole russe,"Washington, États-Unis","Biden interdit les importations de pétrole, de gaz et de charbon russes aux États-Unis.",Russie,"55.75,37.62",https://en.wikipedia.org/w/index.php?search=International%20sanctions%20during%20the%20Russian%20invasion%20of%20Ukraine
2022-03-11,sabot,reconnu,"Décret 14068 : vodka, diamants et fruits de mer","Moscou, Russie","Biden interdit l'importation de fruits de mer, d'alcools et de diamants russes et demande au Congrès de retirer à la Russie la clause de la nation la plus favorisée.",Russie,"55.75,37.62",https://en.wikipedia.org/wiki/International_sanctions_during_the_Russian_invasion_of_Ukraine
2022-03-12,arme,reconnu,Prélèvement de 200 millions,"Kyiv, Ukraine","Biden autorise un nouveau prélèvement de 200 millions de dollars d'armes antichars, antiaériennes et de munitions pour l'Ukraine.",Ukraine,"50.45,30.52",https://en.wikipedia.org/wiki/List_of_military_aid_to_Ukraine_during_the_Russo-Ukrainian_War
2022-03-15,arme,reconnu,"Premier crédit supplémentaire de 13,6 milliards","Kyiv, Ukraine","Biden signe la loi de finances 2022, qui comprend 13,6 milliards de dollars pour l'Ukraine, dont environ la moitié pour la défense.",Ukraine,"50.45,30.52","https://en.wikipedia.org/wiki/Consolidated_Appropriations_Act,_2022"
2022-03-16,arme,reconnu,"800 millions : Stinger, Javelin et Switchblade","Kyiv, Ukraine","Biden annonce 800 millions de dollars d'aide comprenant 800 Stinger, 2 000 Javelin et, pour la première fois, des drones kamikazes Switchblade.",Ukraine,"50.45,30.52",https://en.wikipedia.org/wiki/List_of_military_aid_to_Ukraine_during_the_Russo-Ukrainian_War
2022-03-24,sabot,reconnu,328 députés de la Douma sanctionnés,"Moscou, Russie","Le Trésor sanctionne 328 députés de la Douma, la société de défense Tactical Missiles Corporation et des dizaines d'entreprises de l'armement russe.",Russie,"55.75,37.62",https://en.wikipedia.org/wiki/International_sanctions_during_the_Russian_invasion_of_Ukraine
2022-04-05,arme,reconnu,100 millions pour des Javelin,"Kyiv, Ukraine",Biden autorise un prélèvement de 100 millions de dollars pour répondre à un besoin urgent de missiles antichars Javelin.,Ukraine,"50.45,30.52",https://www.globalsecurity.org/wmd/library/news/ukraine/2022/04/ukraine-220422-dod02.htm
2022-04-06,sabot,reconnu,Décret 14071 et blocage de Sberbank,"Moscou, Russie","Le décret 14071 interdit tout nouvel investissement américain en Russie. Sberbank et Alfa-Bank sont bloquées, ainsi que les filles de Vladimir Poutine.",Russie,"55.75,37.62",https://en.wikipedia.org/wiki/International_sanctions_during_the_Russian_invasion_of_Ukraine
2022-04-08,sabot,reconnu,Fin des relations commerciales normales,"Moscou, Russie","Biden signe deux lois : l'une retire à la Russie et à la Biélorussie le statut de relations commerciales normales, l'autre interdit l'importation de pétrole russe.",Russie; Biélorussie,"55.75,37.62; 53.9,27.56",https://en.wikipedia.org/wiki/International_sanctions_during_the_Russian_invasion_of_Ukraine
2022-04-13,arme,reconnu,800 millions : obusiers et hélicoptères,"Kyiv, Ukraine","Le paquet comprend pour la première fois des obusiers de 155 mm, des hélicoptères Mi-17, des blindés M113 et des drones Switchblade.",Ukraine,"50.45,30.52",https://en.wikipedia.org/wiki/List_of_military_aid_to_Ukraine_during_the_Russo-Ukrainian_War
2022-04-14,arme,documenté,Renseignement américain et naufrage du Moskva,"Mer Noire, Ukraine","Selon NBC, des responsables américains ont confirmé à Kiev la position du croiseur Moskva avant qu'il soit frappé par deux missiles Neptune. Le Pentagone dément tout rôle dans la décision.",Ukraine,"45.2,30.9",https://fr.wikipedia.org/w/index.php?search=Naufrage%20du%20Moskva
2022-04-21,arme,reconnu,800 millions : 72 obusiers et Phoenix Ghost,"Kyiv, Ukraine","Nouveau paquet de 800 millions de dollars avec 72 obusiers de 155 mm, 144 000 obus et plus de 120 drones Phoenix Ghost.",Ukraine,"50.45,30.52",https://www.globalsecurity.org/wmd/library/news/ukraine/2022/04/ukraine-220422-dod02.htm
2022-05-04,mort,documenté,Renseignements ayant visé des généraux russes,Ukraine,"Selon le New York Times, des renseignements américains ont aidé l'Ukraine à tuer plusieurs généraux russes. Le Pentagone dément fournir des renseignements dans le but de tuer des généraux.",Ukraine,"48.0,37.8",https://en.wikipedia.org/w/index.php?search=Russian%20generals%20killed%20during%20the%20Russian%20invasion%20of%20Ukraine
2022-05-06,arme,reconnu,Prélèvement de 150 millions,"Kyiv, Ukraine","Prélèvement de 150 millions de dollars comprenant des obus d'artillerie, des radars de contre-batterie et des équipements de brouillage.",Ukraine,"50.45,30.52",https://en.wikipedia.org/wiki/List_of_military_aid_to_Ukraine_during_the_Russo-Ukrainian_War
2022-05-08,sabot,reconnu,Services de conseil et médias russes visés,"Moscou, Russie","Washington interdit la fourniture de services de comptabilité, de conseil et de gestion à la Russie et sanctionne les chaînes Pervy Kanal, Rossiya-1 et NTV.",Russie,"55.75,37.62",https://en.wikipedia.org/wiki/International_sanctions_during_the_Russian_invasion_of_Ukraine
2022-05-09,arme,reconnu,Loi prêt-bail pour l'Ukraine,"Kyiv, Ukraine","Biden signe l'Ukraine Democracy Defense Lend-Lease Act, qui facilite le prêt ou la location de matériel militaire à l'Ukraine et aux pays d'Europe de l'Est.",Ukraine,"50.45,30.52",https://en.wikipedia.org/wiki/Ukraine_Democracy_Defense_Lend-Lease_Act_of_2022
2022-05-19,arme,reconnu,Prélèvement de 100 millions,"Kyiv, Ukraine","Prélèvement de 100 millions de dollars d'artillerie, de munitions et de radars de contre-batterie.",Ukraine,"50.45,30.52",https://en.wikipedia.org/wiki/List_of_military_aid_to_Ukraine_during_the_Russo-Ukrainian_War
2022-05-21,arme,reconnu,Crédit supplémentaire de 40 milliards,"Kyiv, Ukraine","Biden signe l'Additional Ukraine Supplemental Appropriations Act, qui ouvre environ 40 milliards de dollars, dont une vingtaine pour la défense.",Ukraine,"50.45,30.52","https://en.wikipedia.org/wiki/Additional_Ukraine_Supplemental_Appropriations_Act,_2022"
2022-06-01,arme,reconnu,Envoi des lance-roquettes HIMARS,"Kiev, Ukraine","Washington annonce la livraison de lance-roquettes multiples HIMARS, qui permettent à l'Ukraine de frapper dépôts et postes de commandement russes à 80 km.",Ukraine,"50.45,30.52",https://fr.wikipedia.org/w/index.php?search=M142%20HIMARS
2022-06-01,cyber,reconnu,Opérations cyber offensives pour l'Ukraine,Ukraine,"Le chef de l'US Cyber Command, Paul Nakasone, confirme que ses équipes mènent des opérations offensives en soutien à l'Ukraine.",Russie,"55.75,37.62",https://en.wikipedia.org/w/index.php?search=Paul%20Nakasone
2022-06-15,arme,reconnu,Un milliard : missiles antinavires Harpoon,"Kyiv, Ukraine",Paquet d'un milliard de dollars (350 millions de prélèvement et 650 millions USAI) comprenant des systèmes côtiers Harpoon et des obusiers.,Ukraine,"50.45,30.52",https://en.wikipedia.org/wiki/List_of_military_aid_to_Ukraine_during_the_Russo-Ukrainian_War
2022-06-23,arme,reconnu,450 millions : quatre HIMARS de plus,"Kyiv, Ukraine","Prélèvement de 450 millions de dollars avec quatre lance-roquettes HIMARS supplémentaires, des munitions et des patrouilleurs.",Ukraine,"50.45,30.52",https://www.war.gov/News/Releases/Release/Article/3072799/450-million-in-additional-security-assistance-for-ukraine/
2022-06-28,sabot,reconnu,Embargo sur l'or russe,"Moscou, Russie","Au G7, les États-Unis interdisent l'importation d'or russe et sanctionnent Rostec et des dizaines d'entreprises de défense.",Russie,"55.75,37.62",https://en.wikipedia.org/wiki/International_sanctions_during_the_Russian_invasion_of_Ukraine
2022-07-01,arme,reconnu,820 millions : premiers systèmes NASAMS,"Kyiv, Ukraine","Paquet de 820 millions de dollars, dont deux systèmes antiaériens NASAMS financés par l'USAI et des munitions pour HIMARS.",Ukraine,"50.45,30.52",https://en.wikipedia.org/wiki/List_of_military_aid_to_Ukraine_during_the_Russo-Ukrainian_War
2022-07-08,arme,reconnu,400 millions : quatre HIMARS,"Kyiv, Ukraine",Prélèvement de 400 millions de dollars avec quatre HIMARS supplémentaires et des obus d'artillerie.,Ukraine,"50.45,30.52",https://en.wikipedia.org/wiki/List_of_military_aid_to_Ukraine_during_the_Russo-Ukrainian_War
2022-07-22,arme,reconnu,270 millions : HIMARS et drones,"Kyiv, Ukraine",Paquet de 270 millions de dollars comprenant quatre HIMARS et jusqu'à 580 drones Phoenix Ghost.,Ukraine,"50.45,30.52",https://en.wikipedia.org/wiki/List_of_military_aid_to_Ukraine_during_the_Russo-Ukrainian_War
2022-07-22,sabot,reconnu,L'ex-président Cartes déclaré corrompu,"Asunción, Paraguay",Le département d'État désigne Horacio Cartes comme « significativement corrompu » et l'interdit de territoire américain.,Paraguay,"-25.26,-57.58",https://fr.wikipedia.org/w/index.php?search=Horacio%20Cartes
2022-07-31,mort,reconnu,Assassinat d'Ayman al-Zawahiri,"Kaboul, Afghanistan",Un drone de la CIA tue le chef d'al-Qaïda sur le balcon d'une maison de Kaboul avec deux missiles Hellfire.,Afghanistan,"34.53,69.17",https://fr.wikipedia.org/w/index.php?search=Ayman%20al-Zawahiri
2022-08-01,arme,reconnu,Prélèvement de 550 millions,"Kyiv, Ukraine",Prélèvement de 550 millions de dollars de munitions pour HIMARS et de 75 000 obus de 155 mm.,Ukraine,"50.45,30.52",https://en.wikipedia.org/wiki/List_of_military_aid_to_Ukraine_during_the_Russo-Ukrainian_War
2022-08-08,arme,reconnu,Prélèvement d'un milliard,"Kyiv, Ukraine","Plus gros prélèvement à cette date : un milliard de dollars de munitions pour HIMARS et NASAMS, d'obus et de missiles Javelin.",Ukraine,"50.45,30.52",https://en.wikipedia.org/wiki/List_of_military_aid_to_Ukraine_during_the_Russo-Ukrainian_War
2022-08-12,sabot,reconnu,Le vice-président Velázquez désigné,"Asunción, Paraguay","Washington accuse le vice-président Hugo Velázquez de corruption et l'interdit de visa. Il annonce sa démission, puis reste en poste.",Paraguay,"-25.26,-57.58",https://en.wikipedia.org/w/index.php?search=Hugo%20Vel%C3%A1zquez%20Moreno
2022-08-19,arme,reconnu,775 millions : drones ScanEagle et HARM,"Kyiv, Ukraine","Prélèvement de 775 millions de dollars avec des drones ScanEagle, des véhicules de déminage et des missiles antiradars HARM.",Ukraine,"50.45,30.52",https://www.war.gov/News/Releases/Release/Article/3134457/775-million-in-additional-security-assistance-for-ukraine/
2022-08-24,info,documenté,Faux comptes pro-occidentaux,Asie centrale,"Graphika et Stanford exposent un réseau de faux comptes pro-américains visant l'Asie centrale, l'Iran et l'Afghanistan. Le Pentagone ordonne ensuite un audit.",Kazakhstan; Ouzbékistan; Kirghizistan,"51.13,71.43; 41.3,69.24; 42.87,74.59",https://en.wikipedia.org/w/index.php?search=Unheard%20Voice%20pro-Western%20influence%20operation%20Graphika
2022-08-24,arme,reconnu,"2,98 milliards pour le Jour de l'indépendance","Kyiv, Ukraine","Plus gros paquet USAI à cette date : 2,98 milliards de dollars, dont six systèmes NASAMS supplémentaires et des drones, à livrer sur plusieurs années.",Ukraine,"50.45,30.52",https://en.wikipedia.org/wiki/List_of_military_aid_to_Ukraine_during_the_Russo-Ukrainian_War
2022-09-05,cyber,allégué,Université polytechnique du Nord-Ouest,"Xi'an, Chine",Pékin accuse la NSA d'avoir piraté cette université liée à la défense et d'y avoir volé des données sensibles.,Chine,"34.3,108.9",https://en.wikipedia.org/w/index.php?search=Northwestern%20Polytechnical%20University%20cyberattack%20NSA
2022-09-08,arme,reconnu,Prélèvement de 675 millions,"Kyiv, Ukraine","Annoncé à Ramstein, ce prélèvement comprend des munitions pour HIMARS, des obusiers et des véhicules blindés Humvee.",Ukraine,"50.45,30.52",https://en.wikipedia.org/wiki/List_of_military_aid_to_Ukraine_during_the_Russo-Ukrainian_War
2022-09-14,sabot,reconnu,Création du Fonds afghan en Suisse,"Genève, Suisse / Afghanistan","Washington transfère 3,5 milliards de dollars de réserves afghanes gelées dans un fonds basé en Suisse, hors du contrôle de la banque centrale afghane.",Afghanistan,"34.53,69.17",https://en.wikipedia.org/w/index.php?search=Fund%20for%20the%20Afghan%20People
2022-09-15,arme,reconnu,Prélèvement de 600 millions,"Kyiv, Ukraine","Prélèvement de 600 millions de dollars de munitions pour HIMARS, d'obus et d'équipements de déminage.",Ukraine,"50.45,30.52",https://en.wikipedia.org/wiki/List_of_military_aid_to_Ukraine_during_the_Russo-Ukrainian_War
2022-09-26,sabot,allégué,Sabotage de Nord Stream,"Mer Baltique, près de Bornholm","Seymour Hersh accuse la marine américaine sur une source anonyme ; Washington dément. L'enquête allemande vise un commando ukrainien, dont un suspect est arrêté en Italie en 2025.",Allemagne; Russie,"54.14,13.64; 55.75,37.62",https://fr.wikipedia.org/w/index.php?search=Sabotage%20des%20gazoducs%20Nord%20Stream
2022-09-28,arme,reconnu,"1,1 milliard : 18 HIMARS commandés","Kyiv, Ukraine","Paquet USAI de 1,1 milliard de dollars pour 18 HIMARS supplémentaires, à produire par l'industrie, et des systèmes antidrones.",Ukraine,"50.45,30.52",https://en.wikipedia.org/wiki/List_of_military_aid_to_Ukraine_during_the_Russo-Ukrainian_War
2022-09-30,sabot,reconnu,Sanctions après l'annexion de quatre régions,"Moscou, Russie","Après l'annexion proclamée de quatre régions ukrainiennes, le Trésor sanctionne 278 personnes, dont des membres du Parlement, et la gouverneure de la Banque centrale.",Russie,"55.75,37.62",https://en.wikipedia.org/wiki/International_sanctions_during_the_Russian_invasion_of_Ukraine
2022-09-30,arme,reconnu,"12,3 milliards dans le budget provisoire","Kyiv, Ukraine","La loi de finances provisoire signée par Biden prévoit 12,3 milliards de dollars pour l'Ukraine, dont une partie pour réapprovisionner les stocks.",Ukraine,"50.45,30.52",https://www.congress.gov/crs-product/R47275
2022-10-04,arme,reconnu,625 millions : quatre HIMARS,"Kyiv, Ukraine","Prélèvement de 625 millions de dollars comprenant quatre HIMARS, des obusiers et des munitions.",Ukraine,"50.45,30.52",https://en.wikipedia.org/wiki/List_of_military_aid_to_Ukraine_during_the_Russo-Ukrainian_War
2022-10-07,sabot,reconnu,Embargo sur les semi-conducteurs avancés,"Pékin, Chine","Le département du Commerce interdit l'exportation vers la Chine de puces avancées et de machines pour les fabriquer, et restreint le travail d'Américains dans l'industrie chinoise.",Chine,"39.9,116.4",https://en.wikipedia.org/w/index.php?search=United%20States%20export%20controls%20semiconductors%20China%20October%202022
2022-10-14,arme,reconnu,Prélèvement de 725 millions,"Kyiv, Ukraine","Prélèvement de 725 millions de dollars centré sur les munitions pour HIMARS, les obus guidés et les armes antichars.",Ukraine,"50.45,30.52",https://en.wikipedia.org/wiki/List_of_military_aid_to_Ukraine_during_the_Russo-Ukrainian_War
2022-10-18,sabot,reconnu,Lafarge plaide coupable : 778 millions,"Paris, France",Le cimentier français plaide coupable devant un tribunal de New York d'avoir soutenu l'État islamique en Syrie et paie 778 millions de dollars.,France,"48.86,2.35",https://fr.wikipedia.org/w/index.php?search=Lafarge%20en%20Syrie
2022-10-24,sabot,reconnu,Sanctions sur le secteur aurifère,"Managua, Nicaragua","Un décret de Biden permet de sanctionner des secteurs de l'économie nicaraguayenne. Le Trésor vise aussitôt l'autorité minière publique, pilier des exportations d'or.",Nicaragua,"12.13,-86.25",https://en.wikipedia.org/w/index.php?search=Nicaragua%E2%80%93United%20States%20relations
2022-10-28,arme,reconnu,Prélèvement de 275 millions,"Kyiv, Ukraine","Prélèvement de 275 millions de dollars de munitions pour HIMARS, d'obus et de matériel antidrones.",Ukraine,"50.45,30.52",https://en.wikipedia.org/wiki/List_of_military_aid_to_Ukraine_during_the_Russo-Ukrainian_War
2022-11-04,arme,reconnu,400 millions : chars T-72 rénovés,"Kyiv, Ukraine",Paquet USAI de 400 millions de dollars finançant la rénovation de 45 chars T-72 en République tchèque et des missiles antiaériens Hawk.,Ukraine,"50.45,30.52",https://en.wikipedia.org/wiki/List_of_military_aid_to_Ukraine_during_the_Russo-Ukrainian_War
2022-11-10,arme,reconnu,400 millions : systèmes Avenger,"Kyiv, Ukraine","Prélèvement de 400 millions de dollars avec, pour la première fois, des systèmes antiaériens Avenger et des missiles Stinger.",Ukraine,"50.45,30.52",https://en.wikipedia.org/wiki/List_of_military_aid_to_Ukraine_during_the_Russo-Ukrainian_War
2022-11-17,info,reconnu,Immunité accordée à MBS,"Washington, États-Unis","L'administration Biden déclare à un tribunal que Mohammed ben Salmane, devenu Premier ministre, bénéficie de l'immunité dans la plainte déposée par la fiancée de Khashoggi.",Arabie saoudite,"24.71,46.72",https://fr.wikipedia.org/w/index.php?search=Assassinat%20de%20Jamal%20Khashoggi
2022-11-23,arme,reconnu,Prélèvement de 400 millions,"Kyiv, Ukraine","Prélèvement de 400 millions de dollars de munitions, de missiles pour NASAMS et de générateurs.",Ukraine,"50.45,30.52",https://en.wikipedia.org/wiki/List_of_military_aid_to_Ukraine_during_the_Russo-Ukrainian_War
2022-12,mort,reconnu,Mas'ud livré aux États-Unis,"Tripoli, Libye","Enlevé chez lui à Tripoli par une milice, Abou Agila Mas'ud est remis à Washington pour être jugé. La Libye n'a pas de traité d'extradition avec les États-Unis ; des Libyens dénoncent un transfert illégal.",Libye,"32.89,13.19",https://en.wikipedia.org/w/index.php?search=Abu%20Agila%20Mas%27ud
2022-12,info,reconnu,Loi BURMA : aide aux opposants à la junte,"Naypyidaw, Birmanie","Intégrée au budget de la Défense, la loi autorise une aide non létale au gouvernement d'unité nationale en exil et aux groupes armés d'opposition à la junte.",Birmanie,"19.76,96.13",https://en.wikipedia.org/w/index.php?search=BURMA%20Act%20of%202022
2022-12-05,sabot,reconnu,Plafonnement du prix du pétrole russe,"Washington, États-Unis","Le G7, sous impulsion américaine, interdit le transport et l'assurance du pétrole russe vendu au-dessus de 60 dollars le baril.",Russie,"55.75,37.62",https://en.wikipedia.org/w/index.php?search=Russian%20oil%20price%20cap
2022-12-07,coup,allégué,Destitution de Pedro Castillo,"Lima, Pérou","Castillo est destitué après avoir tenté de dissoudre le Congrès. Ses partisans dénoncent un rôle de l'ambassadrice Lisa Kenna, reçue la veille par le ministre de la Défense ; aucun rôle n'est prouvé.",Pérou,"-12.05,-77.04",https://fr.wikipedia.org/w/index.php?search=Pedro%20Castillo
2022-12-09,arme,reconnu,Prélèvement de 275 millions,"Kyiv, Ukraine",Prélèvement de 275 millions de dollars centré sur des munitions et des systèmes antidrones.,Ukraine,"50.45,30.52",https://en.wikipedia.org/wiki/List_of_military_aid_to_Ukraine_during_the_Russo-Ukrainian_War
2022-12-21,arme,reconnu,"1,85 milliard et une batterie Patriot","Kyiv, Ukraine","Lors de la visite de Zelensky à Washington, les États-Unis annoncent 1,85 milliard de dollars d'aide comprenant une première batterie Patriot.",Ukraine,"50.45,30.52",https://en.wikipedia.org/wiki/List_of_military_aid_to_Ukraine_during_the_Russo-Ukrainian_War
2022-12-29,arme,reconnu,Crédit supplémentaire de 45 milliards,"Kyiv, Ukraine","La loi de finances 2023 signée par Biden comprend environ 45 milliards de dollars pour l'Ukraine et l'OTAN, dont une large part d'aide militaire.",Ukraine,"50.45,30.52","https://en.wikipedia.org/wiki/Consolidated_Appropriations_Act,_2023"
2023-01,sabot,documenté,Pays-Bas et Japon ralliés à l'embargo,"Veldhoven, Pays-Bas","Sous pression américaine, La Haye et Tokyo acceptent de restreindre les ventes de machines de fabrication de puces à la Chine, dont celles d'ASML, selon Bloomberg.",Pays-Bas; Japon,"51.42,5.4; 35.69,139.69",https://en.wikipedia.org/w/index.php?search=ASML%20export%20restrictions%20China%20Netherlands%202023
2023-01-06,arme,reconnu,3 milliards : 50 blindés Bradley,"Kyiv, Ukraine","Plus gros paquet à cette date : 3,075 milliards de dollars comprenant 50 véhicules de combat Bradley et des obusiers automoteurs.",Ukraine,"50.45,30.52",https://en.wikipedia.org/wiki/List_of_military_aid_to_Ukraine_during_the_Russo-Ukrainian_War
2023-01-19,arme,reconnu,"2,5 milliards : 90 blindés Stryker","Kyiv, Ukraine","Paquet de 2,5 milliards de dollars avec 90 véhicules blindés Stryker et 59 Bradley supplémentaires.",Ukraine,"50.45,30.52",https://en.wikipedia.org/wiki/List_of_military_aid_to_Ukraine_during_the_Russo-Ukrainian_War
2023-01-25,arme,reconnu,Biden promet 31 chars Abrams,"Kyiv, Ukraine","Biden annonce l'envoi de 31 chars M1 Abrams, financés par l'USAI, le même jour que l'accord allemand sur les Leopard 2.",Ukraine,"50.45,30.52",https://en.wikipedia.org/wiki/M1_Abrams_in_Ukraine
2023-01-26,sabot,reconnu,Horacio Cartes sanctionné par le Trésor,"Asunción, Paraguay","L'OFAC gèle les avoirs de l'ancien président Cartes et de ses entreprises, l'accusant de corruption et de liens avec le Hezbollah, ce qu'il nie.",Paraguay,"-25.26,-57.58",https://fr.wikipedia.org/w/index.php?search=Horacio%20Cartes
2023-02-03,arme,reconnu,"2,17 milliards : bombes GLSDB","Kyiv, Ukraine","Paquet de 2,175 milliards de dollars comprenant des bombes guidées à longue portée GLSDB (environ 150 km) et des munitions.",Ukraine,"50.45,30.52",https://en.wikipedia.org/wiki/List_of_military_aid_to_Ukraine_during_the_Russo-Ukrainian_War
2023-02-13,espion,allégué,Ballons américains au-dessus de la Chine,"Pékin, Chine","Après la destruction d'un ballon chinois par l'US Air Force, Pékin affirme que des ballons américains ont survolé la Chine plus de dix fois depuis 2022. Washington dément.",Chine,"39.9,116.4",https://en.wikipedia.org/w/index.php?search=2023%20Chinese%20balloon%20incident
2023-02-20,arme,reconnu,"Visite de Biden à Kyiv, 460 millions","Kyiv, Ukraine","Lors de sa visite surprise à Kyiv, Biden annonce une nouvelle aide ; le Pentagone détaille un prélèvement de 460 millions de dollars de munitions.",Ukraine,"50.45,30.52",https://en.wikipedia.org/wiki/2023_visit_by_Joe_Biden_to_Ukraine
2023-02-24,sabot,reconnu,Sanctions pour le premier anniversaire,"Moscou, Russie","Le Trésor et le département d'État visent plus de 200 personnes et entités, dont des banques et des intermédiaires dans des pays tiers ; le Commerce ajoute près de 90 entreprises à sa liste noire.",Russie,"55.75,37.62",https://en.wikipedia.org/wiki/International_sanctions_during_the_Russian_invasion_of_Ukraine
2023-02-24,arme,reconnu,Deux milliards USAI pour l'anniversaire,"Kyiv, Ukraine","Paquet USAI de deux milliards de dollars comprenant des drones et des munitions pour l'artillerie et les HIMARS, annoncé un an après l'invasion.",Ukraine,"50.45,30.52",https://www.cnbc.com/2023/02/24/ukraine-russia-war-us-announces-2-billion-aid-package.html
2023-03-03,arme,reconnu,Prélèvement de 400 millions,"Kyiv, Ukraine","Prélèvement de 400 millions de dollars de munitions pour HIMARS, d'obus et de véhicules de franchissement.",Ukraine,"50.45,30.52",https://en.wikipedia.org/wiki/List_of_military_aid_to_Ukraine_during_the_Russo-Ukrainian_War
2023-03-20,arme,reconnu,Prélèvement de 350 millions,"Kyiv, Ukraine","Prélèvement de 350 millions de dollars de munitions pour HIMARS, d'obus et de missiles HARM.",Ukraine,"50.45,30.52",https://en.wikipedia.org/wiki/List_of_military_aid_to_Ukraine_during_the_Russo-Ukrainian_War
2023-04,espion,documenté,Présidence sud-coréenne écoutée,"Séoul, Corée du Sud",Les documents du Pentagone fuités sur Discord révèlent des écoutes de conseillers du président sud-coréen au sujet des obus livrés à l'Ukraine.,Corée du Sud,"37.57,126.98",https://en.wikipedia.org/w/index.php?search=2023%20Pentagon%20document%20leaks
2023-04-04,arme,reconnu,"2,6 milliards : défense antiaérienne","Kyiv, Ukraine","Paquet de 2,6 milliards de dollars (500 millions de prélèvement et 2,1 milliards USAI), centré sur la défense antiaérienne et les radars.",Ukraine,"50.45,30.52",https://www.airforcetimes.com/news/pentagon-congress/2023/04/04/us-to-send-ukraine-another-26-billion-in-military-aid/
2023-04-07,espion,documenté,Fuites du Pentagone sur Discord,"Kyiv, Jérusalem, Le Caire","Les documents fuités montrent que Washington espionne aussi l'Ukraine, le Mossad israélien et le président égyptien.",Ukraine; Israël; Égypte,"50.45,30.52; 31.77,35.21; 30.04,31.24",https://fr.wikipedia.org/w/index.php?search=Fuites%20de%20documents%20du%20Pentagone%20en%202023
2023-04-19,arme,reconnu,Prélèvement de 325 millions,"Kyiv, Ukraine","Prélèvement de 325 millions de dollars de munitions pour HIMARS, d'obus et de missiles antichars.",Ukraine,"50.45,30.52",https://en.wikipedia.org/wiki/List_of_military_aid_to_Ukraine_during_the_Russo-Ukrainian_War
2023-05-03,arme,reconnu,Prélèvement de 300 millions,"Kyiv, Ukraine",Prélèvement de 300 millions de dollars comprenant des roquettes Hydra-70 et des obus d'artillerie.,Ukraine,"50.45,30.52",https://en.wikipedia.org/wiki/List_of_military_aid_to_Ukraine_during_the_Russo-Ukrainian_War
2023-05-03,mort,allégué,Drones sur le Kremlin : Moscou accuse Washington,"Moscou, Russie","Après l'explosion de deux drones au-dessus du Kremlin, Dmitri Peskov affirme que Washington est derrière l'attaque. La Maison-Blanche dément.",Russie,"55.75,37.62",https://fr.wikipedia.org/w/index.php?search=Attaque%20de%20drones%20sur%20le%20Kremlin
2023-05-03,crime,documenté,Un berger tué par un drone à Idlib,"Qorqanya, Syrie","Le commandement américain annonce avoir tué un haut responsable d'Al-Qaïda. Selon le Washington Post, la victime est Lotfi Hassan Misto, un berger de 56 ans. Le Pentagone ouvre une enquête.",Syrie,"36.07,36.53",https://en.wikipedia.org/w/index.php?search=May%202023%20Qurqania%20drone%20strike
2023-05-04,cyber,allégué,La CIA « empire du piratage » selon Pékin,"Pékin, Chine",Un rapport du CVERC et de Qihoo 360 accuse la CIA de cyberattaques mondiales et d'avoir fomenté des « révolutions de couleur ».,Chine,"39.9,116.4",https://en.wikipedia.org/w/index.php?search=CVERC%20CIA%20empire%20of%20hacking%20report%202023
2023-05-09,arme,reconnu,"1,2 milliard USAI pour la défense aérienne","Kyiv, Ukraine","Paquet USAI de 1,2 milliard de dollars pour des systèmes antiaériens et des munitions.",Ukraine,"50.45,30.52",https://en.wikipedia.org/wiki/List_of_military_aid_to_Ukraine_during_the_Russo-Ukrainian_War
2023-05-11,info,reconnu,Accusation sur les armes du « Lady R »,"Pretoria, Afrique du Sud",L'ambassadeur Reuben Brigety accuse l'Afrique du Sud d'avoir chargé des armes pour la Russie sur le cargo Lady R. Une enquête sud-africaine conclut en septembre qu'aucune arme n'a été exportée.,Afrique du Sud,"-25.75,28.19",https://en.wikipedia.org/w/index.php?search=Lady%20R
2023-05-19,sabot,reconnu,Sanctions coordonnées au G7 d'Hiroshima,"Moscou, Russie","Pendant le sommet du G7, Washington sanctionne plus de 300 personnes, entités, navires et aéronefs liés à l'effort de guerre russe.",Russie,"55.75,37.62",https://en.wikipedia.org/wiki/International_sanctions_during_the_Russian_invasion_of_Ukraine
2023-05-19,arme,reconnu,Feu vert à la formation sur F-16,"Kyiv, Ukraine","Au G7 d'Hiroshima, Biden accepte que des pilotes ukrainiens soient formés sur F-16 et que des alliés livrent ensuite ces avions américains.",Ukraine,"50.45,30.52",https://en.wikipedia.org/wiki/General_Dynamics_F-16_Fighting_Falcon_in_Ukrainian_service
2023-05-24,info,reconnu,Restrictions de visas avant l'élection,"Dacca, Bangladesh",Blinken annonce des refus de visas aux Bangladais qui saperaient les élections. Sheikh Hasina accuse Washington de vouloir la renverser.,Bangladesh,"23.81,90.41",https://en.wikipedia.org/w/index.php?search=2024%20Bangladeshi%20general%20election%20United%20States%20visa%20policy
2023-05-31,arme,reconnu,Prélèvement de 300 millions,"Kyiv, Ukraine","Prélèvement de 300 millions de dollars de munitions pour les systèmes Patriot, HIMARS et l'artillerie.",Ukraine,"50.45,30.52",https://en.wikipedia.org/wiki/List_of_military_aid_to_Ukraine_during_the_Russo-Ukrainian_War
2023-06-01,cyber,allégué,Opération Triangulation,"Moscou, Russie","Le FSB accuse la NSA d'avoir piraté des milliers d'iPhone, dont ceux de diplomates ; Kaspersky documente l'attaque sans l'attribuer.",Russie,"55.75,37.62",https://en.wikipedia.org/w/index.php?search=Operation%20Triangulation
2023-06-09,arme,reconnu,"2,1 milliards USAI pour les Patriot","Kyiv, Ukraine","Paquet USAI de 2,1 milliards de dollars comprenant des munitions Patriot et des drones Puma.",Ukraine,"50.45,30.52",https://en.wikipedia.org/wiki/List_of_military_aid_to_Ukraine_during_the_Russo-Ukrainian_War
2023-06-13,arme,reconnu,Prélèvement de 325 millions,"Kyiv, Ukraine",Prélèvement de 325 millions de dollars comprenant des blindés Bradley et Stryker supplémentaires.,Ukraine,"50.45,30.52",https://en.wikipedia.org/wiki/List_of_military_aid_to_Ukraine_during_the_Russo-Ukrainian_War
2023-06-27,arme,reconnu,Prélèvement de 500 millions,"Kyiv, Ukraine","Prélèvement de 500 millions de dollars avec 30 Bradley, 25 Stryker et des munitions.",Ukraine,"50.45,30.52",https://en.wikipedia.org/wiki/List_of_military_aid_to_Ukraine_during_the_Russo-Ukrainian_War
2023-07-07,arme,reconnu,Envoi de bombes à sous-munitions à l'Ukraine,"Kiev, Ukraine","Biden autorise la livraison d'obus à sous-munitions, interdits par une convention que ni Washington ni Kiev n'ont ratifiée. Des alliés protestent.",Ukraine,"50.45,30.52",https://fr.wikipedia.org/w/index.php?search=Arme%20%C3%A0%20sous-munitions
2023-07-19,arme,reconnu,"1,3 milliard USAI : NASAMS","Kyiv, Ukraine","Paquet USAI de 1,3 milliard de dollars comprenant quatre systèmes NASAMS et des drones.",Ukraine,"50.45,30.52",https://en.wikipedia.org/wiki/List_of_military_aid_to_Ukraine_during_the_Russo-Ukrainian_War
2023-07-19,sabot,reconnu,Quatorze banques irakiennes privées de dollars,"Bagdad, Irak","Le Trésor et la Réserve fédérale interdisent à 14 banques irakiennes les transactions en dollars, pour limiter les transferts vers l'Iran. La mesure pèse sur le dinar et le commerce irakien.",Irak,"33.31,44.37",https://en.wikipedia.org/w/index.php?search=Iraqi%20dinar
2023-07-25,arme,reconnu,Prélèvement de 400 millions,"Kyiv, Ukraine","Prélèvement de 400 millions de dollars de munitions pour Patriot, NASAMS et HIMARS et de drones Hornet.",Ukraine,"50.45,30.52",https://en.wikipedia.org/wiki/List_of_military_aid_to_Ukraine_during_the_Russo-Ukrainian_War
2023-07-26,cyber,allégué,Centre sismique de Wuhan,"Wuhan, Chine",Les autorités chinoises accusent des pirates « d'origine américaine » d'avoir implanté une porte dérobée dans le centre de surveillance sismique.,Chine,"30.59,114.3",https://en.wikipedia.org/w/index.php?search=Wuhan%20Earthquake%20Monitoring%20Center%20cyberattack
2023-07-26,coup,documenté,Putschistes nigériens formés aux USA,"Niamey, Niger","Plusieurs officiers de la junte qui renverse Mohamed Bazoum, dont le général Moussa Salaou Barmou, avaient été formés aux États-Unis, révèle The Intercept.",Niger,"13.51,2.11",https://en.wikipedia.org/w/index.php?search=2023%20Nigerien%20coup%20d%27%C3%A9tat
2023-08,espion,allégué,Un employé militaire recruté par la CIA,"Pékin, Chine","Le ministère de la Sécurité d'État annonce l'arrestation de M. Zeng, employé d'un groupe militaire, recruté en Italie par un agent de la CIA.",Chine,"39.9,116.4",https://en.wikipedia.org/w/index.php?search=China%20CIA%20spy%20Zeng%202023
2023-08-09,sabot,reconnu,La compagnie Belavia sanctionnée,"Minsk, Biélorussie","Pour le troisième anniversaire de l'élection de 2020, le Trésor sanctionne la compagnie aérienne nationale Belavia et plusieurs entités et personnes proches de Loukachenko.",Biélorussie,"53.9,27.56",https://ofac.treasury.gov/sanctions-programs-and-country-information/belarus-sanctions
2023-08-09,sabot,reconnu,Investissements en Chine encadrés,"Pékin, Chine","Biden signe un décret qui restreint les investissements américains dans les semi-conducteurs, le quantique et l'IA en Chine.",Chine,"39.9,116.4",https://en.wikipedia.org/w/index.php?search=Executive%20Order%2014105
2023-08-14,arme,reconnu,Prélèvement de 200 millions,"Kyiv, Ukraine",Prélèvement de 200 millions de dollars de munitions et d'équipements de déminage.,Ukraine,"50.45,30.52",https://en.wikipedia.org/wiki/List_of_military_aid_to_Ukraine_during_the_Russo-Ukrainian_War
2023-08-29,arme,reconnu,Prélèvement de 250 millions,"Kyiv, Ukraine","Prélèvement de 250 millions de dollars de missiles AIM-9M, de munitions pour HIMARS et de matériel de déminage.",Ukraine,"50.45,30.52",https://en.wikipedia.org/wiki/List_of_military_aid_to_Ukraine_during_the_Russo-Ukrainian_War
2023-09-06,arme,reconnu,Obus à uranium appauvri pour les Abrams,"Kyiv, Ukraine","Pendant la visite de Blinken à Kyiv, le Pentagone annonce un paquet de 175 millions de dollars comprenant, pour la première fois, des obus à uranium appauvri.",Ukraine,"50.45,30.52",https://www.cnn.com/2023/09/07/europe/depleted-uranium-munitions-explainer-intl/index.html
2023-09-21,arme,reconnu,Prélèvement de 325 millions,"Kyiv, Ukraine","Annoncé lors de la visite de Zelensky à Washington, ce prélèvement comprend des obus d'artillerie, dont des obus à sous-munitions, et de la défense antiaérienne.",Ukraine,"50.45,30.52",https://en.wikipedia.org/wiki/List_of_military_aid_to_Ukraine_during_the_Russo-Ukrainian_War
2023-09-25,arme,reconnu,Arrivée des premiers chars Abrams,"Kyiv, Ukraine",Zelensky annonce l'arrivée en Ukraine des premiers chars M1 Abrams américains.,Ukraine,"50.45,30.52",https://en.wikipedia.org/wiki/M1_Abrams_in_Ukraine
2023-10-11,arme,reconnu,Prélèvement de 200 millions,"Kyiv, Ukraine",Prélèvement de 200 millions de dollars de munitions pour la défense antiaérienne et l'artillerie.,Ukraine,"50.45,30.52",https://en.wikipedia.org/wiki/List_of_military_aid_to_Ukraine_during_the_Russo-Ukrainian_War
2023-10-17,sabot,reconnu,Contrôles sur les puces renforcés,"Pékin, Chine",Le Commerce durcit les restrictions d'octobre 2022 et bloque la vente de puces d'IA comme les A800 et H800 de Nvidia.,Chine,"39.9,116.4",https://en.wikipedia.org/w/index.php?search=United%20States%20export%20controls%20semiconductors%20China%202023
2023-10-17,arme,reconnu,Premiers tirs d'ATACMS en Ukraine,"Berdiansk, Ukraine",L'Ukraine frappe des aérodromes occupés de Berdiansk et Louhansk avec des missiles ATACMS livrés en secret par les États-Unis.,Ukraine,"46.76,36.78; 48.57,39.3",https://fr.wikipedia.org/w/index.php?search=MGM-140%20ATACMS
2023-10-18,info,reconnu,Veto sur des pauses humanitaires à Gaza,"Conseil de sécurité, New York","Les États-Unis bloquent un projet brésilien réclamant des pauses humanitaires à Gaza, au motif qu'il ne mentionne pas le droit d'Israël à se défendre.",Palestine (Gaza),"31.5,34.45",https://en.wikipedia.org/w/index.php?search=List%20of%20vetoed%20United%20Nations%20Security%20Council%20resolutions
2023-10-26,arme,reconnu,Prélèvement de 150 millions,"Kyiv, Ukraine",Prélèvement de 150 millions de dollars de munitions et d'armes antichars.,Ukraine,"50.45,30.52",https://en.wikipedia.org/wiki/List_of_military_aid_to_Ukraine_during_the_Russo-Ukrainian_War
2023-10-27,arme,reconnu,Frappes contre les Gardiens de la révolution,"Abou Kamal, Syrie","Des F-16 frappent des dépôts d'armes liés aux Gardiens de la révolution iraniens dans l'est syrien, après des attaques contre les troupes américaines depuis le 17 octobre.",Syrie,"34.45,40.92",https://en.wikipedia.org/w/index.php?search=Attacks%20on%20US%20bases%20during%20the%20Israel%E2%80%93Hamas%20war
2023-11,espion,reconnu,Drones américains au-dessus de Gaza,"Gaza, Palestine",Le Pentagone confirme que des drones MQ-9 Reaper survolent Gaza pour rechercher des otages. Les informations recueillies sont partagées avec Israël.,Palestine (Gaza),"31.5,34.45",https://en.wikipedia.org/w/index.php?search=Israel%E2%80%93Hamas%20war
2023-11-02,sabot,reconnu,Le projet Arctic LNG 2 sanctionné,"Gydan, Russie","Le département d'État sanctionne Arctic LNG 2, projet gazier de Novatek dans l'Arctique, ainsi que des dizaines d'entreprises en Russie et dans des pays tiers.",Russie,"71.3,74.0",https://en.wikipedia.org/wiki/International_sanctions_during_the_Russian_invasion_of_Ukraine
2023-11-03,arme,reconnu,425 millions : prélèvement et USAI,"Kyiv, Ukraine","Paquet de 425 millions de dollars (125 millions de prélèvement et 300 millions USAI), centré sur des munitions et des systèmes anti-drones.",Ukraine,"50.45,30.52",https://en.wikipedia.org/wiki/List_of_military_aid_to_Ukraine_during_the_Russo-Ukrainian_War
2023-11-20,arme,reconnu,Prélèvement de 100 millions,"Kyiv, Ukraine","Annoncé lors d'une visite de Lloyd Austin à Kyiv, ce prélèvement de 100 millions de dollars comprend de l'artillerie et des munitions.",Ukraine,"50.45,30.52",https://en.wikipedia.org/wiki/List_of_military_aid_to_Ukraine_during_the_Russo-Ukrainian_War
2023-12-06,arme,reconnu,Prélèvement de 175 millions,"Kyiv, Ukraine",Prélèvement de 175 millions de dollars de munitions pour HIMARS et de défense antiaérienne.,Ukraine,"50.45,30.52",https://en.wikipedia.org/wiki/List_of_military_aid_to_Ukraine_during_the_Russo-Ukrainian_War
2023-12-08,info,reconnu,Veto sur un cessez-le-feu à Gaza,"Conseil de sécurité, New York","Seuls contre treize voix, les États-Unis bloquent un projet des Émirats exigeant un cessez-le-feu humanitaire immédiat, soutenu par le secrétaire général.",Palestine (Gaza),"31.5,34.45",https://en.wikipedia.org/w/index.php?search=List%20of%20vetoed%20United%20Nations%20Security%20Council%20resolutions
2023-12-09,arme,reconnu,Obus de char vendus sans le Congrès,Israël,Le département d'État invoque l'urgence pour vendre à Israël près de 14 000 obus de char sans examen du Congrès. Il recommence le 29 décembre pour des composants d'obus de 155 mm.,Israël,"32.08,34.78",https://en.wikipedia.org/w/index.php?search=United%20States%20support%20for%20Israel%20in%20the%20Israel%E2%80%93Hamas%20war
2023-12-12,arme,reconnu,Prélèvement de 200 millions,"Kyiv, Ukraine","Biden annonce un prélèvement de 200 millions de dollars lors de la visite de Zelensky, alors que le Congrès bloque les nouveaux crédits.",Ukraine,"50.45,30.52",https://euromaidanpress.com/2023/12/12/biden-announces-200-mn-additional-aid-package-for-ukraine/
2023-12-20,mort,reconnu,Alex Saab libéré contre des Américains,"Caracas, Venezuela","Joe Biden gracie Alex Saab, échangé contre dix Américains détenus au Venezuela, dont les deux anciens soldats de l'opération Gedeón, et contre le fugitif « Fat Leonard ».",Venezuela,"10.5,-66.9",https://fr.wikipedia.org/w/index.php?search=Alex%20Saab
2023-12-22,sabot,reconnu,Décret 14114 : sanctions secondaires bancaires,"Moscou, Russie",Biden autorise des sanctions contre les banques étrangères qui facilitent des transactions pour l'industrie militaire russe.,Russie,"55.75,37.62",https://en.wikipedia.org/wiki/International_sanctions_during_the_Russian_invasion_of_Ukraine
2023-12-24,crime,reconnu,Viol d'une mineure près de Kadena,"Kadena, Okinawa, Japon",Un aviateur américain enlève et agresse sexuellement une fille de moins de 16 ans. Tokyo ne révèle l'affaire qu'en juin 2024. Le tribunal de Naha le condamne à cinq ans de prison.,Japon,"26.36,127.77",https://en.wikipedia.org/w/index.php?search=Brennon%20Washington
2023-12-26,arme,reconnu,Frappes contre le Kataeb Hezbollah,Irak,"Après une attaque de drone à Erbil qui blesse des soldats américains, les États-Unis frappent trois sites du Kataeb Hezbollah. Bagdad condamne une atteinte à sa souveraineté.",Irak,"33.31,44.37",https://en.wikipedia.org/w/index.php?search=Attacks%20on%20US%20bases%20during%20the%20Israel%E2%80%93Hamas%20war
2023-12-27,arme,reconnu,Dernier prélèvement de 2023,"Kyiv, Ukraine","Prélèvement de 250 millions de dollars, dernier possible avant l'épuisement des crédits disponibles faute de vote du Congrès.",Ukraine,"50.45,30.52",https://www.globalsecurity.org/wmd/library/news/ukraine/2023/12/ukraine-231227-sputnik02.htm
2024-01-04,mort,reconnu,Frappe de drone sur un chef d'al-Noujaba,"Bagdad, Irak","Un drone américain tue en plein Bagdad Mouchtaq Taleb al-Saïdi, dit Abou Taqwa, commandant de Harakat al-Noujaba, dans un quartier général des Forces de mobilisation populaire. Le gouvernement irakien proteste.",Irak,"33.31,44.37",https://en.wikipedia.org/w/index.php?search=Harakat%20Hezbollah%20al-Nujaba
2024-01-12,arme,reconnu,Frappes contre les Houthis,"Hodeïda, Yémen","Après des attaques houthies en mer Rouge, les États-Unis et le Royaume-Uni bombardent des cibles au Yémen, première d'une longue série.",Yémen,"14.8,42.95",https://en.wikipedia.org/w/index.php?search=Operation%20Poseidon%20Archer
2024-01-26,sabot,reconnu,Financement de l'UNRWA suspendu,"Gaza, Palestine","Sur des accusations israéliennes visant une douzaine d'employés, Washington suspend son aide à l'UNRWA, principale agence humanitaire à Gaza. Le Congrès l'interdit ensuite jusqu'en mars 2025.",Palestine (Gaza),"31.5,34.45",https://fr.wikipedia.org/w/index.php?search=UNRWA
2024-02-02,arme,reconnu,Représailles après l'attaque de Tower 22,"Al-Qaïm, Irak","Après la mort de trois soldats en Jordanie, des bombardiers frappent 85 cibles en Irak et en Syrie, dont al-Qaïm et Akashat. Bagdad annonce 16 morts, dont des civils.",Irak,"34.37,41.02",https://en.wikipedia.org/w/index.php?search=February%202024%20United%20States%20strikes%20in%20Iraq%20and%20Syria
2024-02-07,mort,reconnu,Assassinat ciblé d'Abou Baqir al-Saadi,"Bagdad, Irak","Un drone américain frappe une voiture dans le quartier de Machtal à Bagdad et tue Abou Baqir al-Saadi, commandant du Kataeb Hezbollah. Le gouvernement irakien dénonce une violation flagrante de sa souveraineté.",Irak,"33.31,44.37",https://en.wikipedia.org/w/index.php?search=Kata%27ib%20Hezbollah
2024-02-20,info,reconnu,Veto sur le projet algérien,"Conseil de sécurité, New York","Troisième veto sur Gaza : les États-Unis bloquent un projet algérien exigeant un cessez-le-feu humanitaire immédiat, alors qu'Israël prépare l'assaut sur Rafah.",Palestine (Gaza),"31.5,34.45",https://en.wikipedia.org/w/index.php?search=List%20of%20vetoed%20United%20Nations%20Security%20Council%20resolutions
2024-02-23,sabot,reconnu,Sanctions après la mort de Navalny,"Moscou, Russie","Washington désigne plus de 500 cibles, sa plus vaste vague de sanctions depuis 2022, après la mort d'Alexeï Navalny en détention.",Russie,"55.75,37.62",https://fr.wikipedia.org/w/index.php?search=Mort%20d%27Alexe%C3%AF%20Navalny
2024-03-12,arme,reconnu,300 millions sur des économies,"Kyiv, Ukraine","Faute de nouveaux crédits, le Pentagone annonce un prélèvement de 300 millions de dollars financé par des économies sur des contrats.",Ukraine,"50.45,30.52",https://en.wikipedia.org/wiki/List_of_military_aid_to_Ukraine_during_the_Russo-Ukrainian_War
2024-03-16,info,allégué,Niamey dénonce les pressions américaines,"Niamey, Niger","La junte rompt l'accord militaire avec Washington après la visite d'une délégation américaine, qu'elle accuse de menaces et de condescendance sur ses liens avec la Russie et l'Iran. Les troupes américaines partent en août.",Niger,"13.51,2.11",https://en.wikipedia.org/w/index.php?search=Niger%E2%80%93United%20States%20relations
2024-03-22,mort,allégué,Crocus City Hall : Moscou accuse Washington,"Krasnogorsk, Russie","Après l'attentat revendiqué par l'État islamique (145 morts), le chef du FSB Alexandre Bortnikov accuse Washington, Londres et Kiev, sans preuve. La Maison-Blanche qualifie ces accusations d'absurdes ; les États-Unis avaient averti Moscou d'un risque d'attaque.",Russie,"55.83,37.39",https://fr.wikipedia.org/w/index.php?search=Attentat%20du%20Crocus%20City%20Hall
2024-04-15,info,allégué,"Volt Typhoon, un « faux drapeau »","Pékin, Chine","Le CVERC chinois affirme que le groupe Volt Typhoon, attribué à Pékin par Washington, est une campagne de désinformation américaine, puis accuse la NSA d'utiliser de faux drapeaux.",Chine,"39.9,116.4",https://en.wikipedia.org/w/index.php?search=Volt%20Typhoon%20CVERC%20false%20flag
2024-04-17,sabot,reconnu,Fin de la licence pétrolière vénézuélienne,"Caracas, Venezuela","Washington laisse expirer la licence générale 44, qui avait allégé les sanctions sur le pétrole et le gaz, estimant que Caracas n'a pas respecté l'accord de la Barbade.",Venezuela,"10.49,-66.9",https://en.wikipedia.org/wiki/International_sanctions_during_the_Venezuelan_crisis
2024-04-18,info,reconnu,Veto contre l'adhésion de la Palestine,"Conseil de sécurité, New York","Les États-Unis bloquent la recommandation d'admettre l'État de Palestine comme membre de plein droit de l'ONU, soutenue par douze membres du Conseil.",Palestine,"31.9,35.2",https://en.wikipedia.org/w/index.php?search=List%20of%20vetoed%20United%20Nations%20Security%20Council%20resolutions
2024-04-24,sabot,reconnu,Loi pour forcer la vente de TikTok,"Pékin, Chine",Biden signe une loi qui oblige ByteDance à céder TikTok sous peine d'interdiction aux États-Unis.,Chine,"39.9,116.4",https://en.wikipedia.org/w/index.php?search=Protecting%20Americans%20from%20Foreign%20Adversary%20Controlled%20Applications%20Act
2024-04-24,arme,reconnu,"Crédit supplémentaire de 60,8 milliards","Kyiv, Ukraine","Biden signe le paquet de sécurité nationale de 95 milliards de dollars, dont 60,8 milliards pour l'Ukraine, et annonce aussitôt un prélèvement d'un milliard.",Ukraine,"50.45,30.52",https://www.csis.org/analysis/what-ukraine-aid-package-and-what-does-it-mean-future-war
2024-04-24,sabot,reconnu,Loi REPO sur les avoirs russes,"Washington, États-Unis",Biden signe une loi qui autorise la saisie des avoirs souverains russes détenus aux États-Unis au profit de l'Ukraine.,Russie,"55.75,37.62",https://en.wikipedia.org/w/index.php?search=REPO%20for%20Ukrainians%20Act
2024-04-26,arme,reconnu,Six milliards USAI : Patriot et drones,"Kyiv, Ukraine","Plus gros paquet USAI : six milliards de dollars comprenant des munitions Patriot et NASAMS, des systèmes anti-drones et de l'artillerie.",Ukraine,"50.45,30.52",https://en.wikipedia.org/wiki/List_of_military_aid_to_Ukraine_during_the_Russo-Ukrainian_War
2024-05-10,arme,reconnu,Prélèvement de 400 millions,"Kyiv, Ukraine","Prélèvement de 400 millions de dollars comprenant des blindés Bradley, des munitions Patriot et HIMARS.",Ukraine,"50.45,30.52",https://en.wikipedia.org/wiki/List_of_military_aid_to_Ukraine_during_the_Russo-Ukrainian_War
2024-05-10,info,reconnu,Rapport NSM-20 sur les armes à Israël,"Washington, États-Unis","Le département d'État juge « raisonnable » de penser que des armes américaines ont servi en violation du droit humanitaire, mais tient pour crédibles les assurances israéliennes et ne suspend pas les livraisons.",Palestine (Gaza),"31.5,34.45",https://en.wikipedia.org/w/index.php?search=National%20Security%20Memorandum%2020
2024-05-14,sabot,reconnu,100 % de droits sur les voitures électriques,"Pékin, Chine","Biden quadruple les droits de douane sur les véhicules électriques chinois, à 100 %, et relève ceux sur les puces, l'acier et les panneaux solaires.",Chine,"39.9,116.4",https://fr.wikipedia.org/w/index.php?search=Tarifs%20Biden%202024%20v%C3%A9hicules%20%C3%A9lectriques%20chinois
2024-05-26,crime,documenté,Bombes américaines à Rafah,"Rafah, Palestine",Une frappe israélienne sur un camp de déplacés tue environ 45 personnes. CNN identifie des fragments de bombes GBU-39 fabriquées aux États-Unis.,Palestine,"31.29,34.25",https://en.wikipedia.org/w/index.php?search=Tel%20al-Sultan%20attack
2024-05-30,arme,reconnu,Feu vert pour frapper en Russie,"Kharkiv, Ukraine",Biden autorise l'Ukraine à frapper des cibles militaires sur le territoire russe près de Kharkiv avec des armes américaines ; Blinken le confirme le 31 mai.,Ukraine,"49.99,36.23",https://en.wikipedia.org/wiki/List_of_military_aid_to_Ukraine_during_the_Russo-Ukrainian_War
2024-05-31,arme,reconnu,Prélèvement de 275 millions,"Kyiv, Ukraine","Prélèvement de 275 millions de dollars de munitions pour HIMARS, d'obus et d'armes antichars.",Ukraine,"50.45,30.52",https://en.wikipedia.org/wiki/List_of_military_aid_to_Ukraine_during_the_Russo-Ukrainian_War
2024-06-07,arme,reconnu,225 millions annoncés à Paris,"Kyiv, Ukraine","Lors d'une rencontre avec Zelensky à Paris, Biden annonce un paquet de 225 millions de dollars comprenant des Stinger et des munitions pour HIMARS.",Ukraine,"50.45,30.52",https://www.malaymail.com/news/world/2024/06/07/biden-announces-us225m-in-new-aid-for-ukraine-at-paris-talks-with-zelensky/138651
2024-06-08,arme,documenté,Appui à l'opération de Nousseirat,"Nousseirat, Gaza",L'armée israélienne libère quatre otages lors d'un raid qui tue 274 Palestiniens selon le ministère de la Santé de Gaza. Des responsables américains confirment l'appui en renseignement de la cellule américaine sur les otages.,Palestine (Gaza),"31.45,34.39",https://en.wikipedia.org/w/index.php?search=Nuseirat%20rescue%20and%20massacre
2024-06-12,sabot,reconnu,Sanctions contre la Bourse de Moscou,"Moscou, Russie",Le Trésor sanctionne la Bourse de Moscou et élargit les sanctions secondaires aux banques étrangères qui traitent avec l'industrie de défense russe.,Russie,"55.75,37.62",https://en.wikipedia.org/w/index.php?search=Moscow%20Exchange
2024-06-20,arme,reconnu,Priorité aux intercepteurs pour l'Ukraine,"Kyiv, Ukraine",Washington annonce qu'il réoriente vers l'Ukraine les livraisons d'intercepteurs Patriot et NASAMS prévues pour d'autres pays.,Ukraine,"50.45,30.52",https://en.wikipedia.org/wiki/List_of_military_aid_to_Ukraine_during_the_Russo-Ukrainian_War
2024-07-03,arme,reconnu,"2,3 milliards : intercepteurs Patriot","Kyiv, Ukraine","Paquet de 2,3 milliards de dollars (150 millions de prélèvement et 2,2 milliards USAI) comprenant des intercepteurs Patriot et NASAMS.",Ukraine,"50.45,30.52",https://www.cnn.com/2024/07/03/politics/us-ukraine-military-aid/index.html
2024-07-26,arme,reconnu,Prélèvement de 200 millions,"Kyiv, Ukraine",Prélèvement de 200 millions de dollars de munitions pour la défense antiaérienne et l'artillerie.,Ukraine,"50.45,30.52",https://en.wikipedia.org/wiki/List_of_military_aid_to_Ukraine_during_the_Russo-Ukrainian_War
2024-07-30,arme,reconnu,Frappe à Jourf al-Sakhar,"Jourf al-Sakhar, Irak",Une frappe américaine au sud de Bagdad tue quatre membres des Forces de mobilisation populaire. Washington affirme avoir visé des combattants préparant des attaques de drones.,Irak,"32.9,44.18",https://en.wikipedia.org/w/index.php?search=Jurf%20al-Sakhar
2024-08-04,arme,reconnu,Premiers F-16 en Ukraine,"Kyiv, Ukraine",Zelensky présente les premiers F-16 livrés par des alliés européens avec l'autorisation de Washington et pilotés par des Ukrainiens formés aux États-Unis.,Ukraine,"50.45,30.52",https://en.wikipedia.org/wiki/General_Dynamics_F-16_Fighting_Falcon_in_Ukrainian_service
2024-08-05,coup,allégué,Chute de Sheikh Hasina,"Dacca, Bangladesh","Des propos attribués à Hasina accusent Washington d'avoir voulu son départ pour obtenir l'île de Saint-Martin ; son fils dément qu'elle les ait tenus, Washington aussi.",Bangladesh,"23.81,90.41",https://fr.wikipedia.org/w/index.php?search=R%C3%A9volution%20de%202024%20au%20Bangladesh
2024-08-09,arme,reconnu,Prélèvement de 125 millions,"Kyiv, Ukraine","Prélèvement de 125 millions de dollars de missiles antiaériens, d'obus et de munitions.",Ukraine,"50.45,30.52",https://en.wikipedia.org/wiki/List_of_military_aid_to_Ukraine_during_the_Russo-Ukrainian_War
2024-08-23,sabot,reconnu,Près de 400 cibles sanctionnées,"Moscou, Russie",Le Trésor et le département d'État sanctionnent près de 400 personnes et entités en Russie et dans des pays tiers qui fournissent des biens à l'industrie militaire russe.,Russie,"55.75,37.62",https://en.wikipedia.org/wiki/International_sanctions_during_the_Russian_invasion_of_Ukraine
2024-08-23,arme,reconnu,Prélèvement de 125 millions,"Kyiv, Ukraine","Prélèvement de 125 millions de dollars comprenant des missiles antiaériens, du matériel anti-drones et des missiles antichars.",Ukraine,"50.45,30.52",https://en.wikipedia.org/wiki/List_of_military_aid_to_Ukraine_during_the_Russo-Ukrainian_War
2024-09-02,sabot,reconnu,Saisie de l'avion de Maduro,"Saint-Domingue, République dominicaine","Les États-Unis saisissent en République dominicaine un Dassault Falcon utilisé par Maduro, acheté selon eux en violation des sanctions, et le transfèrent en Floride.",République dominicaine,"18.47,-69.93",https://fr.wikipedia.org/w/index.php?search=Nicol%C3%A1s%20Maduro
2024-09-14,mort,allégué,Complot de la CIA dénoncé par Caracas,"Caracas, Venezuela","Le ministre Diosdado Cabello annonce l'arrestation d'étrangers, dont un militaire américain, accusés de préparer un attentat contre Maduro pour la CIA. Washington dément.",Venezuela,"10.5,-66.9",https://fr.wikipedia.org/w/index.php?search=Diosdado%20Cabello
2024-09-26,arme,reconnu,Près de 8 milliards : bombes JSOW,"Kyiv, Ukraine","Lors de la visite de Zelensky, Biden annonce 5,5 milliards de dollars de prélèvements et 2,4 milliards USAI, dont des bombes planantes JSOW.",Ukraine,"50.45,30.52",https://en.wikipedia.org/wiki/Presidential_Drawdown_Authority
2024-09-27,arme,documenté,Bombes américaines contre Nasrallah,"Dahiyé, Beyrouth, Liban","L'aviation israélienne tue Hassan Nasrallah avec des dizaines de bombes lourdes. Selon des analyses d'images reprises par CNN et le New York Times, il s'agit notamment de BLU-109 anti-bunkers de fabrication américaine.",Liban,"33.85,35.5",https://fr.wikipedia.org/w/index.php?search=Assassinat%20d%27Hassan%20Nasrallah
2024-10-15,arme,reconnu,Prélèvement de 425 millions,"Kyiv, Ukraine","Prélèvement de 425 millions de dollars comprenant des munitions NASAMS, des blindés et des missiles antichars.",Ukraine,"50.45,30.52",https://gulfnews.com/world/americas/joe-biden-announces-425-million-ukraine-arms-package-1.1729104252862
2024-10-17,arme,reconnu,Bombardiers B-2 contre les Houthis,"Sanaa et Saada, Yémen","Des B-2 furtifs frappent cinq dépôts d'armes souterrains des Houthis, leur premier emploi dans cette campagne.",Yémen,"15.35,44.21",https://en.wikipedia.org/w/index.php?search=American-led%20intervention%20in%20Yemen
2024-11-12,arme,reconnu,Ultimatum sur l'aide à Gaza ignoré,"Gaza, Palestine","À l'expiration d'un délai de 30 jours fixé par Blinken et Austin, Washington estime qu'Israël n'enfreint pas la loi américaine, alors que les ONG constatent une aggravation, et maintient les livraisons d'armes.",Palestine (Gaza),"31.5,34.45",https://en.wikipedia.org/w/index.php?search=United%20States%20support%20for%20Israel%20in%20the%20Israel%E2%80%93Hamas%20war
2024-11-19,arme,reconnu,Frappe d'ATACMS sur le territoire russe,"Briansk, Russie","Autorisée par Biden, l'Ukraine tire pour la première fois des missiles ATACMS sur la Russie, contre un dépôt de munitions de la région de Briansk.",Russie,"53.24,34.37",https://fr.wikipedia.org/w/index.php?search=MGM-140%20ATACMS
2024-11-19,arme,reconnu,Mines antipersonnel livrées à l'Ukraine,"Kiev, Ukraine","Biden autorise l'envoi de mines antipersonnel à l'Ukraine, signataire du traité d'Ottawa qui les interdit.",Ukraine,"50.45,30.52",https://fr.wikipedia.org/w/index.php?search=Mine%20antipersonnel
2024-11-20,arme,reconnu,Prélèvement de 275 millions,"Kyiv, Ukraine","Prélèvement de 275 millions de dollars de munitions pour HIMARS, d'obus et de missiles antichars.",Ukraine,"50.45,30.52",https://en.wikipedia.org/wiki/List_of_military_aid_to_Ukraine_during_the_Russo-Ukrainian_War
2024-11-20,info,reconnu,Veto du projet des dix membres élus,"Conseil de sécurité, New York","Seuls contre quatorze, les États-Unis bloquent un projet exigeant un cessez-le-feu immédiat et permanent à Gaza.",Palestine (Gaza),"31.5,34.45",https://en.wikipedia.org/w/index.php?search=List%20of%20vetoed%20United%20Nations%20Security%20Council%20resolutions
2024-11-21,sabot,reconnu,Gazprombank sanctionnée,"Moscou, Russie","Le Trésor bloque Gazprombank, par laquelle transitaient une partie des paiements du gaz russe, et une cinquantaine d'autres banques russes.",Russie,"55.75,37.62",https://en.wikipedia.org/wiki/International_sanctions_during_the_Russian_invasion_of_Ukraine
2024-12-02,arme,reconnu,Prélèvement de 725 millions,"Kyiv, Ukraine","Prélèvement de 725 millions de dollars comprenant des drones, des Stinger et des munitions pour HIMARS.",Ukraine,"50.45,30.52",https://en.wikipedia.org/wiki/List_of_military_aid_to_Ukraine_during_the_Russo-Ukrainian_War
2024-12-02,sabot,reconnu,Mémoire HBM et 140 entités visées,"Pékin, Chine",Le Commerce interdit l'export vers la Chine de mémoire HBM et ajoute 140 entités chinoises sur l'Entity List.,Chine,"39.9,116.4",https://en.wikipedia.org/w/index.php?search=December%202024%20export%20controls%20HBM%20China
2024-12-07,arme,reconnu,988 millions USAI,"Kyiv, Ukraine","Paquet USAI de 988 millions de dollars pour des munitions HIMARS, des drones et l'entretien des équipements.",Ukraine,"50.45,30.52",https://www.foxnews.com/politics/biden-administration-announces-988-million-aid-ukraine-same-day-trump-meets-zelenskyy.print
2024-12-08,arme,reconnu,Frappes massives après la chute d'Assad,"Désert central, Syrie","Le jour de la chute de Bachar al-Assad, B-52, F-15 et A-10 frappent plus de 75 cibles de l'État islamique dans le centre de la Syrie.",Syrie,"34.8,38.3",https://en.wikipedia.org/w/index.php?search=Fall%20of%20the%20Assad%20regime
2024-12-12,arme,reconnu,Prélèvement de 500 millions,"Kyiv, Ukraine","Prélèvement de 500 millions de dollars comprenant des munitions pour HIMARS, des drones et des blindés.",Ukraine,"50.45,30.52",https://en.wikipedia.org/wiki/List_of_military_aid_to_Ukraine_during_the_Russo-Ukrainian_War
2024-12-18,cyber,allégué,Deux entreprises technologiques piratées,"Pékin, Chine",Le CNCERT chinois accuse le renseignement américain d'avoir piraté un institut de recherche sur les matériaux et une entreprise d'énergie intelligente.,Chine,"39.9,116.4",https://en.wikipedia.org/w/index.php?search=CNCERT%20December%202024%20US%20cyberattacks
2024-12-27,sabot,reconnu,Sanctions contre Bidzina Ivanichvili,"Tbilissi, Géorgie","Le Trésor sanctionne le fondateur du Rêve géorgien, accusé de saper la démocratie au profit de Moscou, après des législatives contestées.",Géorgie,"41.72,44.79",https://fr.wikipedia.org/w/index.php?search=Bidzina%20Ivanichvili
2024-12-30,arme,reconnu,"2,5 milliards de fin de mandat","Kyiv, Ukraine","Paquet de 2,5 milliards de dollars (1,25 milliard de prélèvement et 1,22 milliard USAI) comprenant des munitions antiaériennes et d'artillerie.",Ukraine,"50.45,30.52",https://en.wikipedia.org/wiki/List_of_military_aid_to_Ukraine_during_the_Russo-Ukrainian_War
2025-01-07,info,reconnu,Trump n'exclut pas la force au Groenland,"Nuuk, Groenland","Interrogé sur le Groenland et le canal de Panama, Donald Trump refuse d'exclure l'usage de la force ou de pressions économiques pour en prendre le contrôle.",Groenland (Danemark); Danemark,"64.18,-51.72; 55.68,12.57",https://en.wikipedia.org/w/index.php?search=Proposals%20for%20the%20United%20States%20to%20purchase%20Greenland
2025-01-07,info,reconnu,Menace d'annexion du Canada,"Ottawa, Canada",Trump évoque l'usage de la « force économique » pour faire du Canada le « 51e État » et appelle Justin Trudeau « gouverneur ».,Canada,"45.42,-75.7",https://en.wikipedia.org/w/index.php?search=Proposals%20for%20Canada%20to%20join%20the%20United%20States%202025
2025-01-07,sabot,reconnu,Sanctions contre le ministre hongrois Rogán,"Budapest, Hongrie","Le Trésor sanctionne Antal Rogán, ministre de Viktor Orbán, pour corruption. L'administration Trump lève la mesure en avril 2025.",Hongrie,"47.5,19.04",https://fr.wikipedia.org/w/index.php?search=Antal%20Rog%C3%A1n
2025-01-09,arme,reconnu,Dernier prélèvement de Biden,"Kyiv, Ukraine","Annoncé à Ramstein, un dernier prélèvement de 500 millions de dollars comprend des missiles antiaériens et des munitions pour F-16.",Ukraine,"50.45,30.52",https://2021-2025.state.gov/biden-harris-administration-announces-new-u-s-military-assistance-for-ukraine/
2025-01-10,mort,reconnu,Prime sur Maduro portée à 25 millions,"Washington, États-Unis","Le jour de l'investiture contestée de Maduro, le département d'État relève à 25 millions de dollars la récompense pour sa capture.",Venezuela,"10.5,-66.9",https://fr.wikipedia.org/w/index.php?search=Nicol%C3%A1s%20Maduro
2025-01-10,sabot,reconnu,Sanctions contre Gazprom Neft et la flotte fantôme,"Moscou, Russie","Le Trésor sanctionne Gazprom Neft, Sourgoutneftegaz et plus de 180 pétroliers de la flotte fantôme russe.",Russie,"55.75,37.62",https://fr.wikipedia.org/w/index.php?search=Gazprom%20Neft
2025-01-15,sabot,reconnu,Dernière salve de sanctions de Biden,"Moscou, Russie","Cinq jours avant la passation de pouvoir, le Trésor et le département d'État visent environ 250 personnes et entités, dont des fournisseurs chinois de l'industrie de défense russe.",Russie,"55.75,37.62",https://en.wikipedia.org/wiki/International_sanctions_during_the_Russian_invasion_of_Ukraine
2025-01-20,info,reconnu,Le golfe du Mexique rebaptisé,Golfe du Mexique,Un décret de Trump renomme le golfe du Mexique « golfe d'Amérique » dans les documents fédéraux ; l'agence AP est exclue d'événements pour avoir gardé l'ancien nom.,Mexique,"25.0,-90.0",https://en.wikipedia.org/w/index.php?search=Gulf%20of%20America%20executive%20order
2025-01-20,info,reconnu,Trump veut « reprendre » le canal,"Washington, États-Unis","Dans son discours d'investiture, Trump affirme que les États-Unis vont reprendre le canal de Panama. Il avait refusé d'exclure l'usage de la force.",Panama,"8.98,-79.52",https://en.wikipedia.org/w/index.php?search=Panama%20Canal
2025-01-20,sabot,reconnu,Cuba replacée sur la liste terroriste,"Washington, États-Unis","Le jour de son investiture, Trump annule le retrait de Cuba de la liste des États soutenant le terrorisme, décidé par Biden six jours plus tôt en échange de libérations de prisonniers.",Cuba,"23.11,-82.37",https://en.wikipedia.org/w/index.php?search=State%20Sponsors%20of%20Terrorism%20Cuba%202025
2025-01-25,arme,reconnu,Bombes de 2 000 livres débloquées,Israël,Trump lève la suspension décidée par Biden en mai 2024 et autorise la livraison à Israël de bombes MK-84 de 2 000 livres.,Israël,"32.08,34.78",https://en.wikipedia.org/w/index.php?search=United%20States%20support%20for%20Israel%20in%20the%20Israel%E2%80%93Hamas%20war
2025-01-26,sabot,reconnu,Ultimatum douanier à la Colombie,"Bogota, Colombie",Gustavo Petro refuse deux avions militaires d'expulsés. Trump annonce 25 % de droits de douane et des sanctions ; Bogota cède en quelques heures.,Colombie,"4.71,-74.07",https://en.wikipedia.org/w/index.php?search=Colombia%20United%20States%20deportation%20dispute%202025
2025-02,espion,documenté,Drones de la CIA au-dessus du Mexique,Mexique,CNN révèle que la CIA multiplie les vols de drones de surveillance au-dessus du territoire mexicain pour traquer les cartels.,Mexique,"19.43,-99.13",https://en.wikipedia.org/w/index.php?search=CIA%20drone%20flights%20over%20Mexico%202025
2025-02,sabot,reconnu,Démantèlement de l'USAID,Monde entier,"L'administration Trump gèle puis supprime l'essentiel des programmes d'aide de l'USAID, dont des traitements contre le VIH et des aides alimentaires dans des dizaines de pays.",Ouganda; Kenya; Afrique du Sud; Bangladesh,"0.35,32.58; -1.29,36.82; -25.75,28.19; 23.81,90.41",https://en.wikipedia.org/w/index.php?search=Dismantling%20of%20USAID
2025-02-01,arme,reconnu,Frappes contre l'État islamique au Puntland,"Monts Cal Miskaad, Somalie",Donald Trump annonce des frappes contre des chefs de l'État islamique dans le nord de la Somalie. Les frappes américaines dans le pays atteignent ensuite un niveau record en 2025.,Somalie,"10.8,49.8",https://en.wikipedia.org/w/index.php?search=American%20military%20intervention%20in%20Somalia%20%282007%E2%80%93present%29
2025-02-02,info,reconnu,Pressions sur le canal de Panama,"Panama, Panama","Marco Rubio somme le Panama de réduire l'influence chinoise sur le canal, que Trump menace de reprendre. Panama quitte ensuite les Nouvelles routes de la soie.",Panama,"8.98,-79.52",https://en.wikipedia.org/w/index.php?search=Panama%20Canal%20Trump%202025%20Rubio%20visit
2025-02-03,crime,reconnu,Accord Rubio-Bukele sur les détenus,"San Salvador, Salvador","Marco Rubio annonce que le Salvador accepte d'emprisonner, contre paiement, des expulsés des États-Unis, y compris des criminels de nationalité américaine.",Salvador,"13.69,-89.19",https://fr.wikipedia.org/w/index.php?search=Centro%20de%20Confinamiento%20del%20Terrorismo
2025-02-04,info,reconnu,Plan Trump pour vider Gaza,"Gaza, Palestine",Donald Trump propose que les États-Unis prennent le contrôle de Gaza et que ses habitants soient déplacés vers d'autres pays. L'ONU rappelle l'interdiction des transferts forcés.,Palestine,"31.5,34.45",https://en.wikipedia.org/w/index.php?search=Trump%20Gaza%20takeover%20proposal
2025-02-04,crime,reconnu,Migrants détenus à Guantánamo,"Base de Guantánamo, Cuba","Sur ordre de Trump, qui évoque une capacité de 30 000 places, les premiers migrants expulsés des États-Unis sont envoyés sur la base. Des associations dénoncent une détention hors du droit.",Cuba,"19.9,-75.15",https://en.wikipedia.org/w/index.php?search=Guantanamo%20migrant%20detention%202025
2025-02-04,sabot,reconnu,Retour de la « pression maximale »,"Washington, États-Unis",Trump signe un mémorandum de sécurité nationale qui ordonne de ramener à zéro les exportations de pétrole iranien.,Iran,"35.69,51.39",https://fr.wikipedia.org/w/index.php?search=Sanctions%20contre%20l%27Iran
2025-02-04,sabot,reconnu,Droits « fentanyl » sur la Chine,"Pékin, Chine","Trump impose 10 % de droits sur toutes les importations chinoises au motif du fentanyl, doublés à 20 % en mars.",Chine,"39.9,116.4",https://fr.wikipedia.org/w/index.php?search=Tarifs%20Trump%202025%20Chine
2025-02-05,info,reconnu,Fausse annonce sur le péage du canal,"Washington, États-Unis",Le département d'État affirme que Panama a accepté de laisser passer gratuitement les navires du gouvernement américain. L'Autorité du canal et le président Mulino démentent.,Panama,"8.98,-79.52",https://en.wikipedia.org/w/index.php?search=Panama%20Canal
2025-02-06,sabot,reconnu,Décret contre la Cour pénale internationale,"La Haye, Pays-Bas","Trump autorise des sanctions contre la CPI après les mandats d'arrêt visant Benyamin Netanyahou. Le procureur Karim Khan, puis des juges, sont sanctionnés.",Pays-Bas,"52.08,4.3",https://en.wikipedia.org/w/index.php?search=Executive%20Order%2014203
2025-02-07,sabot,reconnu,Aide coupée à l'Afrique du Sud,"Pretoria, Afrique du Sud",Un décret suspend l'aide américaine en réaction à une loi d'expropriation et à la plainte sud-africaine contre Israël devant la Cour internationale de justice.,Afrique du Sud,"-25.75,28.19",https://en.wikipedia.org/w/index.php?search=South%20Africa%20United%20States%20relations%202025%20executive%20order
2025-02-14,info,reconnu,Vance soutient l'AfD,"Munich, Allemagne","À la conférence de Munich, le vice-président critique le cordon sanitaire puis rencontre la cheffe de l'AfD avant les législatives. Berlin dénonce une ingérence.",Allemagne,"48.14,11.58",https://en.wikipedia.org/w/index.php?search=JD%20Vance%20Munich%20Security%20Conference%20speech%202025
2025-02-20,info,reconnu,Cartels classés terroristes,"Mexico, Mexique","Washington inscrit le cartel de Sinaloa, Tren de Aragua et d'autres groupes sur la liste des organisations terroristes, base juridique invoquée ensuite pour des frappes militaires.",Mexique; Venezuela,"19.43,-99.13; 10.49,-66.9",https://en.wikipedia.org/w/index.php?search=Foreign%20Terrorist%20Organization%20designation%20cartels%202025
2025-02-21,sabot,reconnu,Décret contre les taxes numériques,"Washington, États-Unis",Un mémorandum présidentiel ordonne de préparer des représailles contre les taxes numériques et les règles européennes sur le numérique qui visent les entreprises américaines.,Union européenne; France,"50.85,4.35; 48.86,2.35",https://en.wikipedia.org/w/index.php?search=Digital%20services%20tax%20Trump%20memorandum%202025
2025-02-25,sabot,reconnu,Visas refusés pour les missions médicales cubaines,"Washington, États-Unis","Marco Rubio étend les restrictions de visa aux responsables cubains et étrangers liés aux missions médicales cubaines, que Washington qualifie de travail forcé.",Cuba,"23.11,-82.37",https://en.wikipedia.org/w/index.php?search=Cuban%20medical%20internationalism%20visa%20restrictions%202025
2025-03-01,arme,reconnu,Armes à Israël par procédure d'urgence,Israël,"Marco Rubio signe une déclaration d'urgence pour accélérer environ 4 milliards de dollars de ventes d'armes à Israël, en contournant l'examen du Congrès.",Israël,"32.08,34.78",https://en.wikipedia.org/w/index.php?search=United%20States%20support%20for%20Israel%20in%20the%20Israel%E2%80%93Hamas%20war
2025-03-03,sabot,reconnu,Aide militaire à l'Ukraine suspendue,"Kiev, Ukraine","Après la dispute du Bureau ovale avec Zelensky, Trump suspend l'aide militaire puis le partage de renseignement pour contraindre Kiev à négocier. Ils reprennent une semaine plus tard.",Ukraine,"50.45,30.52",https://en.wikipedia.org/w/index.php?search=Trump%E2%80%93Zelensky%20Oval%20Office%20meeting
2025-03-04,sabot,reconnu,Droits de douane contre le Canada,"Ottawa, Canada","25 % sur les produits canadiens au prétexte du fentanyl, pendant que Trump appelle le Canada à devenir le « 51e État ».",Canada,"45.42,-75.7",https://en.wikipedia.org/w/index.php?search=2025%20United%20States%20trade%20war%20with%20Canada%20and%20Mexico
2025-03-04,sabot,reconnu,Droits de douane contre le Mexique,"Mexico, Mexique","25 % sur les produits mexicains au nom de la lutte contre le fentanyl et les migrations, en partie suspendus ensuite pour les biens couverts par l'accord ACEUM.",Mexique,"19.43,-99.13",https://en.wikipedia.org/w/index.php?search=2025%20United%20States%20trade%20war%20with%20Canada%20and%20Mexico
2025-03-04,sabot,reconnu,Chevron sommé de quitter le Venezuela,"Caracas, Venezuela",Le Trésor révoque la licence de Chevron au Venezuela et lui accorde 30 jours pour liquider ses opérations.,Venezuela,"10.49,-66.9",https://en.wikipedia.org/wiki/International_sanctions_during_the_Venezuelan_crisis
2025-03-05,arme,reconnu,Partage de renseignement suspendu,"Kyiv, Ukraine","Le directeur de la CIA John Ratcliffe confirme la suspension du partage de renseignement avec l'Ukraine, après la suspension des livraisons d'armes.",Ukraine,"50.45,30.52",https://en.wikipedia.org/wiki/2025_United_States_suspension_of_military_aid_to_Ukraine
2025-03-11,sabot,reconnu,Menace de 50 % sur l'acier canadien,"Ottawa, Canada","En réponse à une surtaxe ontarienne sur l'électricité exportée, Trump annonce doubler les droits sur l'acier et l'aluminium canadiens ; l'Ontario suspend sa mesure le jour même.",Canada,"45.42,-75.7",https://en.wikipedia.org/w/index.php?search=2025%20United%20States%20trade%20war%20with%20Canada%20and%20Mexico
2025-03-11,arme,reconnu,Reprise de l'aide après Djeddah,"Kyiv, Ukraine","Après les pourparlers de Djeddah où Kyiv accepte une proposition de cessez-le-feu de 30 jours, Washington lève la suspension de l'aide militaire et du renseignement.",Ukraine,"50.45,30.52",https://en.wikipedia.org/wiki/2025_United_States_suspension_of_military_aid_to_Ukraine
2025-03-14,info,reconnu,Ambassadeur sud-africain expulsé,"Pretoria, Afrique du Sud","Marco Rubio déclare persona non grata l'ambassadeur Ebrahim Rasool, qui avait critiqué le mouvement de Trump.",Afrique du Sud,"-25.75,28.19",https://en.wikipedia.org/w/index.php?search=Ebrahim%20Rasool%20expulsion%202025
2025-03-15,crime,reconnu,Vénézuéliens expulsés vers la prison CECOT,"Tecoluca, Salvador",Washington expulse vers une méga-prison salvadorienne environ 240 Vénézuéliens accusés sans procès d'appartenir au Tren de Aragua. Ils sont libérés en juillet 2025 lors d'un échange avec Caracas.,Salvador,"13.58,-88.66",https://fr.wikipedia.org/w/index.php?search=Centre%20de%20confinement%20du%20terrorisme
2025-03-15,crime,reconnu,Expulsion par erreur de Kilmar Abrego García,"Tecoluca, Salvador","Ce Salvadorien protégé par une décision de justice est envoyé au CECOT. L'administration reconnaît une « erreur administrative » ; la Cour suprême exige qu'on « facilite » son retour, effectif en juin pour y être jugé.",Salvador,"13.62,-88.93",https://en.wikipedia.org/w/index.php?search=Kilmar%20Abrego%20Garcia
2025-03-15,arme,reconnu,Opération Rough Rider au Yémen,"Sanaa, Yémen",Trump lance une campagne de frappes intensive contre les Houthis. Le premier jour fait au moins 53 morts selon les Houthis. Les frappes durent jusqu'à un cessez-le-feu le 6 mai.,Yémen,"15.35,44.21",https://en.wikipedia.org/w/index.php?search=Operation%20Rough%20Rider
2025-03-20,sabot,reconnu,Première raffinerie chinoise sanctionnée,"Shandong, Chine","Le Trésor sanctionne une raffinerie indépendante du Shandong pour ses achats de pétrole iranien, une première contre ces « théières » chinoises.",Chine,"39.9,116.4",https://en.wikipedia.org/wiki/United_States_sanctions_against_Iran
2025-03-24,sabot,reconnu,Taxe sur les acheteurs de pétrole vénézuélien,"Caracas, Venezuela",Le décret 14245 autorise un droit de douane de 25 % sur les importations de tout pays qui achète du pétrole vénézuélien.,Venezuela,"10.49,-66.9",https://en.wikipedia.org/wiki/International_sanctions_during_the_Venezuelan_crisis
2025-03-26,sabot,reconnu,25 % sur les voitures importées,"Tokyo, Séoul, Berlin","Trump taxe les automobiles étrangères, touchant d'abord le Japon, la Corée du Sud et l'Allemagne, alliés des États-Unis.",Japon; Corée du Sud; Allemagne,"35.69,139.69; 37.57,126.98; 52.52,13.4",https://en.wikipedia.org/w/index.php?search=2025%20United%20States%20automobile%20tariffs
2025-03-28,info,reconnu,Visite de J. D. Vance à Pituffik,"Pituffik, Groenland",Le vice-président accuse le Danemark de négliger le Groenland lors d'une visite non sollicitée par Nuuk ni Copenhague.,Groenland (Danemark); Danemark,"76.53,-68.7; 55.68,12.57",https://en.wikipedia.org/w/index.php?search=JD%20Vance%20Pituffik%20Space%20Base%20visit%202025
2025-03-31,sabot,reconnu,Six responsables hongkongais sanctionnés,Hong Kong,"Washington sanctionne six responsables, dont le chef de la police et le secrétaire à la Justice, pour la traque de militants exilés.",Hong Kong,"22.28,114.17",https://en.wikipedia.org/w/index.php?search=Hong%20Kong%20sanctions%20March%202025
2025-04,arme,reconnu,Retour des troupes américaines à Panama,"Panama, Panama","Lors de la visite de Pete Hegseth, Panama signe un mémorandum qui autorise un déploiement rotatif de militaires américains sur d'anciennes bases, sous forte pression de Washington.",Panama,"8.98,-79.52",https://en.wikipedia.org/w/index.php?search=Panama%E2%80%93United%20States%20relations
2025-04,sabot,reconnu,Puces Nvidia H20 soumises à licence,"Pékin, Chine","L'administration Trump soumet à licence l'export des puces H20, conçues pour la Chine. Les ventes reprennent à l'été.",Chine,"39.9,116.4",https://en.wikipedia.org/w/index.php?search=Nvidia%20H20%20export%20ban
2025-04-02,sabot,reconnu,Droits de douane du « Liberation Day »,Monde entier,"Trump impose un droit plancher de 10 % sur presque tous les pays et des taux « réciproques » plus élevés, jusqu'à 50 % pour le Lesotho, avant de les suspendre 90 jours.",Union européenne (Bruxelles); Vietnam; Japon; Inde; Lesotho,"50.85,4.35; 21.03,105.85; 35.69,139.69; 28.61,77.21; -29.31,27.48",https://en.wikipedia.org/w/index.php?search=Liberation%20Day%20tariffs
2025-04-09,sabot,reconnu,145 % de droits sur la Chine,"Pékin, Chine","L'escalade porte les droits sur les produits chinois à 145 %, avant une trêve négociée à Genève en mai.",Chine,"39.9,116.4",https://en.wikipedia.org/w/index.php?search=China%E2%80%93United%20States%20trade%20war%202025
2025-04-15,cyber,allégué,Jeux asiatiques d'hiver de Harbin,"Harbin, Chine","La police de Harbin désigne trois agents présumés de la NSA, accusés d'avoir attaqué les systèmes des Jeux et des infrastructures du Heilongjiang.",Chine,"45.75,126.63",https://en.wikipedia.org/w/index.php?search=Harbin%20Asian%20Winter%20Games%20NSA%20cyberattack%20accusation
2025-04-17,crime,reconnu,Frappe sur le port de Ras Issa,"Ras Issa, Yémen","Des frappes américaines sur le terminal pétrolier tuent environ 80 personnes selon les Houthis, dont des employés du port. Le Pentagone confirme avoir visé le port.",Yémen,"15.19,42.62",https://en.wikipedia.org/w/index.php?search=2025%20Ras%20Isa%20airstrike
2025-04-17,sabot,reconnu,Taxes portuaires sur les navires chinois,"Pékin, Chine","Le représentant américain au commerce annonce des redevances portuaires sur les navires construits ou exploités par des Chinois, à l'issue d'une enquête « section 301 ».",Chine,"39.9,116.4",https://en.wikipedia.org/wiki/China%E2%80%93United_States_trade_war
2025-04-28,crime,documenté,Centre de migrants de Saada bombardé,"Saada, Yémen","Une frappe pendant la campagne Rough Rider touche un centre de détention de migrants africains ; 68 morts selon les Houthis. Amnesty l'attribue aux États-Unis, qui disent enquêter.",Yémen,"16.94,43.76",https://en.wikipedia.org/w/index.php?search=Saada%20prison%20airstrike
2025-04-30,sabot,reconnu,Accord sur les minerais ukrainiens,"Washington, États-Unis","Après des mois de pressions de Trump, l'Ukraine signe un accord qui crée un fonds commun d'investissement alimenté par ses ressources naturelles.",Ukraine,"50.45,30.52",https://en.wikipedia.org/w/index.php?search=Ukraine%E2%80%93United%20States%20Mineral%20Resources%20Agreement
2025-05,crime,documenté,Fondation humanitaire de Gaza,"Gaza, Palestine","Washington soutient et finance ce système de distribution d'aide gardé par des sous-traitants américains. Des centaines de Palestiniens sont tués près des sites, surtout par l'armée israélienne.",Palestine,"31.5,34.45",https://en.wikipedia.org/w/index.php?search=Gaza%20Humanitarian%20Foundation
2025-05-01,espion,reconnu,Vidéos de recrutement de la CIA en mandarin,"Pékin, Chine",La CIA publie deux vidéos en mandarin appelant des fonctionnaires chinois désabusés à lui livrer des secrets.,Chine,"39.9,116.4",https://en.wikipedia.org/w/index.php?search=CIA%20Mandarin%20recruitment%20videos
2025-05-02,info,reconnu,Rubio qualifie l'Allemagne de « tyrannie »,"Berlin, Allemagne","Après le classement de l'AfD comme extrémiste par le renseignement intérieur allemand, Marco Rubio y voit une « tyrannie déguisée ». Le ministère allemand lui répond : « C'est la démocratie. »",Allemagne,"52.52,13.4",https://fr.wikipedia.org/w/index.php?search=Alternative%20f%C3%BCr%20Deutschland
2025-05-06,espion,documenté,Espionnage renforcé du Groenland,"Nuuk, Groenland",Le Wall Street Journal révèle que les agences américaines ont reçu l'ordre de renforcer le renseignement sur le mouvement indépendantiste groenlandais et sur le Danemark.,Groenland (Danemark); Danemark,"64.18,-51.72; 55.68,12.57",https://en.wikipedia.org/w/index.php?search=Proposals%20for%20the%20United%20States%20to%20purchase%20Greenland
2025-05-12,info,reconnu,Réfugiés afrikaners et « génocide blanc »,"Pretoria, Afrique du Sud","Un premier groupe de 49 Afrikaners arrive aux États-Unis comme réfugiés, alors que les autres admissions sont gelées. Washington reprend le récit d'une persécution des fermiers blancs, rejeté par Pretoria.",Afrique du Sud,"-25.75,28.19",https://en.wikipedia.org/w/index.php?search=Afrikaner%20refugees%20United%20States%202025
2025-05-21,info,reconnu,Ramaphosa piégé dans le Bureau ovale,"Washington, États-Unis",Donald Trump projette devant Cyril Ramaphosa une vidéo censée prouver un « génocide » des fermiers blancs et brandit une photo qui s'avère prise en RD Congo.,Afrique du Sud,"-25.75,28.19",https://en.wikipedia.org/w/index.php?search=2025%20Trump%E2%80%93Ramaphosa%20meeting
2025-05-27,info,reconnu,Kristi Noem soutient Nawrocki,"Rzeszów, Pologne",La secrétaire à la Sécurité intérieure appelle les Polonais à élire Karol Nawrocki et lie son élection au maintien de la présence militaire américaine.,Pologne,"52.23,21.01",https://en.wikipedia.org/w/index.php?search=2025%20Polish%20presidential%20election%20Kristi%20Noem
2025-05-28,info,reconnu,Visas refusés aux « censeurs » étrangers,"Washington, États-Unis","Marco Rubio annonce des restrictions de visa contre les responsables étrangers accusés de « censurer » des Américains, une mesure visant notamment la régulation européenne du numérique.",Union européenne,"50.85,4.35",https://fr.wikipedia.org/w/index.php?search=Digital%20Services%20Act
2025-06-04,sabot,reconnu,Cuba visée par le décret sur les voyages,"Washington, États-Unis","Une proclamation de Trump restreint en partie l'entrée des ressortissants cubains aux États-Unis, dont les visas touristiques et étudiants.",Cuba,"23.11,-82.37",https://en.wikipedia.org/w/index.php?search=Trump%20travel%20ban%202025
2025-06-04,info,reconnu,Veto de juin 2025 sur Gaza,"Conseil de sécurité, New York","Seuls contre quatorze, les États-Unis bloquent un projet exigeant un cessez-le-feu et la levée des restrictions sur l'aide humanitaire à Gaza.",Palestine (Gaza),"31.5,34.45",https://en.wikipedia.org/w/index.php?search=List%20of%20vetoed%20United%20Nations%20Security%20Council%20resolutions
2025-06-05,sabot,reconnu,Quatre juges de la CPI sanctionnés,"La Haye, Pays-Bas",Washington sanctionne des juges de la Cour pénale internationale pour les enquêtes visant des Américains et Israël.,Pays-Bas,"52.08,4.3",https://en.wikipedia.org/w/index.php?search=International%20Criminal%20Court%20sanctions%20judges%202025
2025-06-22,arme,reconnu,"Frappes sur Fordo, Natanz et Ispahan","Fordo, Iran","Pendant la guerre Israël-Iran, des bombardiers B-2 larguent des bombes anti-bunker sur les sites nucléaires iraniens (opération Midnight Hammer), sans autorisation du Congrès.",Iran,"34.88,50.99; 33.72,51.73; 32.65,51.67",https://fr.wikipedia.org/w/index.php?search=Frappes%20am%C3%A9ricaines%20sur%20les%20installations%20nucl%C3%A9aires%20iraniennes
2025-06-30,sabot,reconnu,Trump durcit la politique cubaine,"Washington, États-Unis","Un mémorandum présidentiel rétablit la politique de 2017 : interdiction des transactions avec GAESA, contrôle renforcé des voyages et opposition aux appels à lever l'embargo à l'ONU.",Cuba,"23.11,-82.37",https://en.wikipedia.org/w/index.php?search=National%20Security%20Presidential%20Memorandum%20Cuba%202025
2025-07-01,arme,reconnu,Le Pentagone gèle des livraisons,"Kyiv, Ukraine","Le Pentagone suspend l'envoi d'intercepteurs Patriot, d'obus et de missiles pour F-16 en invoquant ses stocks ; Trump ordonne la reprise d'une partie des livraisons une semaine plus tard.",Ukraine,"50.45,30.52",https://www.npr.org/2025/07/09/nx-s1-5462624/the-white-house-pauses-and-then-resumes-supplying-weapons-to-ukraine-why-the-change
2025-07-04,sabot,reconnu,Taxe sur les transferts d'argent,Mexique,"La loi budgétaire de Trump crée une taxe de 1 % sur les transferts en espèces vers l'étranger, qui touche d'abord les envois des Mexicains à leurs familles.",Mexique,"19.43,-99.13",https://en.wikipedia.org/w/index.php?search=One%20Big%20Beautiful%20Bill%20Act%20remittance%20tax
2025-07-09,sabot,reconnu,Droits de douane pour sauver Bolsonaro,"Brasília, Brésil",Donald Trump annonce 50 % de droits de douane sur les produits brésiliens et les justifie par la « chasse aux sorcières » judiciaire contre Jair Bolsonaro.,Brésil,"-15.79,-47.88",https://en.wikipedia.org/w/index.php?search=2025%20United%20States%20tariffs%20on%20Brazil
2025-07-09,sabot,reconnu,Francesca Albanese sanctionnée,"Genève, Suisse","Washington sanctionne la rapporteuse spéciale de l'ONU sur les territoires palestiniens, qui dénonce un génocide à Gaza.",Suisse; Italie,"46.2,6.14; 41.9,12.5",https://en.wikipedia.org/w/index.php?search=Francesca%20Albanese%20sanctions
2025-07-11,sabot,reconnu,Sanctions contre Díaz-Canel,"Washington, États-Unis","Pour le quatrième anniversaire des manifestations de 2021, le département d'État interdit de visa le président Miguel Díaz-Canel et les ministres de la Défense et de l'Intérieur.",Cuba,"23.11,-82.37",https://en.wikipedia.org/w/index.php?search=Miguel%20D%C3%ADaz-Canel%20sanctions%202025
2025-07-14,sabot,reconnu,Droits de 17 % sur la tomate mexicaine,"Culiacán, Mexique",Washington sort de l'accord de suspension sur la tomate et impose des droits antidumping d'environ 17 %.,Mexique,"24.8,-107.39",https://en.wikipedia.org/w/index.php?search=Tomato%20Suspension%20Agreement%202025
2025-07-14,arme,reconnu,Armes américaines payées par l'OTAN,"Kyiv, Ukraine","Trump annonce que des alliés de l'OTAN achèteront des armes américaines, dont des Patriot, pour les livrer à l'Ukraine. Le mécanisme prend le nom de PURL.",Ukraine,"50.45,30.52",https://en.wikipedia.org/wiki/Prioritised_Ukraine_Requirements_List
2025-07-15,sabot,reconnu,Enquête « section 301 » contre le Brésil,"Brasília, Brésil","Le représentant américain au Commerce ouvre une enquête sur les pratiques brésiliennes, dont le système de paiement PIX, prélude à de nouvelles sanctions commerciales.",Brésil,"-15.79,-47.88",https://en.wikipedia.org/w/index.php?search=2025%20United%20States%20tariffs%20on%20Brazil%20Section%20301
2025-07-18,info,reconnu,Visas retirés à des juges de la Cour suprême,"Brasília, Brésil","Le département d'État révoque les visas du juge Alexandre de Moraes, qui instruit le procès de Bolsonaro, de ses proches et d'autres magistrats du Tribunal suprême fédéral.",Brésil,"-15.79,-47.88",https://en.wikipedia.org/w/index.php?search=Alexandre%20de%20Moraes%20United%20States%20sanctions
2025-07-25,info,reconnu,Cartel des Soleils classé terroriste,"Caracas, Venezuela","Le Trésor désigne le « Cartel des Soleils », présenté comme dirigé par Maduro, comme organisation terroriste. Des experts doutent qu'il existe comme organisation structurée.",Venezuela,"10.5,-66.9",https://fr.wikipedia.org/w/index.php?search=Cartel%20des%20Soleils
2025-07-27,sabot,reconnu,Accord de Turnberry imposé à l'UE,"Turnberry, à propos de l'UE","Sous menace de 30 %, l'Union européenne accepte 15 % de droits sur la plupart de ses exportations et des promesses d'achats d'énergie et d'investissements aux États-Unis.",Union européenne (Bruxelles),"50.85,4.35",https://en.wikipedia.org/w/index.php?search=European%20Union%20United%20States%20trade%20deal%20July%202025
2025-07-30,sabot,reconnu,Le juge Moraes sanctionné,"Brasília, Brésil","Washington applique la loi Magnitsky au juge de la Cour suprême Alexandre de Moraes, qui instruit le procès de Bolsonaro pour tentative de coup d'État.",Brésil,"-15.79,-47.88",https://en.wikipedia.org/w/index.php?search=Alexandre%20de%20Moraes%20sanctions%20Magnitsky
2025-07-30,sabot,reconnu,Décret de 40 % de droits sur le Brésil,"Washington, États-Unis","Trump décrète une urgence nationale et impose 40 % de droits supplémentaires sur les produits brésiliens, en invoquant les poursuites contre Jair Bolsonaro.",Brésil,"-15.79,-47.88",https://en.wikipedia.org/w/index.php?search=2025%20United%20States%20tariffs%20on%20Brazil
2025-07-31,cyber,allégué,Portes dérobées dans les puces H20,"Pékin, Chine",L'administration du cyberespace convoque Nvidia sur des risques de traçage et d'arrêt à distance dans les H20. Nvidia dément.,Chine,"39.9,116.4",https://en.wikipedia.org/w/index.php?search=Nvidia%20H20%20backdoor%20China
2025-08,arme,reconnu,Déploiement naval au large du Venezuela,Mer des Caraïbes,"Washington envoie destroyers, navires amphibies, un sous-marin et des milliers de soldats dans le sud des Caraïbes, puis des F-35 à Porto Rico, officiellement contre les cartels.",Venezuela,"12.3,-66.5",https://en.wikipedia.org/w/index.php?search=2025%20United%20States%20military%20buildup%20in%20the%20Caribbean
2025-08-01,sabot,reconnu,39 % de droits contre la Suisse,"Berne, Suisse","La Suisse reçoit l'un des taux les plus élevés imposés à un pays occidental, après un échange tendu entre Trump et la présidente de la Confédération.",Suisse,"46.95,7.45",https://en.wikipedia.org/w/index.php?search=Switzerland%20United%20States%20tariffs%202025
2025-08-01,sabot,reconnu,Droits relevés à 35 % contre le Canada,"Ottawa, Canada",Washington porte à 35 % les droits sur les produits canadiens non couverts par l'accord ACEUM.,Canada,"45.42,-75.7",https://en.wikipedia.org/w/index.php?search=2025%20United%20States%20trade%20war%20with%20Canada%20and%20Mexico
2025-08-01,cyber,allégué,Industrie de défense piratée via Exchange,"Pékin, Chine",Le CNCERT accuse le renseignement américain d'avoir exploité une faille de Microsoft Exchange pour pénétrer un grand groupe militaire chinois en 2022 et 2023.,Chine,"39.9,116.4",https://en.wikipedia.org/w/index.php?search=CNCERT%20Microsoft%20Exchange%20US%20intelligence%202025
2025-08-04,arme,reconnu,Premier paquet PURL payé par les Pays-Bas,"Kyiv, Ukraine","L'OTAN annonce le premier paquet d'armes américaines, environ 500 millions d'euros payés par les Pays-Bas, dont des pièces et missiles Patriot. Les pays nordiques suivent le lendemain.",Ukraine,"50.45,30.52",https://www.nato.int/en/news-and-events/articles/news/2025/08/04/secretary-general-welcomes-first-package-of-us-equipment-for-ukraine-funded-by-the-netherlands-under-new-nato-initiative
2025-08-06,sabot,reconnu,50 % contre l'Inde pour le pétrole russe,"New Delhi, Inde","Trump ajoute 25 % de pénalité aux droits sur l'Inde pour ses achats de pétrole russe, portant le total à 50 % à partir du 27 août.",Inde,"28.61,77.21",https://en.wikipedia.org/w/index.php?search=India%20United%20States%20tariffs%202025%20Russian%20oil
2025-08-07,mort,reconnu,Prime sur Maduro portée à 50 millions,"Washington, États-Unis","La ministre de la Justice Pam Bondi double la récompense pour la capture de Maduro, la plus élevée jamais offerte par Washington.",Venezuela,"10.5,-66.9",https://fr.wikipedia.org/w/index.php?search=Nicol%C3%A1s%20Maduro
2025-08-08,arme,documenté,Directive secrète contre les cartels,"Mexico, Mexique","Selon le New York Times, Trump a signé une directive autorisant l'armée à agir contre les cartels classés terroristes. Claudia Sheinbaum exclut toute intervention sur le sol mexicain.",Mexique,"19.43,-99.13",https://en.wikipedia.org/w/index.php?search=Trump%20directive%20military%20force%20cartels%202025
2025-08-13,info,reconnu,Visas retirés pour le programme Mais Médicos,"Brasília, Brésil",Le département d'État révoque les visas de fonctionnaires brésiliens liés au programme qui avait fait venir des médecins cubains.,Brésil,"-15.79,-47.88",https://en.wikipedia.org/w/index.php?search=Mais%20M%C3%A9dicos%20United%20States%20visa%20revocation%202025
2025-08-20,sabot,reconnu,Le juge français Nicolas Guillou sanctionné,"La Haye, Pays-Bas","Washington sanctionne quatre membres de la CPI, dont le juge français Nicolas Guillou et la juge canadienne Kimberly Prost.",Pays-Bas; France,"52.08,4.3; 48.86,2.35",https://fr.wikipedia.org/w/index.php?search=Nicolas%20Guillou
2025-08-27,info,documenté,Opérations d'influence au Groenland,"Nuuk, Groenland","Selon la télévision danoise DR, des Américains liés à Trump recensent partisans et opposants pour favoriser une sécession. Copenhague convoque le chargé d'affaires.",Groenland (Danemark); Danemark,"64.18,-51.72; 55.68,12.57",https://en.wikipedia.org/w/index.php?search=Proposals%20for%20the%20United%20States%20to%20purchase%20Greenland
2025-08-27,sabot,reconnu,Réseau d'informaticiens nord-coréens visé,"Pyongyang, Corée du Nord",Le Trésor sanctionne un Russe et des sociétés chinoises et nord-coréennes qui placent de faux informaticiens dans des entreprises étrangères pour financer l'armement.,Corée du Nord,"39.03,125.75",https://home.treasury.gov/news/press-releases/sb0230
2025-08-28,arme,reconnu,Vente de 3 350 missiles ERAM,"Kyiv, Ukraine","Le département d'État approuve la vente à l'Ukraine de 3 350 missiles air-sol à longue portée ERAM pour environ 825 millions de dollars, financée en partie par des alliés.",Ukraine,"50.45,30.52",https://www.cnn.com/2025/08/28/politics/trump-missile-sale-ukraine
2025-08-29,info,reconnu,Visas refusés à la délégation palestinienne,"New York, États-Unis","Le département d'État révoque ou refuse les visas de Mahmoud Abbas et de responsables palestiniens avant l'Assemblée générale, malgré l'accord de siège de l'ONU.",Palestine,"31.9,35.2",https://fr.wikipedia.org/w/index.php?search=Mahmoud%20Abbas
2025-09-02,crime,reconnu,Seconde frappe sur des survivants,Mer des Caraïbes,"Selon le Washington Post, une seconde frappe tue deux survivants de la première attaque. La Maison-Blanche confirme la frappe et la défend ; des juristes parlent de crime de guerre.",Venezuela,"12.5,-65.0",https://en.wikipedia.org/w/index.php?search=September%202%202025%20boat%20strike%20second%20strike%20survivors
2025-09-02,arme,reconnu,Premières frappes contre des bateaux,Mer des Caraïbes,L'armée américaine détruit une embarcation présentée comme narcotrafiquante venue du Venezuela : 11 morts. Aucune preuve publique n'est fournie.,Venezuela,"12.5,-65.0",https://en.wikipedia.org/w/index.php?search=2025%20United%20States%20military%20strikes%20on%20alleged%20drug%20vessels
2025-09-04,sabot,reconnu,ONG palestiniennes sanctionnées,Territoires palestiniens,"Le Trésor sanctionne Al-Haq, le Centre palestinien pour les droits de l'homme et Al Mezan, qui ont transmis à la CPI des dossiers sur les crimes israéliens.",Palestine; Palestine (Gaza),"31.9,35.2; 31.5,34.45",https://en.wikipedia.org/w/index.php?search=Al-Haq
2025-09-15,arme,reconnu,Deuxième bateau détruit au large du Venezuela,Mer des Caraïbes,"Trump annonce une nouvelle frappe contre une embarcation partie du Venezuela : trois morts, présentés comme narcotrafiquants sans preuve publique.",Venezuela,"12.5,-65.0",https://en.wikipedia.org/w/index.php?search=2025%20United%20States%20military%20strikes%20on%20alleged%20drug%20vessels
2025-09-15,sabot,reconnu,La Colombie « décertifiée »,"Washington, États-Unis","Pour la première fois depuis 1997, Washington juge que la Colombie a « manifestement échoué » dans la lutte antidrogue, tout en maintenant une dérogation pour l'aide.",Colombie,"4.71,-74.07",https://en.wikipedia.org/w/index.php?search=Gustavo%20Petro%20United%20States%202025
2025-09-18,info,reconnu,Sixième veto sur Gaza,"Conseil de sécurité, New York","Les États-Unis bloquent un nouveau projet des dix membres élus exigeant un cessez-le-feu permanent et la levée des restrictions sur l'aide, un mois après la confirmation de la famine à Gaza par l'IPC.",Palestine (Gaza),"31.5,34.45",https://en.wikipedia.org/w/index.php?search=List%20of%20vetoed%20United%20Nations%20Security%20Council%20resolutions
2025-09-19,arme,reconnu,Troisième bateau détruit,Mer des Caraïbes,Trump annonce une nouvelle frappe contre une embarcation présentée comme narcotrafiquante liée au Venezuela : trois morts. Aucune preuve publique n'est fournie.,Venezuela,"12.3,-66.5",https://en.wikipedia.org/w/index.php?search=United%20States%20strikes%20on%20alleged%20drug%20vessels
2025-09-22,sabot,reconnu,L'épouse du juge Moraes sanctionnée,"Brasília, Brésil","Le Trésor américain étend les sanctions Magnitsky à Viviane Barci de Moraes et à une société familiale, après la condamnation de Jair Bolsonaro.",Brésil,"-15.79,-47.88",https://en.wikipedia.org/w/index.php?search=Alexandre%20de%20Moraes%20Magnitsky%20sanctions%20wife
2025-09-26,sabot,reconnu,Visa de Gustavo Petro révoqué,"New York, États-Unis",Le département d'État annule le visa du président colombien après son discours dans une rue de New York appelant les soldats américains à désobéir.,Colombie,"4.71,-74.07",https://fr.wikipedia.org/w/index.php?search=Gustavo%20Petro
2025-09-29,sabot,reconnu,Règle des filiales à 50 %,"Pékin, Chine",Le Commerce étend l'Entity List à toute société détenue à 50 % par une entité listée. La règle est suspendue un an en novembre après une trêve commerciale.,Chine,"39.9,116.4",https://en.wikipedia.org/w/index.php?search=BIS%20affiliates%20rule%2050%20percent
2025-10,arme,reconnu,Frappes étendues au Pacifique,"Pacifique oriental, Colombie","Les frappes contre des embarcations s'étendent au Pacifique, au large de la Colombie et de l'Équateur. Gustavo Petro les qualifie d'assassinats.",Colombie,"4.71,-74.07",https://en.wikipedia.org/w/index.php?search=2025%20United%20States%20military%20strikes%20on%20alleged%20drug%20vessels
2025-10,sabot,reconnu,Gustavo Petro sanctionné,"Bogota, Colombie","Le Trésor américain sanctionne le président colombien, que Trump traite de chef du narcotrafic, après ses critiques des frappes.",Colombie,"4.71,-74.07",https://en.wikipedia.org/w/index.php?search=Gustavo%20Petro%20United%20States%20sanctions%202025
2025-10,arme,reconnu,Bombardiers B-52 et B-1 près du Venezuela,Mer des Caraïbes,Des bombardiers stratégiques américains mènent des vols de démonstration de force au large des côtes vénézuéliennes.,Venezuela,"12.3,-66.5",https://en.wikipedia.org/w/index.php?search=2025%20United%20States%20military%20buildup%20in%20the%20Caribbean
2025-10-03,arme,reconnu,Quatre morts dans une frappe au large,Mer des Caraïbes,"Pete Hegseth annonce la destruction d'un bateau au large du Venezuela : quatre morts, qualifiés de « narcoterroristes » sans preuve publique.",Venezuela,"12.3,-66.5",https://en.wikipedia.org/w/index.php?search=United%20States%20strikes%20on%20alleged%20drug%20vessels
2025-10-09,info,reconnu,Le Trésor achète des pesos pour Milei,"Washington, États-Unis","Scott Bessent annonce que le Trésor américain achète directement des pesos pour soutenir la monnaie argentine, à deux semaines des législatives de mi-mandat.",Argentine,"-34.6,-58.38",https://en.wikipedia.org/w/index.php?search=Scott%20Bessent%20Argentina
2025-10-12,arme,documenté,Renseignement pour frapper les raffineries russes,Russie,"Selon le Financial Times, Washington aide depuis l'été Kiev à planifier ses frappes de drones contre des raffineries russes : trajectoires, horaires et vulnérabilités des cibles.",Russie,"57.63,39.87",https://en.wikipedia.org/w/index.php?search=2025%20Russian%20fuel%20crisis
2025-10-14,info,reconnu,Aide à Milei conditionnée au vote,"Buenos Aires, Argentine","Trump annonce qu'il ne sera pas « généreux » avec l'Argentine si Javier Milei perd les législatives, alors que Washington lui ouvre une ligne de swap de 20 milliards de dollars.",Argentine,"-34.6,-58.38",https://en.wikipedia.org/w/index.php?search=2025%20Argentine%20legislative%20election%20United%20States%20swap
2025-10-14,arme,reconnu,"Six morts, dont des Trinidadiens",Mer des Caraïbes,Une frappe tue six personnes au large du Venezuela. Des familles de Trinité-et-Tobago affirment que deux victimes étaient des pêcheurs trinidadiens.,Venezuela,"12.3,-66.5",https://en.wikipedia.org/w/index.php?search=United%20States%20strikes%20on%20alleged%20drug%20vessels
2025-10-14,sabot,reconnu,Menaces commerciales contre l'Espagne,"Madrid, Espagne","Donald Trump envisage de sanctionner commercialement l'Espagne, qui refuse l'objectif de 5 % du PIB pour la défense fixé à l'OTAN.",Espagne,"40.42,-3.7",https://fr.wikipedia.org/w/index.php?search=Espagne%20OTAN%205%20%25%20Trump
2025-10-15,coup,reconnu,Action clandestine de la CIA au Venezuela,"Caracas, Venezuela","Donald Trump confirme avoir autorisé la CIA à mener des opérations secrètes au Venezuela, révélées par le New York Times.",Venezuela,"10.49,-66.9",https://en.wikipedia.org/w/index.php?search=CIA%20covert%20action%20Venezuela%202025
2025-10-16,arme,reconnu,"Semi-submersible frappé, deux rescapés",Mer des Caraïbes,"Une frappe contre un semi-submersible fait deux morts. Les deux survivants, un Colombien et un Équatorien, sont rapatriés dans leurs pays au lieu d'être détenus.",Colombie; Équateur,"13.0,-72.0; -0.22,-78.5",https://en.wikipedia.org/w/index.php?search=2025%20United%20States%20military%20strikes%20on%20alleged%20drug%20vessels
2025-10-17,arme,reconnu,Trump écarte les Tomahawk,"Kyiv, Ukraine","Après une rencontre avec Zelensky à la Maison-Blanche, Trump dit préférer ne pas livrer de missiles de croisière Tomahawk, jugés nécessaires aux États-Unis.",Ukraine,"50.45,30.52",https://www.csis.org/analysis/will-tomahawks-save-ukraine
2025-10-19,cyber,allégué,Centre national de l'heure chinois,"Xi'an, Chine",Le ministère chinois de la Sécurité d'État accuse la NSA d'avoir attaqué le centre qui fournit l'heure officielle du pays.,Chine,"34.37,109.2",https://en.wikipedia.org/w/index.php?search=National%20Time%20Service%20Center%20NSA%20cyberattack
2025-10-19,sabot,reconnu,Trump coupe l'aide à la Colombie,"Washington, États-Unis",Trump qualifie Petro de « chef du trafic de drogue illégal » et annonce la fin des aides et subventions américaines à la Colombie.,Colombie,"4.71,-74.07",https://en.wikipedia.org/w/index.php?search=Gustavo%20Petro%20United%20States%202025
2025-10-20,info,reconnu,Swap de 20 milliards de dollars,"Buenos Aires, Argentine","Le Trésor et la Banque centrale argentine signent une ligne d'échange de 20 milliards de dollars, présentée comme un soutien au gouvernement de Javier Milei avant le scrutin du 26 octobre.",Argentine,"-34.6,-58.38",https://en.wikipedia.org/w/index.php?search=Javier%20Milei%20United%20States%20swap
2025-10-22,sabot,reconnu,Sanctions contre Rosneft et Lukoil,"Moscou, Russie","Le Trésor inscrit sur sa liste noire les deux premiers groupes pétroliers russes, qui assurent environ la moitié de la production du pays.",Russie,"55.75,37.62",https://fr.wikipedia.org/w/index.php?search=Rosneft
2025-10-23,sabot,reconnu,Négociations rompues pour une publicité,"Toronto, Canada","Trump met fin aux discussions commerciales avec le Canada à cause d'une publicité de l'Ontario citant Ronald Reagan contre les droits de douane, puis annonce 10 % supplémentaires.",Canada,"43.65,-79.38",https://en.wikipedia.org/w/index.php?search=Ontario%20Reagan%20tariff%20advertisement%202025
2025-11,info,reconnu,Trump dans la présidentielle hondurienne,"Tegucigalpa, Honduras","Trump appelle à voter Nasry Asfura, menace de couper l'aide en cas de défaite et annonce la grâce de l'ex-président Juan Orlando Hernández, condamné pour narcotrafic.",Honduras,"14.07,-87.21",https://en.wikipedia.org/w/index.php?search=2025%20Honduran%20general%20election%20Trump
2025-11,info,reconnu,Boycott du G20 de Johannesburg,"Johannesburg, Afrique du Sud","Donald Trump annonce qu'aucun responsable américain n'assistera au sommet du G20 en Afrique du Sud, en invoquant de prétendues persécutions des Afrikaners.",Afrique du Sud,"-26.2,28.05",https://en.wikipedia.org/w/index.php?search=2025%20G20%20Johannesburg%20summit
2025-11,crime,documenté,Tortures au CECOT documentées,"Tecoluca, Salvador","Human Rights Watch et Cristosal recueillent les témoignages de Vénézuéliens expulsés par Washington au CECOT : passages à tabac, violences sexuelles et privations pendant quatre mois.",Salvador,"13.62,-88.93",https://fr.wikipedia.org/w/index.php?search=Centro%20de%20Confinamiento%20del%20Terrorismo
2025-11-01,info,reconnu,Menace d'intervention contre le Nigeria,"Abuja, Nigeria",Trump classe le Nigeria « pays particulièrement préoccupant » pour la liberté religieuse et menace d'intervenir militairement si les meurtres de chrétiens continuent. Abuja rejette l'accusation.,Nigeria,"9.06,7.49",https://en.wikipedia.org/w/index.php?search=Nigeria%20Country%20of%20Particular%20Concern%202025%20Trump
2025-11-13,arme,reconnu,Opération « Southern Spear »,Mer des Caraïbes,Pete Hegseth annonce l'opération « Lance du Sud » contre les « narcoterroristes » ; le porte-avions Gerald R. Ford arrive dans les Caraïbes quelques jours plus tard.,Venezuela,"12.3,-66.5",https://en.wikipedia.org/w/index.php?search=Operation%20Southern%20Spear
2025-11-24,info,reconnu,Cartel des Soleils désigné terroriste étranger,"Caracas, Venezuela","Le département d'État inscrit le Cartel des Soleils sur la liste des organisations terroristes étrangères, ce qui vise directement Maduro et son entourage.",Venezuela,"10.5,-66.9",https://fr.wikipedia.org/w/index.php?search=Cartel%20des%20Soleils
2025-11-25,sabot,reconnu,Vente judiciaire de Citgo,"Wilmington, États-Unis","Un juge fédéral du Delaware approuve la vente aux enchères de la maison mère de Citgo à Amber Energy, liée au fonds Elliott, pour payer des créanciers du Venezuela.",Venezuela,"10.5,-66.9",https://en.wikipedia.org/w/index.php?search=Citgo
2025-11-29,arme,reconnu,Espace aérien vénézuélien déclaré « fermé »,"Caracas, Venezuela","Trump proclame sur son réseau social que l'espace aérien du Venezuela et de ses abords doit être considéré comme « fermé dans sa totalité », après des mises en garde de l'aviation civile américaine.",Venezuela,"10.5,-66.9",https://en.wikipedia.org/w/index.php?search=2025%20United%20States%20military%20buildup%20in%20the%20Caribbean
2025-12,info,reconnu,Grâce de Juan Orlando Hernández,"Tegucigalpa, Honduras","Trump gracie l'ex-président hondurien, condamné à 45 ans pour trafic de cocaïne, après l'avoir annoncé pendant la campagne présidentielle où il soutenait Nasry Asfura.",Honduras,"14.07,-87.21",https://fr.wikipedia.org/w/index.php?search=Juan%20Orlando%20Hern%C3%A1ndez
2025-12,info,reconnu,Stratégie de sécurité contre l'UE,"Washington, États-Unis",La stratégie de sécurité nationale évoque un « effacement civilisationnel » de l'Europe et prône de « cultiver la résistance » à sa trajectoire au sein des nations européennes.,Union européenne,"50.85,4.35",https://en.wikipedia.org/w/index.php?search=National%20Security%20Strategy%202025
2025-12-10,sabot,reconnu,Saisie du pétrolier Skipper,Mer des Caraïbes,"Les forces américaines abordent et saisissent au large du Venezuela le pétrolier Skipper, chargé de brut vénézuélien et sous sanctions.",Venezuela,"12.3,-66.5",https://en.wikipedia.org/w/index.php?search=2025%20United%20States%20seizure%20of%20oil%20tankers%20Venezuela
2025-12-16,sabot,reconnu,Blocus des pétroliers sous sanctions,Mer des Caraïbes,Trump ordonne un « blocus total et complet » des pétroliers sous sanctions qui entrent au Venezuela ou en sortent.,Venezuela,"12.3,-66.5",https://en.wikipedia.org/w/index.php?search=2025%20United%20States%20naval%20blockade%20of%20Venezuela
2025-12-18,arme,reconnu,400 millions USAI dans la loi de défense,"Kyiv, Ukraine","Trump signe la loi de programmation militaire 2026, qui prévoit 400 millions de dollars par an pour l'USAI en 2026 et 2027 et impose d'informer le Congrès de toute suspension du renseignement.",Ukraine,"50.45,30.52",https://www.atlanticcouncil.org/blogs/ukrainealert/whats-in-the-new-us-defense-bill-for-ukraine/
2025-12-20,sabot,reconnu,Saisie du pétrolier Centuries,Mer des Caraïbes,"Les garde-côtes américains saisissent un deuxième pétrolier chargé de brut vénézuélien, le Centuries.",Venezuela,"12.3,-66.5",https://en.wikipedia.org/w/index.php?search=2025%20United%20States%20seizure%20of%20oil%20tankers%20Venezuela
2025-12-23,info,reconnu,Interdiction de visa pour Thierry Breton,"Bruxelles, Belgique","Le département d'État interdit de visa l'ancien commissaire européen et d'autres acteurs de la régulation des plateformes, accusés de « censure » par Washington.",Union européenne (Bruxelles); France,"50.85,4.35; 48.86,2.35",https://en.wikipedia.org/w/index.php?search=Thierry%20Breton%20visa%20ban
2025-12-25,arme,reconnu,Frappes américaines dans l'État de Sokoto,"Sokoto, Nigeria","Les États-Unis frappent des camps de l'État islamique dans le nord-ouest du Nigeria, en coordination avec Abuja, selon Donald Trump et l'AFRICOM.",Nigeria,"13.06,5.24",https://en.wikipedia.org/w/index.php?search=2025%20United%20States%20strikes%20in%20Nigeria
2026,arme,reconnu,Campagne de frappes en Somalie,"Bossaso, Somalie","L'AFRICOM confirme 63 frappes en Somalie entre janvier et fin mai 2026 contre l'État islamique et les Chabab, notamment dans les monts Golis. Des victimes civiles sont signalées sans attribution claire.",Somalie,"11.28,49.18",https://www.newamerica.org/insights/africom-confirms-63-strikes-in-somalia-in-2026/
2026-01,sabot,reconnu,Droits de douane pour le Groenland,"Copenhague, Danemark","Trump menace de droits de douane huit pays européens qui ont envoyé des militaires au Groenland, avant de reculer après un accord-cadre conclu avec l'OTAN à Davos.",Danemark; Groenland (Danemark); France; Allemagne; Royaume-Uni,"55.68,12.57; 64.18,-51.72; 48.86,2.35; 52.52,13.4; 51.5,-0.13",https://en.wikipedia.org/w/index.php?search=Greenland%20crisis%202026%20tariffs
2026-01,info,reconnu,Trump menace Petro et la Colombie,"Bogota, Colombie","Au lendemain de la capture de Maduro, Trump traite Gustavo Petro de trafiquant de cocaïne et juge qu'une opération militaire en Colombie « sonne bien ». Bogota dénonce une ingérence.",Colombie,"4.71,-74.07",https://www.aljazeera.com/news/2026/1/5/trump-threatens-colombias-petro-says-cuba-looks-like-its-ready-to-fall
2026-01,arme,reconnu,Trump annonce des frappes terrestres au Mexique,"Mexico, Mexique","Trump déclare que les États-Unis vont « commencer à frapper la terre » contre les cartels, visant le Mexique. Claudia Sheinbaum rejette toute action militaire américaine sur son sol.",Mexique,"19.43,-99.13",https://www.cnbc.com/2026/01/09/trump-us-military-cartels-mexico-land.html
2026-01,sabot,reconnu,Washington prend la main sur le pétrole,"Caracas, Venezuela","Trump affirme que les États-Unis vont « diriger » le Venezuela et annonce que Caracas doit leur remettre des dizaines de millions de barils de pétrole, vendus sous contrôle américain.",Venezuela,"10.5,-66.9",https://en.wikipedia.org/w/index.php?search=2026%20United%20States%20strikes%20in%20Venezuela
2026-01-03,arme,reconnu,Capture de Nicolás Maduro,"Caracas, Venezuela","Des frappes et une opération commando américaines capturent le président vénézuélien, transféré à New York pour y être jugé pour narcotrafic.",Venezuela,"10.49,-66.9",https://en.wikipedia.org/w/index.php?search=2026%20United%20States%20strikes%20in%20Venezuela
2026-01-03,cyber,documenté,Caracas plongée dans le noir pendant le raid,"Caracas, Venezuela","Pendant l'opération contre Maduro, l'électricité est coupée dans une partie de Caracas. Trump évoque « une certaine expertise » américaine et le général Caine cite le Cyber Command. La cause exacte reste débattue.",Venezuela,"10.5,-66.9",https://www.axios.com/2026/01/08/venezuela-maduro-raid-blackout-cyber-operation
2026-01-03,arme,reconnu,Frappes sur Caracas,"Caracas, Venezuela","Pour capturer Maduro, l'armée américaine frappe des sites militaires à Caracas et dans ses environs, dont Fuerte Tiuna. Cuba annonce la mort de 32 de ses militaires ; Caracas fait état de dizaines de morts vénézuéliens.",Venezuela,"10.5,-66.9",https://en.wikipedia.org/w/index.php?search=2026%20United%20States%20strikes%20in%20Venezuela
2026-01-03,mort,reconnu,Cilia Flores capturée avec Maduro,"Caracas, Venezuela","L'épouse de Maduro, la députée Cilia Flores, est enlevée avec lui et inculpée à New York dans un acte d'accusation élargi qui vise aussi leur fils.",Venezuela,"10.5,-66.9",https://fr.wikipedia.org/w/index.php?search=Cilia%20Flores
2026-01-05,mort,reconnu,Maduro comparaît à New York,"New York, États-Unis",Maduro et Cilia Flores comparaissent devant un tribunal fédéral de Manhattan et plaident non coupable de narcoterrorisme.,Venezuela,"10.5,-66.9",https://fr.wikipedia.org/w/index.php?search=Nicol%C3%A1s%20Maduro
2026-01-06,info,reconnu,Groenland : l'armée « toujours une option »,"Nuuk, Groenland",La porte-parole de la Maison-Blanche déclare que l'usage de l'armée pour acquérir le Groenland reste « toujours une option ». Copenhague prévient qu'une attaque signerait la fin de l'OTAN.,Groenland (Danemark); Danemark,"64.18,-51.72; 55.68,12.57",https://www.cnn.com/2026/01/06/politics/us-options-greenland-military
2026-01-07,sabot,reconnu,Saisie du pétrolier Sophia,Mer des Caraïbes,"Le même jour que le Marinera, les forces du Southern Command arraisonnent dans les Caraïbes le pétrolier Sophia, parti du Venezuela chargé de brut, pour violation de l'embargo.",Venezuela,"12.3,-66.5",https://www.cbsnews.com/news/us-operation-seize-venezuela-linked-oil-tanker-marinera/
2026-01-07,sabot,reconnu,Saisie du pétrolier Marinera,Atlantique Nord,"Après une longue poursuite, les forces américaines saisissent dans l'Atlantique Nord l'ancien Bella 1, rebaptisé Marinera et passé sous pavillon russe, qui fuyait le blocus.",Venezuela,"10.5,-66.9",https://en.wikipedia.org/w/index.php?search=2025%20United%20States%20seizure%20of%20oil%20tankers%20Venezuela
2026-01-09,sabot,reconnu,Saisie du pétrolier Olina,Mer des Caraïbes,"Les garde-côtes et la force Southern Spear saisissent le pétrolier Olina, cinquième navire pris dans le cadre de la « quarantaine » imposée au pétrole vénézuélien.",Venezuela,"12.3,-66.5",https://www.nbcnews.com/world/venezuela/us-seizes-tanker-olina-caribbean-venezuela-russia-oil-rcna253170
2026-01-10,arme,reconnu,Opération « Hawkeye Strike » en Syrie,"Palmyre, Syrie","Les États-Unis et la Jordanie frappent plus de 35 cibles de l'État islamique en Syrie, en représailles à l'embuscade de Palmyre qui a tué deux soldats et un interprète américains en décembre.",Syrie,"34.55,38.27",https://www.npr.org/2026/01/10/nx-s1-5673346/us-syria-isis-retaliatory-strikes
2026-01-11,sabot,reconnu,Washington coupe le pétrole vénézuélien de Cuba,"La Havane, Cuba","Après la capture de Nicolás Maduro, Trump annonce qu'il n'y aura « plus de pétrole ni d'argent » pour Cuba et appelle La Havane à conclure un accord. Les pénuries et les coupures de courant s'aggravent.",Cuba,"23.11,-82.37",https://en.wikipedia.org/w/index.php?search=Cuba%20oil%20crisis%202026
2026-01-12,sabot,reconnu,Droits de douane contre les partenaires de l'Iran,"Téhéran, Iran","Trump annonce que tout pays commerçant avec l'Iran paiera 25 % de droits de douane sur ses échanges avec les États-Unis. Un décret de février autorise ces taxes contre les acheteurs de biens iraniens, dont la Chine.",Iran; Chine,"35.69,51.39; 39.9,116.4",https://www.cnn.com/2026/01/12/business/tariffs-trump-iran
2026-01-15,sabot,reconnu,Saisie du pétrolier Veronica,Mer des Caraïbes,"Une équipe des garde-côtes aborde avant l'aube le pétrolier Veronica, sixième navire saisi pour avoir défié le blocus des pétroliers liés au Venezuela.",Venezuela,"12.3,-66.5",https://news.usni.org/2026/01/15/u-s-forces-seize-venezuela-linked-tanker-veronica
2026-01-20,sabot,reconnu,Saisie du pétrolier Sagitta,Mer des Caraïbes,"Septième saisie : les forces américaines prennent le Sagitta, pétrolier de la « flotte fantôme » russe appartenant à une société de Hong Kong sanctionnée.",Venezuela,"12.3,-66.5",https://news.usni.org/2026/01/20/u-s-forces-seize-sanctioned-tanker-in-southcom
2026-01-23,arme,reconnu,Première frappe de 2026 contre un bateau,Pacifique oriental,"Le Southern Command détruit une embarcation accusée de transporter de la drogue dans le Pacifique est : deux morts, un survivant. Les frappes reprennent après une pause de plusieurs semaines.",Colombie,"4.71,-74.07",https://www.cnn.com/2026/01/23/politics/us-military-strikes-boat-pacific-survivor
2026-01-24,sabot,reconnu,Menace de 100 % de droits de douane au Canada,"Ottawa, Canada","Trump menace d'imposer 100 % de droits de douane sur tous les produits canadiens si Ottawa conclut un accord commercial avec la Chine, une semaine après l'avoir approuvé.",Canada,"45.42,-75.7",https://www.cnn.com/2026/01/24/business/trump-canada-tariff-threat
2026-01-27,info,reconnu,Veto de Trump contre Maliki en Irak,"Bagdad, Irak","Trump menace de cesser toute aide à l'Irak si Nouri al-Maliki, candidat du principal bloc parlementaire, redevient Premier ministre. Maliki dénonce une ingérence flagrante.",Irak,"33.31,44.37",https://www.cnn.com/2026/01/27/middleeast/trump-rejects-nouri-al-maliki-as-iraq-leader-intl-latam
2026-01-29,sabot,reconnu,Menaces de droits de douane sur le pétrole cubain,"Washington, États-Unis",Un décret de Trump déclare une urgence nationale visant Cuba et menace de droits de douane les pays qui lui fournissent du pétrole.,Cuba,"23.11,-82.37",https://en.wikipedia.org/w/index.php?search=Cuba%20oil%20tariffs%20executive%20order%202026
2026-02,sabot,documenté,Un pétrolier pour Cuba fait demi-tour,"Passage du Vent, Caraïbes","Selon la presse maritime, un garde-côte américain intercepte le pétrolier Ocean Mariner en route vers Cuba, qui fait demi-tour. Il avait livré en janvier la dernière cargaison connue de carburant à l'île.",Cuba,"23.11,-82.37",https://maritime-executive.com/article/report-uscg-cutter-blocks-tanker-bound-for-cuba-with-vital-fuel-supply
2026-02,arme,reconnu,Onze morts dans trois frappes contre des bateaux,Pacifique oriental et Caraïbes,"Le Southern Command annonce trois frappes contre des embarcations présentées comme narcotrafiquantes, deux dans le Pacifique est et une dans les Caraïbes : onze morts.",Colombie; Venezuela,"4.71,-74.07; 12.3,-66.5",https://news.usni.org/2026/02/17/u-s-force-strike-3-suspected-narco-boats-in-eastern-pacific-caribbean
2026-02-05,info,reconnu,Trump soutient Orbán avant le scrutin hongrois,"Budapest, Hongrie",Trump apporte son soutien « complet et total » à Viktor Orbán avant les législatives d'avril. Orbán sera battu le 12 avril par Péter Magyar.,Hongrie,"47.5,19.04",https://www.aljazeera.com/news/2026/2/5/trump-endorses-prime-minister-viktor-orban-for-hungarys-april-election
2026-02-26,sabot,reconnu,Cinq responsables nicaraguayens sanctionnés,"Managua, Nicaragua","Le Trésor sanctionne cinq responsables des agences financières, de télécommunications et du renseignement militaire accusés de soutenir la répression.",Nicaragua,"12.13,-86.25",https://ofac.treasury.gov/recent-actions/20260226
2026-02-26,info,documenté,Négociations de Genève à la veille de la guerre,"Genève, Suisse","Witkoff et Kushner rencontrent Araghchi à Genève ; Oman évoque des « progrès substantiels » et une nouvelle réunion le 2 mars. Deux jours plus tard, les frappes commencent. Téhéran accuse Washington d'avoir utilisé les pourparlers comme couverture.",Iran,"35.69,51.39",https://www.armscontrol.org/blog/2026-03-11/us-negotiators-were-ill-prepared-serious-nuclear-negotiations-iran
2026-02-27,info,reconnu,Une « prise de contrôle amicale » de Cuba,"La Havane, Cuba","Trump affirme que Cuba « n'a plus d'argent » et évoque une « prise de contrôle amicale » de l'île si ses dirigeants ne cèdent pas, en plein blocus pétrolier.",Cuba,"23.11,-82.37",https://www.aljazeera.com/video/newsfeed/2026/2/27/trump-says-friendly-takeover-of-cuba-possible
2026-02-28,arme,reconnu,Opération « Epic Fury » contre l'Iran,"Téhéran, Iran","Les États-Unis et Israël lancent près de 900 frappes en douze heures contre les missiles, les défenses et les dirigeants iraniens. C'est le début de la guerre d'Iran de 2026.",Iran,"35.69,51.39",https://www.britannica.com/event/2026-Iran-war
2026-02-28,mort,reconnu,Assassinat d'Ali Khamenei,"Téhéran, Iran","Le Guide suprême iranien est tué dans son bureau lors des frappes israélo-américaines du premier jour, avec des dizaines de hauts responsables. Trump réclame ensuite un rôle dans le choix de son successeur.",Iran,"35.69,51.39",https://www.aljazeera.com/news/2026/2/28/irans-supreme-leader-ali-khamenei-killed-in-us-israeli-attacks-reports
2026-02-28,crime,documenté,Frappe sur l'école de filles de Minab,"Minab, Iran","Des missiles Tomahawk frappent une école primaire voisine d'une base des Gardiens de la révolution : environ 156 morts, dont quelque 120 enfants. Une enquête militaire préliminaire désigne les États-Unis ; une mission de l'ONU y voit un possible crime de guerre.",Iran,"27.15,57.08",https://npr.org/2026/03/11/nx-s1-5744981/pentagon-iran-missile-school-hegseth
2026-02-28,crime,documenté,Frappe sur un complexe sportif à Lamerd,"Lamerd, Iran","Selon la mission d'enquête de l'ONU, une frappe américaine disperse des billes de tungstène sur un complexe sportif et un quartier résidentiel de Lamerd : 22 civils tués. Washington rejette ces conclusions.",Iran,"27.34,53.19",https://www.stripes.com/theaters/middle_east/2026-09-18/un-report-concludes-us-war-crimes-iran-22880407.html
2026-02-28,cyber,reconnu,Cyberattaques américaines en ouverture,"Téhéran, Iran","Selon le général Dan Caine, le Cyber Command et le Space Command ont été les « premiers à agir », perturbant les réseaux de communication et de capteurs iraniens avant les frappes.",Iran,"35.69,51.39",https://therecord.media/iran-cyber-us-command-attack
2026-02-28,mort,documenté,Frappe sur le Conseil de défense iranien,"Téhéran, Iran","Dès le premier jour, une frappe sur une réunion du Conseil de défense tue le chef des Gardiens de la révolution Mohammad Pakpour, le ministre de la Défense Aziz Nasirzadeh et Ali Shamkhani. L'armée israélienne revendique l'attaque, menée dans la campagne conjointe.",Iran,"35.69,51.39",https://aljazeera.com/news/2026/3/1/who-are-irans-senior-figures-killed-in-us-israeli-attacks
2026-02-28,arme,documenté,Frappes sur Jurf al-Sakhar en Irak,"Jurf al-Sakhar, Irak","Deux heures après le début de l'attaque contre l'Iran, des frappes non revendiquées, attribuées aux États-Unis, visent les camps du Kataeb Hezbollah à Jurf al-Sakhar, au sud de Bagdad.",Irak,"32.87,44.21",https://alhurra.com/en/15713
2026-03,arme,documenté,Frappes contre les milices pro-iraniennes en Irak,"Bagdad, Irak","Des frappes non revendiquées, attribuées aux États-Unis, visent les milices chiites irakiennes après le 28 février. Abu Ali al-Askari, cadre du Kataeb Hezbollah, est tué à Bagdad le 14 mars.",Irak,"33.31,44.37",https://www.longwarjournal.org/archives/2026/03/strikes-continue-hitting-iran-backed-iraqi-militias-kataib-hezbollah-declares-temporary-us-embassy-ceasefire.php
2026-03,arme,reconnu,Frappes sur l'île de Kharg,"Île de Kharg, Iran","Les États-Unis bombardent des sites militaires de Kharg, terminal de 90 % des exportations pétrolières iraniennes, dont des dépôts de mines navales. Trump évoque ensuite la saisie de l'île.",Iran,"29.25,50.33",https://www.britannica.com/question/Why-did-the-U-S-strike-Kharg-Island-in-March-2026
2026-03,info,allégué,Garanties de sécurité contre le Donbass,"Kiev, Ukraine",Zelensky affirme que Washington conditionne les garanties de sécurité à un retrait ukrainien de tout le Donbass. Un responsable américain dément. Les États-Unis avaient fixé une échéance en juin pour un accord.,Ukraine,"50.45,30.52",https://www.france24.com/en/europe/20260325-us-ties-ukraine-security-guarantees-to-donbas-withdrawal
2026-03,arme,reconnu,La base navale de Bandar Abbas en flammes,"Bandar Abbas, Iran",Les frappes américaines visent le quartier général de la marine iranienne à Bandar Abbas. Le navire-base Makran et le destroyer Shahid Sayyad Shirazi sont montrés en feu. Trump annonce dix navires iraniens « neutralisés ».,Iran,"27.18,56.27",https://www.twz.com/news-features/irans-key-naval-base-on-strait-of-hormuz-set-ablaze-from-strikes
2026-03-01,arme,reconnu,Corvette iranienne coulée à Chabahar,"Chabahar, Iran",Le CENTCOM annonce qu'une corvette iranienne de classe Jamaran « coule au fond du golfe d'Oman » à son quai de Chabahar. Trump fait de l'« anéantissement » de la marine iranienne un objectif de la guerre.,Iran,"25.29,60.64",https://www.twz.com/news-features/irans-key-naval-base-on-strait-of-hormuz-set-ablaze-from-strikes
2026-03-01,arme,documenté,Frappes sur le site nucléaire de Natanz,"Natanz, Iran","Le complexe d'enrichissement de Natanz est frappé deux fois lors des raids israélo-américains. L'AIEA confirme le 3 mars des dégâts aux bâtiments d'entrée de l'usine souterraine, sans hausse de la radioactivité.",Iran,"33.72,51.73",https://www.aljazeera.com/news/2026/3/3/iaea-confirms-some-damage-to-irans-natanz-nuclear-facility
2026-03-01,crime,documenté,Frappe sur la place Niloufar à Téhéran,"Téhéran, Iran","Une frappe israélo-américaine détruit un commissariat de la place Niloufar, en plein centre de Téhéran : au moins 20 civils tués selon Amnesty International, qui réclame une enquête pour crimes de guerre.",Iran,"35.72,51.44",https://www.amnesty.org/en/latest/news/2026/09/usa-israel-iran-investigation-into-us-israeli-strikes-on-tehran-neighbourhoods-reveals-devastating-civilian-harm/
2026-03-01,crime,documenté,L'hôpital Gandhi de Téhéran endommagé,"Téhéran, Iran","Des frappes israélo-américaines endommagent lourdement l'hôpital Gandhi, dans le nord de Téhéran. Le directeur de l'OMS juge l'incident « extrêmement inquiétant ».",Iran,"35.75,51.41",https://www.aljazeera.com/news/2026/3/2/iran-demands-international-action-after-attacks-impact-hospitals-schools
2026-03-02,crime,documenté,Le palais du Golestan endommagé,"Téhéran, Iran","Une frappe sur la place Arg brise la salle des Glaces du palais du Golestan, classé à l'Unesco. À Ispahan, le palais Chehel Sotoun et la place Naqsh-e Jahan sont aussi touchés. Plus de 130 sites patrimoniaux sont endommagés en 40 jours.",Iran,"35.68,51.42",https://www.theartnewspaper.com/2026/03/10/unesco-sites-in-iranian-city-of-isfahan-and-others-across-countrydamaged-by-us-israel-strikes
2026-03-03,arme,reconnu,Raids conjoints avec l'Équateur,"Sucumbíos, Équateur","Des forces spéciales américaines appuient des opérations équatoriennes contre des groupes qualifiés de terroristes, dont un camp de dissidents des FARC près de la frontière colombienne.",Équateur,"0.09,-76.9",https://www.cbsnews.com/news/us-ecuador-joint-lethal-kinetic-strikes-combat-drug-trafficking-video/
2026-03-03,sabot,reconnu,Menaces commerciales contre l'Espagne,"Madrid, Espagne","Madrid ayant refusé l'usage des bases de Rota et Morón contre l'Iran, Trump menace de couper tout commerce avec l'Espagne. En juillet, il annonce avoir ordonné cet arrêt.",Espagne,"40.42,-3.7",https://www.aljazeera.com/amp/news/2026/3/3/spain-baulks-at-trumps-threat-to-cut-off-all-trade-over-nato-iran-stance
2026-03-04,arme,reconnu,Un sous-marin américain coule la frégate Dena,"Au large de Galle, Sri Lanka","Un sous-marin nucléaire américain torpille la frégate iranienne IRIS Dena au sud du Sri Lanka, au retour d'un exercice en Inde. Hegseth revendique l'attaque. Les restes de 84 marins sont rapatriés ; 32 sont secourus.",Iran,"5.7,80.2",https://news.usni.org/2026/03/04/video-u-s-attack-boat-torpedoes-iranian-frigate-off-sri-lanka
2026-03-06,info,reconnu,« Reddition sans conditions » exigée de l'Iran,"Téhéran, Iran","Trump écrit qu'il n'y aura « aucun accord avec l'Iran sauf une reddition sans conditions », suivie du choix de dirigeants « acceptables ».",Iran,"35.69,51.39",https://aljazeera.com/news/2026/3/6/no-deal-with-iran-except-unconditional-surrender-trump-says
2026-03-07,sabot,allégué,Usine de dessalement de Qeshm détruite,"Île de Qeshm, Iran","Abbas Araghchi accuse les États-Unis d'avoir frappé une usine de dessalement de l'île de Qeshm, privant 30 villages d'eau. Washington et Israël démentent.",Iran,"26.95,55.9",https://www.iranintl.com/en/202603072697
2026-03-09,arme,reconnu,Six morts dans une frappe dans le Pacifique,Pacifique oriental,Une frappe ordonnée par le général Francis Donovan contre une embarcation soupçonnée de narcotrafic tue six personnes dans le Pacifique est.,Colombie,"4.71,-74.07",https://www.justsecurity.org/124002/timeline-vessel-strikes-related-actions/
2026-03-09,crime,documenté,Frappe sur le quartier de Resalat à Téhéran,"Téhéran, Iran",Des frappes visent une installation du Bassidj dans le quartier densément peuplé de Resalat et détruisent trois immeubles voisins : au moins 16 civils tués selon Amnesty International.,Iran,"35.74,51.5",https://www.amnesty.org/en/latest/news/2026/09/usa-israel-iran-investigation-into-us-israeli-strikes-on-tehran-neighbourhoods-reveals-devastating-civilian-harm/
2026-03-10,arme,reconnu,Seize mouilleurs de mines détruits à Ormuz,"Détroit d'Ormuz, Iran","Le CENTCOM annonce avoir détruit plusieurs navires iraniens, dont 16 mouilleurs de mines près du détroit d'Ormuz, après la menace de Trump de représailles « jamais vues ».",Iran,"26.6,56.3",https://www.militarytimes.com/news/pentagon-congress/2026/03/11/us-destroys-16-iranian-mine-laying-boats-centcom-claims/
2026-03-14,crime,allégué,Quinze morts dans une usine d'Ispahan,"Ispahan, Iran","Selon les médias iraniens, une frappe israélo-américaine sur une usine d'Ispahan tue 15 personnes.",Iran,"32.65,51.67",https://www.aljazeera.com/news/2026/3/14/us-israeli-strike-kills-15-at-isfahan-factory-iranian-media-says
2026-03-17,mort,documenté,Assassinat d'Ali Larijani,"Téhéran, Iran","Le secrétaire du Conseil suprême de sécurité nationale est tué avec son fils par une frappe israélienne dans l'est de Téhéran, dans la guerre conjointe. Le chef du Bassidj Gholamreza Soleimani est tué le même jour.",Iran,"35.69,51.39",https://www.washingtonpost.com/world/2026/03/17/us-iran-israel-war-ali-larijani/
2026-03-19,arme,reconnu,Campagne aérienne pour rouvrir Ormuz,"Détroit d'Ormuz, Iran","Les États-Unis lancent une campagne aérienne contre les positions iraniennes pour rouvrir le détroit d'Ormuz, fermé par Téhéran depuis le début de la guerre.",Iran,"26.57,56.25",https://en.wikipedia.org/wiki/2026_Strait_of_Hormuz_campaign
2026-03-21,arme,documenté,Nouvelle frappe sur Natanz,"Natanz, Iran","Les États-Unis frappent de nouveau le site d'enrichissement de Natanz. L'AIEA confirme des dégâts aux bâtiments d'entrée, sans conséquence radiologique.",Iran,"33.72,51.73",https://www.aljazeera.com/news/2026/3/21/iran-says-us-and-israel-attacked-natanz-nuclear-facility
2026-03-21,info,reconnu,Ultimatum de 48 heures sur les centrales,"Téhéran, Iran","Trump menace de « détruire » les centrales électriques iraniennes, « en commençant par la plus grande », si Ormuz n'est pas rouvert sous 48 heures. Il repousse ensuite l'échéance de cinq jours.",Iran,"35.69,51.39",https://www.aljazeera.com/news/2026/3/22/trump-issues-48-hour-hormuz-strait-ultimatum-threatens-iran-power-plants
2026-03-26,mort,documenté,Le chef de la marine des Gardiens tué,"Bandar Abbas, Iran","L'amiral Alireza Tangsiri, chef de la marine des Gardiens de la révolution, est tué avec ses adjoints à Bandar Abbas par une frappe israélienne. L'armée américaine confirme l'opération.",Iran,"27.18,56.27",https://www.france24.com/en/middle-east/20260326-israeli-strike-kills-iran-navy-commander-alireza-tangsiri
2026-03-31,arme,reconnu,Bombes anti-bunker sur un dépôt d'Ispahan,"Ispahan, Iran",Des avions américains larguent des bombes anti-bunker de 2 000 livres sur un grand dépôt de munitions près du mont Soffeh à Ispahan. Trump diffuse les images des explosions.,Iran,"32.6,51.7",https://www.unitedagainstnucleariran.com/news/us-drops-bunker-buster-bombs-on-iranian-ammo-depot
2026-04,sabot,reconnu,Sanctions contre la raffinerie chinoise Hengli,"Dalian, Chine","Le Trésor sanctionne Hengli, grande raffinerie privée de Dalian, pour achat de pétrole iranien, ainsi qu'une quarantaine d'armateurs et de navires. Pékin riposte par une injonction de blocage.",Chine,"38.91,121.61",https://www.aljazeera.com/news/2026/4/25/us-sanctions-chinas-teapot-refinery-for-buying-iranian-oil
2026-04,sabot,reconnu,Le pétrolier Majestic X saisi,Océan Indien,"L'armée américaine aborde dans l'océan Indien le superpétrolier Majestic X, sanctionné pour transport de brut iranien. Le ministère de la Justice engage une procédure de confiscation.",Iran,"5.0,90.0",https://www.seatrade-maritime.com/security/us-seizes-iran-linked-tanker-majestic-x
2026-04-02,crime,reconnu,Destruction du pont B1 de Karaj,"Karaj, Iran","L'armée américaine détruit le pont B1, le plus haut du Moyen-Orient, en invoquant un usage militaire. Huit civils sont tués et 95 blessés, dont des familles fêtant Sizdah bedar. Une seconde frappe aurait visé les secours.",Iran,"35.82,50.99",https://www.euronews.com/video/2026/04/03/iran-reeling-after-b1-bridge-strike-as-trump-threatens-further-attacks
2026-04-03,crime,documenté,L'OMS recense 20 attaques contre la santé,"Téhéran, Iran","L'OMS dénombre plus de 20 attaques contre des établissements de santé iraniens depuis le 1er mars, pendant la campagne israélo-américaine.",Iran,"35.69,51.39",https://www.aljazeera.com/news/2026/4/3/more-than-20-attacks-on-iranian-healthcare-facilities-since-march-1-who
2026-04-05,arme,reconnu,Menace de détruire centrales et ponts iraniens,"Téhéran, Iran","Trump menace de détruire toutes les centrales électriques et tous les ponts d'Iran si le détroit d'Ormuz n'est pas rouvert, puis prévient qu'« une civilisation entière mourra ce soir ». Des juristes y voient la menace d'un crime de guerre.",Iran,"35.69,51.39",https://www.cnn.com/2026/04/07/middleeast/iran-trump-deadline-infrastructure-what-we-know
2026-04-07,arme,reconnu,Nouvelles frappes sur Kharg,"Île de Kharg, Iran","Juste avant le cessez-le-feu, l'armée américaine frappe de nouveau des cibles militaires sur l'île de Kharg, cœur des exportations pétrolières iraniennes.",Iran,"29.25,50.33",https://www.npr.org/2026/04/07/nx-s1-5776495/u-s-military-launches-strikes-on-irans-kharg-island
2026-04-07,info,reconnu,Vance fait campagne pour Orbán à Budapest,"Budapest, Hongrie",Le vice-président JD Vance participe à un meeting de Viktor Orbán cinq jours avant les législatives. Trump promet la « pleine puissance économique » américaine à la Hongrie si Orbán en a besoin.,Hongrie,"47.5,19.04",https://www.aljazeera.com/amp/news/2026/4/7/vance-heads-to-budapest-to-shore-up-orbans-support-before-sunday-vote
2026-04-07,crime,documenté,Bilan de HRANA : 1 701 civils tués,"Téhéran, Iran","L'ONG HRANA recense 3 636 morts en Iran dus aux frappes au 7 avril, dont 1 701 civils. Les estimations divergent fortement selon les sources.",Iran,"35.69,51.39",https://time.com/article/2026/04/21/iran-war-civilians-killed/
2026-04-11,info,reconnu,Échec des pourparlers d'Islamabad,"Islamabad, Pakistan","JD Vance, Witkoff et Kushner négocient plus de 12 heures avec Ghalibaf et Araghchi. Washington exige la fin de tout enrichissement et l'exportation de l'uranium enrichi. Vance repart le 12 avril sans accord.",Iran,"35.69,51.39",https://time.com/article/2026/04/13/iran-US-peace-talks-islamabad-war-nuclear/
2026-04-13,sabot,reconnu,Blocus naval des ports iraniens,Golfe d'Oman,"Après l'échec des pourparlers d'Islamabad, la marine américaine impose un blocus à tout navire entrant ou sortant des ports iraniens. Le Pentagone chiffre les pertes pétrolières iraniennes à 4,8 milliards de dollars au 1er mai.",Iran,"27.18,56.28",https://www.npr.org/2026/04/12/nx-s1-5782538/u-s-iran-peace-talks-islamabad-collapse
2026-04-19,arme,reconnu,Le cargo iranien Touska saisi au canon,Golfe d'Oman,Le destroyer USS Spruance tire dans la salle des machines du porte-conteneurs Touska pour l'immobiliser ; des Marines l'abordent et en prennent le contrôle.,Iran,"27.18,56.28",https://en.wikipedia.org/wiki/Touska
2026-04-21,sabot,reconnu,Le pétrolier Tifani arraisonné,Océan Indien,"Des forces américaines abordent le pétrolier Tifani, chargé de 2 millions de barils iraniens à Kharg, entre le Sri Lanka et l'Indonésie, à plus de 3 000 km du Golfe.",Iran,"5.0,90.0",https://www.aljazeera.com/news/2026/4/21/us-forces-detain-iran-linked-tanker-tifani-with-ceasefire-talks-on-edge
2026-04-29,sabot,reconnu,Mise en garde aux banques sur les raffineries,"Shandong, Chine",Le Trésor prévient les institutions financières qu'elles risquent des sanctions si elles traitent avec les raffineries indépendantes chinoises qui achètent du pétrole iranien.,Chine,"37.45,118.5",https://www.cnbc.com/2026/04/29/us-treasury-warns-sanctions-china-refineries-iran-oil-malaysian-blend.html
2026-05,sabot,reconnu,Sanctions contre des responsables cubains,"La Havane, Cuba","Trump signe un décret sanctionnant des responsables du gouvernement cubain accusés de répression et de menacer la sécurité des États-Unis, en plein blocus pétrolier.",Cuba,"23.11,-82.37",https://www.whitehouse.gov/fact-sheets/2026/05/fact-sheet-president-donald-j-trump-imposes-sanctions-on-cuban-regime-officials-responsible-for-repression-and-threats-to-u-s-national-security-and-foreign-policy/
2026-05,sabot,reconnu,Le pétrolier Celestial Sea dérouté,Golfe d'Oman,Des Marines abordent le pétrolier iranien Celestial Sea dans le golfe d'Oman et le forcent à changer de cap. Le blocus a alors dérouté 91 navires et en a immobilisé quatre.,Iran,"24.5,58.0",https://www.navytimes.com/news/your-navy/2026/05/20/us-marines-board-and-redirect-iranian-flagged-tanker-amid-ongoing-blockade/
2026-05-04,arme,reconnu,Opération « Project Freedom » à Ormuz,Détroit d'Ormuz,"Des destroyers américains escortent des navires marchands dans le détroit d'Ormuz, sous couverture aérienne. L'opération est suspendue deux jours plus tard.",Iran,"26.57,56.25",https://www.cnn.com/2026/05/04/middleeast/project-freedom-hormuz-guide-ships-intl-hnk-ml
2026-05-06,arme,reconnu,Un chasseur tire sur le pétrolier Hasna,"Détroit d'Ormuz, Iran","Un F/A-18 de l'USS Abraham Lincoln tire sur le pétrolier iranien Hasna, à vide, qui tentait de franchir le blocus malgré les avertissements.",Iran,"26.5,56.4",https://www.navytimes.com/news/your-navy/2026/05/06/us-forces-fire-at-disable-iran-flagged-tanker-trying-to-evade-blockade/
2026-05-07,arme,reconnu,Frappes sur Téhéran et le sud de l'Iran,"Téhéran, Iran","En plein cessez-le-feu, les États-Unis frappent plusieurs sites militaires dans le sud de l'Iran et à Téhéran, en réponse à des tirs contre des navires de guerre américains.",Iran,"35.69,51.39",https://en.wikipedia.org/wiki/7_May_2026_United_States_strikes_on_Iran
2026-05-16,mort,reconnu,Abu-Bilal al-Minuki tué au Nigeria,"Nord-est, Nigeria","Une opération conjointe américano-nigériane contre l'État islamique en Afrique de l'Ouest tue Abu-Bilal al-Minuki, présenté par Trump comme le numéro deux mondial de l'organisation.",Nigeria,"11.85,13.15",https://www.aljazeera.com/news/2026/5/16/trump-says-isil-second-in-command-abu-bilal-al-minuki-killed
2026-05-20,info,reconnu,Inculpation de Raúl Castro,"Miami, États-Unis","La justice fédérale inculpe l'ancien dirigeant cubain pour meurtre et complot, trente ans après la destruction des avions de Hermanos al Rescate. L'annonce accompagne la campagne de pression sur La Havane.",Cuba,"23.11,-82.37",https://www.npr.org/2026/05/20/g-s1-122383/us-cuba-raul-castro-indictment
2026-05-21,arme,reconnu,Trump menace Cuba d'une intervention,"La Havane, Cuba","Trump déclare qu'il sera peut-être « celui qui le fera » à propos d'une intervention à Cuba, tandis qu'un renforcement naval est signalé au large de l'île. Rubio dit douter de la diplomatie.",Cuba,"23.11,-82.37",https://www.npr.org/2026/05/22/nx-s1-5830999/rubio-diplomacy-cuba-trump-military-action
2026-05-25,arme,reconnu,Frappes sur des lanceurs près d'Ormuz,"Détroit d'Ormuz, Iran","Malgré le cessez-le-feu, les forces américaines frappent des sites de lancement de missiles et des bateaux soupçonnés de poser des mines. Le Pentagone parle de légitime défense.",Iran,"26.9,56.3",https://www.airandspaceforces.com/us-strikes-drone-site-iran-says-broader-ceasefire-still-place/
2026-05-28,arme,reconnu,Frappe sur une station de drones à Bandar Abbas,"Bandar Abbas, Iran",Le CENTCOM abat quatre drones iraniens puis frappe leur station de contrôle au sol près de l'aéroport de Bandar Abbas. Les Gardiens ripostent contre une base aérienne américaine.,Iran,"27.22,56.37",https://www.aljazeera.com/news/2026/5/28/us-attacks-bandar-abbas-again-why-is-the-port-so-important-for-iran
2026-06,info,reconnu,Trump soutient De la Espriella en Colombie,"Bogota, Colombie","Avant le second tour du 21 juin, Trump apporte son soutien « complet et total » au candidat de droite dure Abelardo de la Espriella. Le gouvernement Petro dénonce une ingérence électorale.",Colombie,"4.71,-74.07",https://www.france24.com/en/americas/20260603-colombia-presidential-frontrunner-vows-closer-us-ties-after-trump-endorsement
2026-06,sabot,reconnu,La compagnie pétrolière cubaine sanctionnée,"La Havane, Cuba","L'administration Trump sanctionne l'entreprise pétrolière d'État Cupet, alors que le blocus sur le carburant paralyse l'économie cubaine.",Cuba,"23.11,-82.37",https://www.aljazeera.com/news/2026/6/11/trump-administration-sanctions-cubas-national-oil-company-blasts-castros
2026-06-08,sabot,reconnu,Plus de 100 responsables nicaraguayens sanctionnés,"Managua, Nicaragua",Washington sanctionne plus d'une centaine de responsables du régime Ortega-Murillo et leurs proches après la mort en détention du dirigeant autochtone Brooklyn Rivera.,Nicaragua,"12.13,-86.25",https://en.wikipedia.org/wiki/2026_in_Nicaragua
2026-06-17,info,reconnu,Mémorandum d'Islamabad avec l'Iran,"Téhéran, Iran","Trump et Pezeshkian signent à distance un protocole en 14 points : levée du blocus, réouverture d'Ormuz et 60 jours pour négocier sanctions et nucléaire. Il s'effondre en juillet et expire le 17 août.",Iran,"35.69,51.39",https://www.cnn.com/2026/06/17/middleeast/us-iran-war-mou-text-intl
2026-07-07,arme,reconnu,Frappes sur plus de 80 cibles iraniennes,"Bandar Abbas, Iran","Après des attaques iraniennes contre trois pétroliers, le CENTCOM frappe plus de 80 sites militaires sur la côte sud, dont Bandar Abbas et Qeshm. Trump déclare le cessez-le-feu terminé.",Iran,"27.18,56.27",https://www.cnn.com/2026/07/07/world/live-news/nato-summit-trump
2026-07-13,sabot,reconnu,Péage de 20 % à Ormuz et retour du blocus,"Détroit d'Ormuz, Iran","Trump annonce que les États-Unis deviendront « gardiens » d'Ormuz et prélèveront 20 % sur toutes les cargaisons, puis renonce au péage le lendemain mais rétablit le blocus des ports iraniens.",Iran,"26.6,56.3",https://www.aljazeera.com/news/2026/7/13/trump-says-us-will-become-guardian-of-strait-of-hormuz-and-collect-tolls
2026-07-15,sabot,reconnu,Droits de douane de 25 % sur le Brésil,"Brasilia, Brésil","Au terme d'une enquête Section 301 visant notamment le paiement électronique et la lutte anticorruption, Washington impose 25 % de droits sur la plupart des produits brésiliens, à trois mois de la présidentielle.",Brésil,"-15.79,-47.88",https://ustr.gov/about/policy-offices/press-office/press-releases/2026/july/ustr-section-301-action-brazils-unreasonable-acts-policies-and-practices
2026-07-17,arme,reconnu,Ponts et centrales frappés dans le sud,"Bandar Abbas, Iran","Les États-Unis frappent des ponts, des installations électriques et une tour de surveillance autour de Bandar Abbas, et étendent leurs raids au nord de l'Iran. Téhéran compte au moins 46 morts depuis la reprise des hostilités.",Iran,"27.18,56.27",https://www.npr.org/2026/07/18/nx-s1-5898916/us-iran-escalate-strikes
2026-07-18,sabot,allégué,Usine de dessalement de Bunji détruite,"Jask, Iran","Selon les autorités iraniennes, des frappes américaines détruisent la station de pompage et le transformateur de l'usine de dessalement de Bunji : 20 villages, environ 10 000 personnes, privés d'eau.",Iran,"25.64,57.77",https://www.middleeasteye.net/news/us-strikes-leave-10000-iranians-without-water-kuwait-desalination-plant-burns
2026-07-29,arme,reconnu,Frappes américano-saoudiennes en Irak,"Ninive, Irak",Le CENTCOM et l'aviation saoudienne frappent des sites des Forces de mobilisation populaire dans plusieurs provinces irakiennes : au moins 20 combattants tués. Bagdad dénonce une violation de sa souveraineté.,Irak,"36.34,43.13",https://www.aljazeera.com/news/2026/7/29/iraq-calls-saudi-us-attacks-flagrant-violation-of-sovereignty
2026-07-29,sabot,reconnu,Sanctions contre le « racket » d'Ormuz,"Téhéran, Iran","Le Trésor sanctionne deux sociétés iraniennes, dont HormuzSafe, qui vendent une « assurance » obligatoire aux navires traversant Ormuz, ainsi que huit armateurs de la flotte fantôme.",Iran,"35.69,51.39",https://www.bloomberg.com/news/articles/2026-07-29/us-sanctions-iran-extortion-network-targeting-hormuz-shipping
2026-08,sabot,reconnu,Nouvelles sanctions contre l'économie cubaine,"La Havane, Cuba","Washington sanctionne neuf entreprises publiques cubaines des mines, de la métallurgie et de la construction, dont le ministère de la Construction, en plus du blocus pétrolier.",Cuba,"23.11,-82.37",https://www.aljazeera.com/news/2026/8/20/us-pummels-cuban-economy-with-new-sanctions-on-mining-construction
2026-08,info,reconnu,Subventions pour la droite européenne,"Bruxelles, Belgique",Le département d'État ouvre près de 5 millions de dollars de subventions pour des groupes européens luttant contre la « censure » et l'immigration au nom de « l'héritage civilisationnel occidental ».,Belgique,"50.85,4.35",https://www.state.gov/releases/bureau-of-democracy-human-rights-and-labor/2026/08/notice-of-funding-opportunity-nofo-promoting-civilizational-values
2026-08,arme,reconnu,Frappes sur l'île de Larak,"Île de Larak, Iran","Les États-Unis détruisent deux lance-roquettes iraniens sur l'île de Larak, accusés de préparer des tirs de mines vers Ormuz. L'Iran riposte contre des bases en Jordanie.",Iran,"26.86,56.36",https://www.cnn.com/2026/08/30/politics/us-iran-strikes-larak-island
2026-08-18,sabot,reconnu,Sanctions contre la présidente de la CPI,"La Haye, Pays-Bas","Washington sanctionne la présidente de la Cour pénale internationale, la juge japonaise Tomoko Akane, et un avocat du parquet. La CPI dénonce une « attaque flagrante » contre son indépendance.",Pays-Bas,"52.08,4.3",https://www.aljazeera.com/news/2026/8/18/us-sanctions-international-criminal-court-president-and-trial-lawyer
2026-08-18,sabot,reconnu,La présidente de la CPI sanctionnée,"La Haye, Pays-Bas","Washington sanctionne la juge Tomoko Akane, présidente de la CPI, et un juriste de la Cour, portant à neuf le nombre de juges visés.",Pays-Bas,"52.08,4.3",https://www.aljazeera.com/news/2026/8/18/us-sanctions-international-criminal-court-president-and-trial-lawyer
2026-08-22,sabot,reconnu,Droits de douane de 50 % sur le Canada,"Ottawa, Canada","Après l'échec des négociations, Washington impose 50 % de droits sur 20 milliards de dollars de produits canadiens. Ottawa riposte à l'identique le 8 septembre.",Canada,"45.42,-75.7",https://www.aljazeera.com/news/2026/8/22/us-imposes-50-tariffs-on-20bn-worth-of-canadian-goods-after-talks-fail
2026-08-24,sabot,reconnu,Opération « Economic Outcast » contre l'Iran,"Téhéran, Iran",Scott Bessent lance un « D-Day économique » pour couper les dernières ressources de l'Iran et menace les pays tiers de sanctions secondaires. Plus de 60 entités et navires sont sanctionnés.,Iran,"35.69,51.39",https://www.aljazeera.com/news/2026/8/24/trump-administration-announces-global-economic-war-on-iran
2026-08-28,sabot,reconnu,Accord sur 65 milliards de barils vénézuéliens,"Caracas, Venezuela","Trump annonce un accord qui donne aux États-Unis le contrôle majoritaire de plus de 65 milliards de barils de réserves vénézuéliennes, négocié avec Delcy Rodríguez, dont Washington contrôle déjà les recettes pétrolières.",Venezuela,"10.5,-66.9",https://www.npr.org/2026/08/28/nx-s1-5948229/trump-says-u-s-has-entered-deal-with-venezuela-to-take-control-of-65-billion-barrels-of-oil-reserves
2026-09,arme,reconnu,Engagement des 400 millions de l'USAI,"Kyiv, Ukraine","Avant la fin de l'exercice budgétaire, l'administration Trump engage 307 des 400 millions de dollars votés pour l'USAI et prévoit d'engager le reste avant le 30 septembre.",Ukraine,"50.45,30.52",https://www.defensenews.com/global/europe/2026/09/25/trump-administration-obligates-307m-for-military-aid-to-ukraine/
2026-09,crime,documenté,L'enquête du Pentagone sur Minab fuite,"Minab, Iran","Une enquête interne non publiée du Pentagone attribue la frappe de Minab à une « cascade d'échecs évitables » : renseignement périmé, réduction des spécialistes des dommages civils et dépendance à l'outil d'IA Maven de Palantir.",Iran,"27.15,57.08",https://www.bloomberg.com/graphics/2026-iran-school-attack/
2026-09-01,arme,reconnu,Nouvelle campagne de frappes dans le sud de l'Iran,Sud de l'Iran,"Les États-Unis lancent une série de frappes contre les Gardiens de la révolution dans le sud de l'Iran, revenant à l'action militaire après la phase de sanctions.",Iran,"27.18,56.27",https://en.wikipedia.org/wiki/September_2026_United_States_strikes_on_Iran
2026-09-01,crime,documenté,Frappe sur un mariage à Kuhestak,"Kuhestak, Iran","Une frappe américaine visant selon le CENTCOM les Gardiens touche une maison où se tenait un mariage : cinq morts, dont deux enfants, et des dizaines de blessés. La mission d'enquête de l'ONU appelle à cesser les hostilités.",Iran,"26.8,57.02",https://www.ohchr.org/en/press-releases/2026/09/iran-un-fact-finding-mission-calls-immediate-cessation-hostilities-after
2026-09-05,arme,reconnu,Trois pétroliers iraniens frappés,"Île de Kharg, Iran","Après des tirs de missiles contre deux navires de guerre, le CENTCOM frappe trois pétroliers iraniens, près de Kharg, de Jask et dans le golfe d'Oman, présentés comme une « flotte fantôme » finançant les Gardiens.",Iran,"29.24,50.32",https://www.npr.org/2026/09/05/nx-s1-5959159/us-iran-warships-targeted
2026-09-08,arme,reconnu,Cinq pétroliers iraniens détruits,"Golfe Persique, Iran",L'armée américaine annonce avoir détruit cinq pétroliers iraniens en réponse à de nouvelles attaques contre ses navires. L'Iran tire des missiles vers la Jordanie.,Iran,"26.6,56.3",https://www.npr.org/2026/09/09/nx-s1-5962641/us-destroy-iranian-oil-tankers
2026-09-15,info,reconnu,Restrictions de visa contre des Sud-Africains,"Pretoria, Afrique du Sud","Washington restreint les visas de Sud-Africains accusés de soutenir la discrimination raciale, les expropriations sans indemnité et l'incitation à la violence. Pretoria exige le respect de sa souveraineté.",Afrique du Sud,"-25.75,28.19",https://www.dailymaverick.co.za/article/2026-09-16-respect-our-sovereignty-sa-responds-to-latest-us-sanctions/
2026-09-17,crime,documenté,L'ONU conclut à des crimes de guerre américains,"Genève, Suisse","La mission d'enquête de l'ONU sur l'Iran trouve des « motifs raisonnables » de croire que les États-Unis ont commis des attaques indiscriminées, crimes de guerre, notamment à Minab et Lamerd. Washington rejette le rapport.",Iran,"27.15,57.08",https://www.aljazeera.com/news/2026/9/17/un-fact-finding-mission-says-us-committed-possible-war-crimes-in-iran
2026-09-18,sabot,reconnu,Loi Graham sur les sanctions contre la Russie,"Moscou, Russie",Trump signe la loi Lindsey O. Graham qui codifie et étend les sanctions contre la Russie et prévoit des droits de douane jusqu'à 100 % sur les pays achetant de l'énergie russe. Elle prolonge aussi l'Iran Sanctions Act.,Russie,"55.75,37.62",https://www.whitehouse.gov/briefings-statements/2026/09/congressional-bill-h-r-5334-signed-into-law/
2026-09-25,arme,reconnu,Licences Patriot accordées à l'Ukraine,"Kyiv, Ukraine","Selon Zelensky, Trump approuve l'octroi à l'Ukraine de licences de production de missiles Patriot. La Maison-Blanche ne l'a pas confirmé publiquement.",Ukraine,"50.45,30.52",https://www.cnn.com/2026/09/25/europe/trump-zelensky-patriots-manufacture-intl
2026-09-26,info,reconnu,Trump rejette le plan iranien pour Ormuz,"Téhéran, Iran","Trump rejette le plan en sept jours présenté par Araghchi à l'ONU : levée du blocus et des sanctions pétrolières, dégel des fonds, puis réouverture d'Ormuz. Il juge l'offre « inacceptable ».",Iran,"35.69,51.39",https://www.aljazeera.com/news/2026/9/26/trump-rejects-irans-seven-day-roadmap-to-reopen-strait-of-hormuz
2026-09-27,sabot,reconnu,Pétrole iranien saisi et droit des prises,"Houston, États-Unis","Les pétroliers Tifani et Majestic X, saisis en avril avec environ 600 millions de dollars de brut, font route vers les États-Unis. La Justice ressuscite le droit des prises maritimes pour les confisquer.",Iran,"35.69,51.39",https://fortune.com/2026/09/27/us-600-million-iranian-oil-seizure-naval-blockade-prize-law/
